pref_comfort,pref_sport,pref_siguranta,pref_economie,pref_estetica,budget,km_zi,car_pret,car_putere_cp,car_consum_mediu,car_emisii_co2,car_volum_portbagaj,car_numar_locuri,car_rating_siguranta,car_rating_comfort,car_rating_sport,car_rating_economie,car_rating_estetica,car_is_electric,car_is_hybrid,car_is_suv,car_is_coupe,car_is_sedan,price_ratio,score,label
8.0,51.2,22.4,15.5,2.9,15000,10,6500.0,73,6.4,149.0,510,5,3.0,2.5,1.5,4.8,2.0,0,0,0,0,1,0.433,47.7,0
8.0,51.2,22.4,15.5,2.9,15000,10,9800.0,91,6.0,137.0,528,5,3.4,3.0,1.5,4.7,2.8,0,0,0,0,1,0.653,53.7,0
8.0,51.2,22.4,15.5,2.9,15000,10,7200.0,73,6.2,144.0,328,5,3.2,2.5,1.8,4.6,2.5,0,0,0,0,0,0.48,53.2,0
8.0,51.2,22.4,15.5,2.9,15000,10,13500.0,91,6.1,139.0,328,5,3.4,3.0,2.0,4.5,3.2,0,0,0,0,0,0.9,59.3,1
8.0,51.2,22.4,15.5,2.9,15000,10,14000.0,115,5.7,150.0,445,5,3.0,3.0,2.0,4.2,2.8,0,0,1,0,0,0.933,54.9,0
8.0,51.2,22.4,15.5,2.9,15000,10,15800.0,110,6.4,146.0,708,7,3.2,3.2,1.5,4.3,3.0,0,0,0,0,0,1.053,47.6,0
8.0,51.2,22.4,15.5,2.9,15000,10,12000.0,65,14.5,0.0,290,4,2.8,2.2,1.2,4.9,2.5,1,0,0,0,0,0.8,49.4,0
8.0,51.2,22.4,15.5,2.9,15000,10,11500.0,100,5.8,132.0,391,5,4.2,3.5,2.5,4.3,3.5,0,0,0,0,0,0.767,69.9,1
8.0,51.2,22.4,15.5,2.9,15000,10,16000.0,140,4.3,98.0,391,5,4.2,3.8,2.8,4.7,3.8,0,1,0,0,0,1.067,68.7,1
8.0,51.2,22.4,15.5,2.9,15000,10,13000.0,115,4.8,128.0,384,5,4.0,3.5,2.8,4.2,3.3,0,0,0,0,0,0.867,72.9,1
8.0,51.2,22.4,15.5,2.9,15000,10,14500.0,100,5.9,136.0,309,5,4.2,3.5,2.5,4.2,4.0,0,0,0,0,0,0.967,68.2,1
8.0,51.2,22.4,15.5,2.9,15000,10,16500.0,100,5.8,132.0,309,5,4.2,3.5,2.5,4.2,4.2,0,0,0,0,0,1.1,68.3,1
8.0,51.2,22.4,15.5,2.9,15000,10,12000.0,83,5.8,132.0,300,5,3.5,3.2,1.5,4.5,3.0,0,0,0,0,0,0.8,53.1,0
8.0,51.2,22.4,15.5,2.9,15000,10,14000.0,100,5.8,132.0,309,5,4.0,3.3,2.5,4.3,3.3,0,0,0,0,0,0.933,64.2,1
8.0,51.2,22.4,15.5,2.9,15000,10,10500.0,100,5.9,136.0,292,5,3.8,3.0,3.0,4.3,3.2,0,0,0,0,0,0.7,69.7,1
8.0,51.2,22.4,15.5,2.9,15000,10,15000.0,125,6.0,137.0,375,5,4.2,3.5,3.3,4.0,3.5,0,0,0,0,0,1.0,74.5,1
8.0,51.2,22.4,15.5,2.9,15000,10,13000.0,95,5.7,130.0,351,5,4.2,3.5,2.5,4.3,3.5,0,0,0,0,0,0.867,71.8,1
8.0,51.2,22.4,15.5,2.9,15000,10,14500.0,110,5.5,126.0,380,5,4.0,3.3,2.5,4.5,3.2,0,0,0,0,0,0.967,66.4,1
8.0,51.2,22.4,15.5,2.9,15000,10,13500.0,110,5.6,128.0,355,5,4.0,3.2,2.8,4.3,3.5,0,0,0,0,0,0.9,70.1,1
8.0,51.2,22.4,15.5,2.9,15000,10,15000.0,116,3.8,87.0,286,5,4.5,3.3,2.2,4.8,3.2,0,1,0,0,0,1.0,64.0,1
8.0,51.2,22.4,15.5,2.9,15000,10,13000.0,100,5.8,132.0,351,5,4.0,3.2,2.5,4.3,3.5,0,0,0,0,0,0.867,68.3,1
8.0,51.2,22.4,15.5,2.9,15000,10,10500.0,67,4.8,109.0,255,5,3.2,2.5,1.5,4.8,2.8,0,0,0,0,0,0.7,50.8,0
8.0,51.2,22.4,15.5,2.9,15000,10,10000.0,100,5.4,123.0,300,5,3.8,2.8,2.0,4.5,3.0,0,0,0,0,0,0.667,61.7,1
8.0,51.2,22.4,15.5,2.9,15000,10,12000.0,69,5.2,119.0,185,4,3.5,2.5,1.5,4.5,4.0,0,0,0,0,0,0.8,52.5,0
8.0,51.2,22.4,15.5,2.9,15000,10,14000.0,100,6.2,141.0,520,5,3.5,3.0,2.0,4.2,2.8,0,0,0,0,1,0.933,56.8,1
8.0,51.2,22.4,15.5,2.9,15000,10,12000.0,83,5.2,119.0,265,5,3.5,2.8,2.5,4.8,3.0,0,0,0,0,0,0.8,65.1,1
3.9,1.4,45.8,20.9,28.0,15000,50,6500.0,73,6.4,149.0,510,5,3.0,2.5,1.5,4.8,2.0,0,0,0,0,1,0.433,59.5,1
3.9,1.4,45.8,20.9,28.0,15000,50,9800.0,91,6.0,137.0,528,5,3.4,3.0,1.5,4.7,2.8,0,0,0,0,1,0.653,71.6,1
3.9,1.4,45.8,20.9,28.0,15000,50,7200.0,73,6.2,144.0,328,5,3.2,2.5,1.8,4.6,2.5,0,0,0,0,0,0.48,66.6,1
3.9,1.4,45.8,20.9,28.0,15000,50,13500.0,91,6.1,139.0,328,5,3.4,3.0,2.0,4.5,3.2,0,0,0,0,0,0.9,71.3,1
3.9,1.4,45.8,20.9,28.0,15000,50,14000.0,115,5.7,150.0,445,5,3.0,3.0,2.0,4.2,2.8,0,0,1,0,0,0.933,66.1,1
3.9,1.4,45.8,20.9,28.0,15000,50,15800.0,110,6.4,146.0,708,7,3.2,3.2,1.5,4.3,3.0,0,0,0,0,0,1.053,69.6,1
3.9,1.4,45.8,20.9,28.0,15000,50,12000.0,65,14.5,0.0,290,4,2.8,2.2,1.2,4.9,2.5,1,0,0,0,0,0.8,62.0,1
3.9,1.4,45.8,20.9,28.0,15000,50,11500.0,100,5.8,132.0,391,5,4.2,3.5,2.5,4.3,3.5,0,0,0,0,0,0.767,82.8,2
3.9,1.4,45.8,20.9,28.0,15000,50,16000.0,140,4.3,98.0,391,5,4.2,3.8,2.8,4.7,3.8,0,1,0,0,0,1.067,83.7,2
3.9,1.4,45.8,20.9,28.0,15000,50,13000.0,115,4.8,128.0,384,5,4.0,3.5,2.8,4.2,3.3,0,0,0,0,0,0.867,80.8,2
3.9,1.4,45.8,20.9,28.0,15000,50,14500.0,100,5.9,136.0,309,5,4.2,3.5,2.5,4.2,4.0,0,0,0,0,0,0.967,79.4,2
3.9,1.4,45.8,20.9,28.0,15000,50,16500.0,100,5.8,132.0,309,5,4.2,3.5,2.5,4.2,4.2,0,0,0,0,0,1.1,80.3,2
3.9,1.4,45.8,20.9,28.0,15000,50,12000.0,83,5.8,132.0,300,5,3.5,3.2,1.5,4.5,3.0,0,0,0,0,0,0.8,74.6,1
3.9,1.4,45.8,20.9,28.0,15000,50,14000.0,100,5.8,132.0,309,5,4.0,3.3,2.5,4.3,3.3,0,0,0,0,0,0.933,77.0,2
3.9,1.4,45.8,20.9,28.0,15000,50,10500.0,100,5.9,136.0,292,5,3.8,3.0,3.0,4.3,3.2,0,0,0,0,0,0.7,77.4,2
3.9,1.4,45.8,20.9,28.0,15000,50,15000.0,125,6.0,137.0,375,5,4.2,3.5,3.3,4.0,3.5,0,0,0,0,0,1.0,79.1,2
3.9,1.4,45.8,20.9,28.0,15000,50,13000.0,95,5.7,130.0,351,5,4.2,3.5,2.5,4.3,3.5,0,0,0,0,0,0.867,81.1,2
3.9,1.4,45.8,20.9,28.0,15000,50,14500.0,110,5.5,126.0,380,5,4.0,3.3,2.5,4.5,3.2,0,0,0,0,0,0.967,77.1,2
3.9,1.4,45.8,20.9,28.0,15000,50,13500.0,110,5.6,128.0,355,5,4.0,3.2,2.8,4.3,3.5,0,0,0,0,0,0.9,81.1,2
3.9,1.4,45.8,20.9,28.0,15000,50,15000.0,116,3.8,87.0,286,5,4.5,3.3,2.2,4.8,3.2,0,1,0,0,0,1.0,86.0,2
3.9,1.4,45.8,20.9,28.0,15000,50,13000.0,100,5.8,132.0,351,5,4.0,3.2,2.5,4.3,3.5,0,0,0,0,0,0.867,84.1,2
3.9,1.4,45.8,20.9,28.0,15000,50,10500.0,67,4.8,109.0,255,5,3.2,2.5,1.5,4.8,2.8,0,0,0,0,0,0.7,71.4,1
3.9,1.4,45.8,20.9,28.0,15000,50,10000.0,100,5.4,123.0,300,5,3.8,2.8,2.0,4.5,3.0,0,0,0,0,0,0.667,73.8,1
3.9,1.4,45.8,20.9,28.0,15000,50,12000.0,69,5.2,119.0,185,4,3.5,2.5,1.5,4.5,4.0,0,0,0,0,0,0.8,80.0,2
3.9,1.4,45.8,20.9,28.0,15000,50,14000.0,100,6.2,141.0,520,5,3.5,3.0,2.0,4.2,2.8,0,0,0,0,1,0.933,66.2,1
3.9,1.4,45.8,20.9,28.0,15000,50,12000.0,83,5.2,119.0,265,5,3.5,2.8,2.5,4.8,3.0,0,0,0,0,0,0.8,76.4,2
0.4,60.9,31.1,4.2,3.5,100000,80,6500.0,73,6.4,149.0,510,5,3.0,2.5,1.5,4.8,2.0,0,0,0,0,1,0.065,42.2,0
0.4,60.9,31.1,4.2,3.5,100000,80,9800.0,91,6.0,137.0,528,5,3.4,3.0,1.5,4.7,2.8,0,0,0,0,1,0.098,41.1,0
0.4,60.9,31.1,4.2,3.5,100000,80,7200.0,73,6.2,144.0,328,5,3.2,2.5,1.8,4.6,2.5,0,0,0,0,0,0.072,42.7,0
0.4,60.9,31.1,4.2,3.5,100000,80,13500.0,91,6.1,139.0,328,5,3.4,3.0,2.0,4.5,3.2,0,0,0,0,0,0.135,51.0,0
0.4,60.9,31.1,4.2,3.5,100000,80,14000.0,115,5.7,150.0,445,5,3.0,3.0,2.0,4.2,2.8,0,0,1,0,0,0.14,49.0,0
0.4,60.9,31.1,4.2,3.5,100000,80,19500.0,130,6.8,155.0,445,5,3.5,3.2,2.2,4.0,3.5,0,0,1,0,0,0.195,59.8,1
0.4,60.9,31.1,4.2,3.5,100000,80,15800.0,110,6.4,146.0,708,7,3.2,3.2,1.5,4.3,3.0,0,0,0,0,0,0.158,38.5,0
0.4,60.9,31.1,4.2,3.5,100000,80,12000.0,65,14.5,0.0,290,4,2.8,2.2,1.2,4.9,2.5,1,0,0,0,0,0.12,36.5,0
0.4,60.9,31.1,4.2,3.5,100000,80,11500.0,100,5.8,132.0,391,5,4.2,3.5,2.5,4.3,3.5,0,0,0,0,0,0.115,60.5,1
0.4,60.9,31.1,4.2,3.5,100000,80,16000.0,140,4.3,98.0,391,5,4.2,3.8,2.8,4.7,3.8,0,1,0,0,0,0.16,64.3,1
0.4,60.9,31.1,4.2,3.5,100000,80,13000.0,115,4.8,128.0,384,5,4.0,3.5,2.8,4.2,3.3,0,0,0,0,0,0.13,63.9,1
0.4,60.9,31.1,4.2,3.5,100000,80,35000.0,220,16.1,0.0,440,5,4.5,4.0,3.2,4.5,4.2,1,0,0,0,0,0.35,83.9,2
0.4,60.9,31.1,4.2,3.5,100000,80,17500.0,130,6.4,147.0,422,5,4.0,3.5,2.2,4.0,3.5,0,0,1,0,0,0.175,52.9,0
0.4,60.9,31.1,4.2,3.5,100000,80,28000.0,200,4.6,105.0,500,5,4.3,4.0,3.0,4.3,3.8,0,1,1,0,0,0.28,67.2,1
0.4,60.9,31.1,4.2,3.5,100000,80,14500.0,100,5.9,136.0,309,5,4.2,3.5,2.5,4.2,4.0,0,0,0,0,0,0.145,62.9,1
0.4,60.9,31.1,4.2,3.5,100000,80,16500.0,100,5.8,132.0,309,5,4.2,3.5,2.5,4.2,4.2,0,0,0,0,0,0.165,62.7,1
0.4,60.9,31.1,4.2,3.5,100000,80,28000.0,136,15.2,0.0,265,5,4.2,3.5,3.0,4.5,4.2,1,0,0,0,0,0.28,65.9,1
0.4,60.9,31.1,4.2,3.5,100000,80,22000.0,130,6.1,139.0,412,5,4.3,3.8,3.0,4.0,4.3,0,0,0,0,0,0.22,68.0,1
0.4,60.9,31.1,4.2,3.5,100000,80,24000.0,130,5.2,138.0,520,5,4.3,4.0,2.5,4.2,4.0,0,0,1,0,0,0.24,68.4,1
0.4,60.9,31.1,4.2,3.5,100000,80,35000.0,225,1.4,32.0,520,5,4.5,4.2,3.0,4.5,4.5,0,1,1,0,0,0.35,83.7,2
0.4,60.9,31.1,4.2,3.5,100000,80,30000.0,130,5.5,144.0,780,7,4.2,4.0,2.0,4.0,3.8,0,0,1,0,0,0.3,58.8,1
0.4,60.9,31.1,4.2,3.5,100000,80,12000.0,83,5.8,132.0,300,5,3.5,3.2,1.5,4.5,3.0,0,0,0,0,0,0.12,43.6,0
0.4,60.9,31.1,4.2,3.5,100000,80,18000.0,110,6.2,142.0,410,5,3.5,3.3,1.8,4.2,3.2,0,0,1,0,0,0.18,49.9,0
0.4,60.9,31.1,4.2,3.5,100000,80,22000.0,130,6.0,137.0,380,5,4.0,4.0,2.2,4.0,3.8,0,0,0,0,0,0.22,54.3,0
0.4,60.9,31.1,4.2,3.5,100000,80,26000.0,130,5.5,144.0,580,5,4.2,4.2,2.0,4.0,3.5,0,0,1,0,0,0.26,56.8,1
0.4,60.9,31.1,4.2,3.5,100000,80,14000.0,100,5.8,132.0,309,5,4.0,3.3,2.5,4.3,3.3,0,0,0,0,0,0.14,54.6,0
0.4,60.9,31.1,4.2,3.5,100000,80,27000.0,136,15.2,0.0,267,5,4.0,3.3,2.8,4.5,3.5,1,0,0,0,0,0.27,63.2,1
0.4,60.9,31.1,4.2,3.5,100000,80,23000.0,130,6.1,139.0,422,5,4.2,3.8,3.0,4.0,4.0,0,0,0,0,0,0.23,66.2,1
0.4,60.9,31.1,4.2,3.5,100000,80,22000.0,130,6.5,148.0,350,5,4.0,3.5,2.5,3.8,4.0,0,0,1,0,0,0.22,60.2,1
0.4,60.9,31.1,4.2,3.5,100000,80,10500.0,100,5.9,136.0,292,5,3.8,3.0,3.0,4.3,3.2,0,0,0,0,0,0.105,62.3,1
0.4,60.9,31.1,4.2,3.5,100000,80,15000.0,125,6.0,137.0,375,5,4.2,3.5,3.3,4.0,3.5,0,0,0,0,0,0.15,68.2,1
0.4,60.9,31.1,4.2,3.5,100000,80,20000.0,120,4.7,123.0,575,5,4.2,3.8,2.8,4.5,3.3,0,0,0,0,0,0.2,62.0,1
0.4,60.9,31.1,4.2,3.5,100000,80,22000.0,125,5.4,124.0,456,5,4.3,3.5,2.8,4.3,4.0,0,1,1,0,0,0.22,61.9,1
0.4,60.9,31.1,4.2,3.5,100000,80,25000.0,190,1.4,32.0,475,5,4.3,3.8,2.8,4.5,3.5,0,1,1,0,0,0.25,65.8,1
0.4,60.9,31.1,4.2,3.5,100000,80,48000.0,269,18.1,0.0,402,5,4.5,4.0,4.0,4.0,4.5,1,0,1,0,0,0.48,97.7,2
0.4,60.9,31.1,4.2,3.5,100000,80,13000.0,95,5.7,130.0,351,5,4.2,3.5,2.5,4.3,3.5,0,0,0,0,0,0.13,59.2,1
0.4,60.9,31.1,4.2,3.5,100000,80,18000.0,110,5.6,128.0,351,5,4.3,3.5,2.8,4.3,3.7,0,0,0,0,0,0.18,65.6,1
0.4,60.9,31.1,4.2,3.5,100000,80,18500.0,130,6.0,137.0,381,5,4.5,4.0,3.5,4.0,4.0,0,0,0,0,0,0.185,76.9,2
0.4,60.9,31.1,4.2,3.5,100000,80,28000.0,150,5.8,132.0,381,5,4.5,4.2,3.5,4.0,4.2,0,0,0,0,0,0.28,76.6,2
0.4,60.9,31.1,4.2,3.5,100000,80,38000.0,245,7.4,168.0,381,5,4.5,3.8,4.5,3.2,4.5,0,0,0,0,0,0.38,97.4,2
0.4,60.9,31.1,4.2,3.5,100000,80,48000.0,320,8.0,183.0,381,5,4.5,3.8,4.8,2.8,4.5,0,0,0,0,0,0.48,100.0,2
0.4,60.9,31.1,4.2,3.5,100000,80,28000.0,150,5.5,144.0,615,5,4.5,4.2,2.5,4.0,3.8,0,0,1,0,0,0.28,66.4,1
0.4,60.9,31.1,4.2,3.5,100000,80,38000.0,150,7.0,160.0,615,5,4.5,4.3,2.8,3.8,4.2,0,0,1,0,0,0.38,76.5,2
0.4,60.9,31.1,4.2,3.5,100000,80,20000.0,150,5.0,132.0,650,5,4.5,4.3,3.0,4.3,3.8,0,0,0,0,0,0.2,76.7,2
0.4,60.9,31.1,4.2,3.5,100000,80,40000.0,272,7.2,164.0,690,5,4.8,4.5,3.5,3.5,4.2,0,0,0,0,0,0.4,87.4,2
0.4,60.9,31.1,4.2,3.5,100000,80,35000.0,200,5.5,144.0,563,5,4.5,4.5,3.5,4.0,4.8,0,0,0,0,1,0.35,79.3,2
0.4,60.9,31.1,4.2,3.5,100000,80,32000.0,204,15.8,0.0,385,5,4.3,3.8,3.0,4.5,3.8,1,0,0,0,0,0.32,76.3,2
0.4,60.9,31.1,4.2,3.5,100000,80,38000.0,204,17.0,0.0,543,5,4.5,4.0,2.8,4.3,4.0,1,0,1,0,0,0.38,78.0,2
0.4,60.9,31.1,4.2,3.5,100000,80,14500.0,110,5.5,126.0,380,5,4.0,3.3,2.5,4.5,3.2,0,0,0,0,0,0.145,56.2,1
0.4,60.9,31.1,4.2,3.5,100000,80,18000.0,150,4.8,126.0,640,5,4.5,4.0,3.0,4.5,3.5,0,0,0,0,0,0.18,74.1,1
0.4,60.9,31.1,4.2,3.5,100000,80,25000.0,150,6.2,141.0,640,5,4.5,4.2,3.0,4.2,3.8,0,0,0,0,0,0.25,72.7,1
0.4,60.9,31.1,4.2,3.5,100000,80,35000.0,245,7.1,161.0,640,5,4.5,3.8,4.3,3.2,4.2,0,0,0,0,0,0.35,94.9,2
0.4,60.9,31.1,4.2,3.5,100000,80,30000.0,150,5.0,132.0,660,5,4.5,4.5,2.8,4.3,4.0,0,0,0,0,0,0.3,74.0,1
0.4,60.9,31.1,4.2,3.5,100000,80,32000.0,150,5.8,152.0,720,7,4.5,4.2,2.2,4.0,3.5,0,0,1,0,0,0.32,67.1,1
0.4,60.9,31.1,4.2,3.5,100000,80,20000.0,110,6.0,137.0,400,5,4.2,3.5,2.2,4.2,3.5,0,0,1,0,0,0.2,62.0,1
0.4,60.9,31.1,4.2,3.5,100000,80,13500.0,110,5.6,128.0,355,5,4.0,3.2,2.8,4.3,3.5,0,0,0,0,0,0.135,61.0,1
0.4,60.9,31.1,4.2,3.5,100000,80,20000.0,150,6.0,137.0,380,5,4.3,3.5,3.5,4.0,4.0,0,0,0,0,0,0.2,71.0,1
0.4,60.9,31.1,4.2,3.5,100000,80,35000.0,300,7.5,170.0,380,5,4.3,3.5,4.7,3.0,4.3,0,0,0,0,0,0.35,93.9,2
0.4,60.9,31.1,4.2,3.5,100000,80,25000.0,150,5.6,147.0,510,5,4.3,3.8,2.8,4.2,3.5,0,0,1,0,0,0.25,65.3,1
0.4,60.9,31.1,4.2,3.5,100000,80,15000.0,116,3.8,87.0,286,5,4.5,3.3,2.2,4.8,3.2,0,1,0,0,0,0.15,64.5,1
0.4,60.9,31.1,4.2,3.5,100000,80,22000.0,116,4.4,101.0,320,5,4.5,3.5,2.0,4.7,3.5,0,1,1,0,0,0.22,59.0,1
0.4,60.9,31.1,4.2,3.5,100000,80,22000.0,140,4.5,103.0,361,5,4.5,3.8,3.0,4.7,3.8,0,1,0,0,0,0.22,74.3,1
0.4,60.9,31.1,4.2,3.5,100000,80,30000.0,197,5.0,114.0,433,5,4.8,4.0,2.5,4.5,3.8,0,1,1,0,0,0.3,73.0,1
0.4,60.9,31.1,4.2,3.5,100000,80,32000.0,222,5.6,128.0,580,5,4.8,4.0,2.5,4.3,3.5,0,1,1,0,0,0.32,80.2,2
0.4,60.9,31.1,4.2,3.5,100000,80,35000.0,218,4.9,112.0,493,5,4.8,4.5,2.8,4.5,3.8,0,1,0,0,1,0.35,80.7,2
0.4,60.9,31.1,4.2,3.5,100000,80,28000.0,200,4.8,110.0,310,5,4.5,3.5,3.0,4.5,4.2,0,1,1,0,0,0.28,76.6,2
0.4,60.9,31.1,4.2,3.5,100000,80,55000.0,340,8.5,194.0,290,2,4.0,3.0,4.8,2.5,4.8,0,0,0,1,0,0.55,96.3,2
0.4,60.9,31.1,4.2,3.5,100000,80,28000.0,182,6.5,148.0,404,5,4.5,3.8,3.5,3.8,4.0,0,0,0,0,0,0.28,79.8,2
0.4,60.9,31.1,4.2,3.5,100000,80,27000.0,131,5.4,122.0,319,5,4.3,3.5,2.2,4.5,3.5,0,1,1,0,0,0.27,62.4,1
0.4,60.9,31.1,4.2,3.5,100000,80,38000.0,184,6.0,137.0,587,5,4.5,4.0,2.5,4.2,3.5,0,1,1,0,0,0.38,70.3,1
0.4,60.9,31.1,4.2,3.5,100000,80,35000.0,184,6.2,141.0,380,5,4.5,3.8,3.0,4.0,4.0,0,1,1,0,0,0.35,77.8,2
0.4,60.9,31.1,4.2,3.5,100000,80,13000.0,100,5.8,132.0,351,5,4.0,3.2,2.5,4.3,3.5,0,0,0,0,0,0.13,57.7,1
0.4,60.9,31.1,4.2,3.5,100000,80,19000.0,160,6.5,148.0,395,5,4.3,3.5,3.0,4.0,3.5,0,0,0,0,0,0.19,69.6,1
0.4,60.9,31.1,4.2,3.5,100000,80,35000.0,280,8.0,183.0,395,5,4.0,3.2,4.7,2.8,4.0,0,0,0,0,0,0.35,91.7,2
0.4,60.9,31.1,4.2,3.5,100000,80,28000.0,230,5.5,126.0,546,5,4.5,4.0,2.8,4.3,4.2,0,1,1,0,0,0.28,76.5,2
0.4,60.9,31.1,4.2,3.5,100000,80,24000.0,120,6.2,141.0,466,5,4.3,3.5,2.2,4.0,3.8,0,0,1,0,0,0.24,57.7,1
0.4,60.9,31.1,4.2,3.5,100000,80,35000.0,204,14.7,0.0,466,5,4.3,3.5,3.0,4.5,3.8,1,0,1,0,0,0.35,76.7,2
0.4,60.9,31.1,4.2,3.5,100000,80,42000.0,325,16.8,0.0,527,5,4.8,4.3,3.5,4.3,4.8,1,0,1,0,0,0.42,90.2,2
0.4,60.9,31.1,4.2,3.5,100000,80,45000.0,325,14.3,0.0,401,5,4.8,4.3,3.5,4.5,4.8,1,0,0,0,1,0.45,89.2,2
0.4,60.9,31.1,4.2,3.5,100000,80,10500.0,67,4.8,109.0,255,5,3.2,2.5,1.5,4.8,2.8,0,0,0,0,0,0.105,41.7,0
0.4,60.9,31.1,4.2,3.5,100000,80,19000.0,160,6.5,148.0,395,5,4.2,3.5,3.0,4.0,3.5,0,0,0,0,0,0.19,65.5,1
0.4,60.9,31.1,4.2,3.5,100000,80,30000.0,230,5.5,126.0,543,5,4.5,4.0,2.8,4.3,4.3,0,1,1,0,0,0.3,82.7,2
0.4,60.9,31.1,4.2,3.5,100000,80,45000.0,325,16.5,0.0,490,5,4.8,4.2,4.0,4.3,4.8,1,0,1,0,0,0.45,97.2,2
0.4,60.9,31.1,4.2,3.5,100000,80,40000.0,245,8.5,194.0,406,5,4.2,4.0,4.2,3.0,4.5,0,0,0,0,1,0.4,87.9,2
0.4,60.9,31.1,4.2,3.5,100000,80,22000.0,150,6.5,148.0,358,5,4.3,3.8,3.5,3.8,4.5,0,0,0,0,0,0.22,73.6,1
0.4,60.9,31.1,4.2,3.5,100000,80,28000.0,165,7.1,163.0,506,5,4.3,4.0,3.0,3.5,4.0,0,0,1,0,0,0.28,72.8,1
0.4,60.9,31.1,4.2,3.5,100000,80,24000.0,150,6.5,148.0,430,5,4.3,3.8,3.0,3.8,4.3,0,0,1,0,0,0.24,67.2,1
0.4,60.9,31.1,4.2,3.5,100000,80,30000.0,184,6.8,155.0,130,2,3.5,3.0,4.5,3.5,4.8,0,0,0,1,0,0.3,90.0,2
0.4,60.9,31.1,4.2,3.5,100000,80,10000.0,100,5.4,123.0,300,5,3.8,2.8,2.0,4.5,3.0,0,0,0,0,0,0.1,48.7,0
0.4,60.9,31.1,4.2,3.5,100000,80,27000.0,158,6.5,148.0,504,5,4.3,3.8,2.5,3.8,3.8,0,0,1,0,0,0.27,62.8,1
0.4,60.9,31.1,4.2,3.5,100000,80,28000.0,150,15.5,0.0,435,5,4.0,3.5,2.5,4.5,3.0,1,0,0,0,0,0.28,57.8,1
0.4,60.9,31.1,4.2,3.5,100000,80,42000.0,242,16.5,0.0,468,5,4.5,4.2,3.0,4.2,4.2,1,0,1,0,0,0.42,81.7,2
0.4,60.9,31.1,4.2,3.5,100000,80,22000.0,136,6.5,148.0,380,5,4.3,3.5,3.5,3.5,4.0,0,0,0,0,0,0.22,73.8,1
0.4,60.9,31.1,4.2,3.5,100000,80,32000.0,170,6.8,155.0,380,5,4.5,3.8,3.8,3.3,4.3,0,0,0,0,0,0.32,86.6,2
0.4,60.9,31.1,4.2,3.5,100000,80,28000.0,190,5.2,137.0,480,5,4.5,4.2,4.0,4.0,4.5,0,0,0,0,1,0.28,84.6,2
0.4,60.9,31.1,4.2,3.5,100000,80,42000.0,245,7.0,159.0,480,5,4.8,4.3,4.2,3.5,4.5,0,0,0,0,1,0.42,93.3,2
0.4,60.9,31.1,4.2,3.5,100000,80,40000.0,190,5.5,144.0,530,5,4.8,4.8,3.5,3.8,4.8,0,0,0,0,1,0.4,83.6,2
0.4,60.9,31.1,4.2,3.5,100000,80,55000.0,299,7.5,171.0,520,5,5.0,4.8,4.0,3.3,4.8,0,0,0,0,1,0.55,96.6,2
0.4,60.9,31.1,4.2,3.5,100000,80,32000.0,136,6.8,155.0,540,5,4.5,4.0,3.0,3.5,4.0,0,0,1,0,0,0.32,77.6,2
0.4,60.9,31.1,4.2,3.5,100000,80,40000.0,190,5.8,152.0,550,5,4.8,4.3,3.2,3.8,4.3,0,0,1,0,0,0.4,83.9,2
0.4,60.9,31.1,4.2,3.5,100000,80,58000.0,286,6.8,179.0,650,5,5.0,4.8,3.5,3.2,4.5,0,0,1,0,0,0.58,95.8,2
0.4,60.9,31.1,4.2,3.5,100000,80,52000.0,286,17.5,0.0,510,5,4.8,4.2,3.5,4.0,4.3,1,0,1,0,0,0.52,92.0,2
0.4,60.9,31.1,4.2,3.5,100000,80,48000.0,340,16.1,0.0,470,5,4.8,4.2,4.2,4.0,4.8,1,0,0,0,1,0.48,99.2,2
0.4,60.9,31.1,4.2,3.5,100000,80,72000.0,480,9.0,205.0,480,5,4.5,3.8,5.0,2.2,4.8,0,0,0,0,1,0.72,100.0,2
0.4,60.9,31.1,4.2,3.5,100000,80,78000.0,480,9.2,210.0,440,4,4.5,3.5,5.0,2.0,4.8,0,0,0,1,0,0.78,100.0,2
0.4,60.9,31.1,4.2,3.5,100000,80,90000.0,510,9.5,217.0,440,4,4.5,3.5,5.0,1.8,5.0,0,0,0,1,0,0.9,100.0,2
0.4,60.9,31.1,4.2,3.5,100000,80,24000.0,163,6.5,148.0,370,5,4.3,3.8,3.0,3.5,4.2,0,0,0,0,0,0.24,68.0,1
0.4,60.9,31.1,4.2,3.5,100000,80,30000.0,163,6.3,144.0,370,5,4.5,4.0,3.0,3.5,4.3,0,0,0,0,0,0.3,79.4,2
0.4,60.9,31.1,4.2,3.5,100000,80,38000.0,204,6.8,155.0,455,5,4.8,4.5,3.5,3.5,4.8,0,0,0,0,1,0.38,89.6,2
0.4,60.9,31.1,4.2,3.5,100000,80,45000.0,313,2.0,46.0,455,5,5.0,4.8,3.8,4.2,4.8,0,1,0,0,1,0.45,94.1,2
0.4,60.9,31.1,4.2,3.5,100000,80,45000.0,220,5.5,144.0,540,5,5.0,4.8,3.2,3.8,4.8,0,0,0,0,1,0.45,87.9,2
0.4,60.9,31.1,4.2,3.5,100000,80,58000.0,313,2.0,46.0,540,5,5.0,5.0,3.5,4.0,5.0,0,1,0,0,1,0.58,93.3,2
0.4,60.9,31.1,4.2,3.5,100000,80,32000.0,163,6.8,155.0,435,5,4.5,4.0,2.8,3.5,4.2,0,0,1,0,0,0.32,76.3,2
0.4,60.9,31.1,4.2,3.5,100000,80,45000.0,204,7.2,164.0,600,5,4.8,4.5,3.0,3.3,4.5,0,0,1,0,0,0.45,86.8,2
0.4,60.9,31.1,4.2,3.5,100000,80,60000.0,272,7.0,184.0,630,5,5.0,4.8,3.0,3.0,4.5,0,0,1,0,0,0.6,87.4,2
0.4,60.9,31.1,4.2,3.5,100000,80,42000.0,190,17.0,0.0,340,5,4.5,4.0,2.8,4.2,4.2,1,0,1,0,0,0.42,74.1,1
0.4,60.9,31.1,4.2,3.5,100000,80,55000.0,408,21.3,0.0,500,5,4.8,4.3,3.5,3.5,4.3,1,0,1,0,0,0.55,89.7,2
0.4,60.9,31.1,4.2,3.5,100000,80,62000.0,408,9.0,206.0,455,5,4.8,4.2,4.8,2.5,4.8,0,0,0,0,1,0.62,100.0,2
0.4,60.9,31.1,4.2,3.5,100000,80,85000.0,680,6.9,157.0,350,5,4.8,4.0,5.0,2.5,5.0,0,1,0,0,1,0.85,100.0,2
0.4,60.9,31.1,4.2,3.5,100000,80,18000.0,116,5.8,132.0,335,5,4.0,3.2,2.5,4.0,4.0,0,0,0,0,0,0.18,57.9,1
0.4,60.9,31.1,4.2,3.5,100000,80,28000.0,150,6.2,141.0,380,5,4.5,3.8,3.2,3.8,4.3,0,0,0,0,1,0.28,77.9,2
0.4,60.9,31.1,4.2,3.5,100000,80,30000.0,163,5.2,137.0,460,5,4.5,4.3,3.5,4.0,4.5,0,0,0,0,1,0.3,79.9,2
0.4,60.9,31.1,4.2,3.5,100000,80,42000.0,204,6.8,155.0,460,5,4.8,4.5,3.5,3.5,4.5,0,0,0,0,1,0.42,92.0,2
0.4,60.9,31.1,4.2,3.5,100000,80,42000.0,204,5.5,144.0,530,5,4.8,4.8,3.2,3.8,4.8,0,0,0,0,1,0.42,83.8,2
0.4,60.9,31.1,4.2,3.5,100000,80,30000.0,150,6.8,155.0,530,5,4.5,4.0,2.8,3.5,4.2,0,0,1,0,0,0.3,72.8,1
0.4,60.9,31.1,4.2,3.5,100000,80,42000.0,204,6.0,158.0,520,5,4.8,4.3,3.0,3.5,4.3,0,0,1,0,0,0.42,83.0,2
0.4,60.9,31.1,4.2,3.5,100000,80,55000.0,286,7.2,189.0,705,7,5.0,4.8,3.0,3.0,4.5,0,0,1,0,0,0.55,89.6,2
0.4,60.9,31.1,4.2,3.5,100000,80,85000.0,476,19.6,0.0,405,4,5.0,4.5,4.8,3.5,5.0,1,0,0,0,1,0.85,100.0,2
0.4,60.9,31.1,4.2,3.5,100000,80,82000.0,450,9.8,224.0,465,4,4.5,3.8,4.8,2.0,5.0,0,0,0,1,0,0.82,100.0,2
0.4,60.9,31.1,4.2,3.5,100000,80,85000.0,450,9.8,224.0,465,5,4.5,4.0,4.8,2.0,5.0,0,0,0,0,1,0.85,100.0,2
0.4,60.9,31.1,4.2,3.5,100000,80,55000.0,400,8.5,194.0,321,5,4.5,3.5,4.8,2.5,4.5,0,0,0,0,1,0.55,100.0,2
0.4,60.9,31.1,4.2,3.5,100000,80,32000.0,163,7.0,160.0,452,5,4.8,4.0,2.5,3.5,4.0,0,0,1,0,0,0.32,72.4,1
0.4,60.9,31.1,4.2,3.5,100000,80,42000.0,197,6.2,163.0,483,5,5.0,4.5,2.8,3.5,4.3,0,0,1,0,0,0.42,78.6,2
0.4,60.9,31.1,4.2,3.5,100000,80,58000.0,303,2.4,55.0,640,7,5.0,4.8,2.5,4.0,4.5,0,1,1,0,0,0.58,81.4,2
0.4,60.9,31.1,4.2,3.5,100000,80,48000.0,408,17.8,0.0,413,5,5.0,4.0,3.5,4.0,4.5,1,0,1,0,0,0.48,95.9,2
0.4,60.9,31.1,4.2,3.5,100000,80,35000.0,197,7.0,160.0,442,5,5.0,4.3,3.5,3.5,4.5,0,0,0,0,1,0.35,81.4,2
0.4,60.9,31.1,4.2,3.5,100000,80,40000.0,325,14.0,0.0,561,5,4.8,3.8,4.2,4.5,4.5,1,0,0,0,1,0.4,100.0,2
0.4,60.9,31.1,4.2,3.5,100000,80,45000.0,325,15.0,0.0,854,5,4.8,3.8,3.8,4.3,4.3,1,0,1,0,0,0.45,96.1,2
0.4,60.9,31.1,4.2,3.5,100000,80,85000.0,670,16.8,0.0,793,5,4.8,4.5,4.8,3.8,4.8,1,0,0,0,1,0.85,100.0,2
0.4,60.9,31.1,4.2,3.5,100000,80,95000.0,670,18.5,0.0,935,7,4.8,4.5,4.0,3.5,4.5,1,0,1,0,0,0.95,95.9,2
0.4,60.9,31.1,4.2,3.5,100000,80,12000.0,69,5.2,119.0,185,4,3.5,2.5,1.5,4.5,4.0,0,0,0,0,0,0.12,45.9,0
0.4,60.9,31.1,4.2,3.5,100000,80,14000.0,100,6.2,141.0,520,5,3.5,3.0,2.0,4.2,2.8,0,0,0,0,1,0.14,49.3,0
0.4,60.9,31.1,4.2,3.5,100000,80,25000.0,118,13.0,0.0,185,4,3.8,2.8,2.5,4.5,4.5,1,0,0,0,0,0.25,55.2,1
0.4,60.9,31.1,4.2,3.5,100000,80,25000.0,136,5.8,132.0,211,4,4.0,3.3,3.5,3.5,4.5,0,0,0,0,0,0.25,71.6,1
0.4,60.9,31.1,4.2,3.5,100000,80,32000.0,136,6.8,155.0,450,5,4.2,3.5,3.0,3.2,4.2,0,0,1,0,0,0.32,72.9,1
0.4,60.9,31.1,4.2,3.5,100000,80,35000.0,200,7.2,164.0,480,5,4.3,3.8,4.2,3.0,4.8,0,0,0,0,1,0.35,85.8,2
0.4,60.9,31.1,4.2,3.5,100000,80,38000.0,200,7.5,171.0,525,5,4.3,3.8,3.5,3.0,4.5,0,0,1,0,0,0.38,76.1,2
0.4,60.9,31.1,4.2,3.5,100000,80,75000.0,510,9.5,217.0,480,5,4.0,3.5,5.0,2.0,5.0,0,0,0,0,1,0.75,96.6,2
0.4,60.9,31.1,4.2,3.5,100000,80,24000.0,150,7.0,160.0,345,5,4.5,3.5,3.5,3.5,3.2,0,0,0,0,0,0.24,77.4,2
0.4,60.9,31.1,4.2,3.5,100000,80,32000.0,150,7.5,171.0,520,5,4.8,3.8,2.5,3.3,3.0,0,0,1,0,0,0.32,79.0,2
0.4,60.9,31.1,4.2,3.5,100000,80,28000.0,150,7.2,164.0,385,5,4.5,3.5,3.0,3.3,3.2,0,0,1,0,0,0.28,70.7,1
0.4,60.9,31.1,4.2,3.5,100000,80,12000.0,83,5.2,119.0,265,5,3.5,2.8,2.5,4.8,3.0,0,0,0,0,0,0.12,53.9,0
0.4,60.9,31.1,4.2,3.5,100000,80,20000.0,129,6.5,148.0,375,5,3.8,3.2,2.5,4.0,3.2,0,0,1,0,0,0.2,59.7,1
0.4,60.9,31.1,4.2,3.5,100000,80,20000.0,150,6.5,148.0,393,5,3.8,3.3,2.2,3.8,3.2,0,0,1,0,0,0.2,54.9,0
0.4,60.9,31.1,4.2,3.5,100000,80,40000.0,252,1.8,41.0,469,5,4.5,4.0,2.8,4.5,3.5,0,1,1,0,0,0.4,80.2,2
0.4,60.9,31.1,4.2,3.5,100000,80,22000.0,130,7.0,160.0,351,5,3.5,3.0,2.5,3.5,3.5,0,0,1,0,0,0.22,60.9,1
0.4,60.9,31.1,4.2,3.5,100000,80,28000.0,130,5.8,152.0,438,5,3.8,3.3,2.5,3.8,3.3,0,0,1,0,0,0.28,57.1,1
0.4,60.9,31.1,4.2,3.5,100000,80,55000.0,272,10.0,228.0,548,5,3.5,2.8,3.5,2.5,4.0,0,0,1,0,0,0.55,76.5,2
0.4,60.9,31.1,4.2,3.5,100000,80,38000.0,163,6.2,163.0,602,5,4.3,4.0,2.5,3.2,4.0,0,0,1,0,0,0.38,65.4,1
0.4,60.9,31.1,4.2,3.5,100000,80,42000.0,163,6.5,171.0,591,5,4.3,4.2,2.8,3.0,4.8,0,0,1,0,0,0.42,67.5,1
0.4,60.9,31.1,4.2,3.5,100000,80,80000.0,350,8.0,210.0,780,5,4.8,4.8,3.5,2.5,5.0,0,0,1,0,0,0.8,90.6,2
0.4,60.9,31.1,4.2,3.5,100000,80,58000.0,265,8.8,201.0,488,5,4.8,4.2,4.3,2.5,4.8,0,0,1,0,0,0.58,100.0,2
0.4,60.9,31.1,4.2,3.5,100000,80,72000.0,340,9.5,216.0,745,5,5.0,4.5,4.0,2.2,4.8,0,0,1,0,0,0.72,100.0,2
0.4,60.9,31.1,4.2,3.5,100000,80,110000.0,385,9.0,205.0,132,4,4.5,3.5,5.0,2.0,5.0,0,0,0,1,0,1.1,100.0,2
0.4,60.9,31.1,4.2,3.5,100000,80,90000.0,408,19.5,0.0,366,4,5.0,4.5,4.8,3.5,5.0,1,0,0,0,1,0.9,100.0,2
0.4,60.9,31.1,4.2,3.5,100000,80,95000.0,353,9.5,216.0,495,4,5.0,4.8,4.2,2.5,5.0,0,0,0,0,1,0.95,98.4,2
0.4,60.9,31.1,4.2,3.5,100000,80,70000.0,350,10.0,228.0,500,5,4.2,4.2,4.2,2.0,5.0,0,0,0,0,1,0.7,90.3,2
0.4,60.9,31.1,4.2,3.5,100000,80,78000.0,350,10.5,239.0,580,5,4.2,4.2,3.5,1.8,4.8,0,0,1,0,0,0.78,86.3,2
0.4,60.9,31.1,4.2,3.5,100000,80,48000.0,204,6.8,179.0,619,5,4.5,4.2,3.2,3.2,4.5,0,0,1,0,0,0.48,84.1,2
0.4,60.9,31.1,4.2,3.5,100000,80,65000.0,400,22.0,0.0,505,5,4.8,4.0,4.0,3.2,4.8,1,0,1,0,0,0.65,97.2,2
0.4,60.9,31.1,4.2,3.5,100000,80,75000.0,450,10.0,228.0,310,2,4.0,3.2,4.8,1.8,5.0,0,0,0,1,0,0.75,96.4,2
0.4,60.9,31.1,4.2,3.5,100000,80,32000.0,184,4.8,110.0,320,5,4.8,3.8,2.5,4.5,4.0,0,1,1,0,0,0.32,74.3,1
0.4,60.9,31.1,4.2,3.5,100000,80,42000.0,244,5.8,132.0,520,5,5.0,4.5,2.8,4.2,4.5,0,1,1,0,0,0.42,86.4,2
0.4,60.9,31.1,4.2,3.5,100000,80,55000.0,308,6.0,137.0,612,5,5.0,4.8,3.0,3.8,4.5,0,1,1,0,0,0.55,86.8,2
0.4,60.9,31.1,4.2,3.5,100000,80,42000.0,218,4.8,110.0,454,5,5.0,4.8,2.5,4.5,4.5,0,1,0,0,1,0.42,78.2,2
0.4,60.9,31.1,4.2,3.5,100000,80,95000.0,471,10.0,228.0,197,4,4.5,4.0,4.5,2.0,5.0,0,0,0,1,0,0.95,100.0,2
0.4,60.9,31.1,4.2,3.5,100000,80,35000.0,204,15.5,0.0,385,5,4.3,3.5,3.5,4.2,4.3,1,0,0,0,0,0.35,81.6,2
0.4,60.9,31.1,4.2,3.5,100000,80,35000.0,245,7.5,171.0,420,5,4.3,3.5,4.0,3.0,4.5,0,0,1,0,0,0.35,90.1,2
0.4,60.9,31.1,4.2,3.5,100000,80,38000.0,300,7.5,170.0,380,5,4.3,3.5,4.7,2.8,4.5,0,0,0,0,0,0.38,97.4,2
0.4,60.9,31.1,4.2,3.5,100000,80,62000.0,300,8.0,183.0,150,2,4.0,3.0,4.8,2.5,4.8,0,0,0,1,0,0.62,98.1,2
0.4,60.9,31.1,4.2,3.5,100000,80,48000.0,258,7.5,171.0,281,2,4.0,3.2,4.5,2.8,4.8,0,0,0,1,0,0.48,89.0,2
0.4,60.9,31.1,4.2,3.5,100000,80,110000.0,449,9.0,206.0,550,5,5.0,5.0,3.5,2.5,5.0,0,0,0,0,1,1.1,89.0,2
0.4,60.9,31.1,4.2,3.5,100000,80,100000.0,400,8.5,194.0,540,5,5.0,5.0,3.5,2.5,5.0,0,0,0,0,1,1.0,87.7,2
0.4,60.9,31.1,4.2,3.5,100000,80,90000.0,340,8.0,183.0,505,5,5.0,5.0,3.2,2.8,5.0,0,0,0,0,1,0.9,91.0,2
0.4,60.9,31.1,4.2,3.5,100000,80,38000.0,245,8.0,183.0,330,5,4.5,4.0,4.0,3.0,4.3,0,0,0,0,1,0.38,91.1,2
0.4,60.9,31.1,4.2,3.5,100000,80,42000.0,245,8.5,194.0,542,5,4.8,4.2,3.5,3.0,4.5,0,0,1,0,0,0.42,86.7,2
0.4,60.9,31.1,4.2,3.5,100000,80,42000.0,408,15.5,0.0,405,5,4.8,4.0,4.0,4.2,4.5,1,0,0,0,1,0.42,94.4,2
9.1,16.3,33.5,25.5,15.5,300000,30,6500.0,73,6.4,149.0,510,5,3.0,2.5,1.5,4.8,2.0,0,0,0,0,1,0.022,54.2,0
9.1,16.3,33.5,25.5,15.5,300000,30,9800.0,91,6.0,137.0,528,5,3.4,3.0,1.5,4.7,2.8,0,0,0,0,1,0.033,64.5,1
9.1,16.3,33.5,25.5,15.5,300000,30,7200.0,73,6.2,144.0,328,5,3.2,2.5,1.8,4.6,2.5,0,0,0,0,0,0.024,61.6,1
9.1,16.3,33.5,25.5,15.5,300000,30,13500.0,91,6.1,139.0,328,5,3.4,3.0,2.0,4.5,3.2,0,0,0,0,0,0.045,65.7,1
9.1,16.3,33.5,25.5,15.5,300000,30,14000.0,115,5.7,150.0,445,5,3.0,3.0,2.0,4.2,2.8,0,0,1,0,0,0.047,62.6,1
9.1,16.3,33.5,25.5,15.5,300000,30,19500.0,130,6.8,155.0,445,5,3.5,3.2,2.2,4.0,3.5,0,0,1,0,0,0.065,64.5,1
9.1,16.3,33.5,25.5,15.5,300000,30,15800.0,110,6.4,146.0,708,7,3.2,3.2,1.5,4.3,3.0,0,0,0,0,0,0.053,61.9,1
9.1,16.3,33.5,25.5,15.5,300000,30,12000.0,65,14.5,0.0,290,4,2.8,2.2,1.2,4.9,2.5,1,0,0,0,0,0.04,55.3,1
9.1,16.3,33.5,25.5,15.5,300000,30,11500.0,100,5.8,132.0,391,5,4.2,3.5,2.5,4.3,3.5,0,0,0,0,0,0.038,67.5,1
9.1,16.3,33.5,25.5,15.5,300000,30,16000.0,140,4.3,98.0,391,5,4.2,3.8,2.8,4.7,3.8,0,1,0,0,0,0.053,77.0,2
9.1,16.3,33.5,25.5,15.5,300000,30,13000.0,115,4.8,128.0,384,5,4.0,3.5,2.8,4.2,3.3,0,0,0,0,0,0.043,69.3,1
9.1,16.3,33.5,25.5,15.5,300000,30,35000.0,220,16.1,0.0,440,5,4.5,4.0,3.2,4.5,4.2,1,0,0,0,0,0.117,88.5,2
9.1,16.3,33.5,25.5,15.5,300000,30,17500.0,130,6.4,147.0,422,5,4.0,3.5,2.2,4.0,3.5,0,0,1,0,0,0.058,70.0,1
9.1,16.3,33.5,25.5,15.5,300000,30,28000.0,200,4.6,105.0,500,5,4.3,4.0,3.0,4.3,3.8,0,1,1,0,0,0.093,78.7,2
9.1,16.3,33.5,25.5,15.5,300000,30,14500.0,100,5.9,136.0,309,5,4.2,3.5,2.5,4.2,4.0,0,0,0,0,0,0.048,74.3,1
9.1,16.3,33.5,25.5,15.5,300000,30,16500.0,100,5.8,132.0,309,5,4.2,3.5,2.5,4.2,4.2,0,0,0,0,0,0.055,73.6,1
9.1,16.3,33.5,25.5,15.5,300000,30,28000.0,136,15.2,0.0,265,5,4.2,3.5,3.0,4.5,4.2,1,0,0,0,0,0.093,77.1,2
9.1,16.3,33.5,25.5,15.5,300000,30,22000.0,130,6.1,139.0,412,5,4.3,3.8,3.0,4.0,4.3,0,0,0,0,0,0.073,77.9,2
9.1,16.3,33.5,25.5,15.5,300000,30,24000.0,130,5.2,138.0,520,5,4.3,4.0,2.5,4.2,4.0,0,0,1,0,0,0.08,74.9,1
9.1,16.3,33.5,25.5,15.5,300000,30,35000.0,225,1.4,32.0,520,5,4.5,4.2,3.0,4.5,4.5,0,1,1,0,0,0.117,87.1,2
9.1,16.3,33.5,25.5,15.5,300000,30,30000.0,130,5.5,144.0,780,7,4.2,4.0,2.0,4.0,3.8,0,0,1,0,0,0.1,71.2,1
9.1,16.3,33.5,25.5,15.5,300000,30,12000.0,83,5.8,132.0,300,5,3.5,3.2,1.5,4.5,3.0,0,0,0,0,0,0.04,66.3,1
9.1,16.3,33.5,25.5,15.5,300000,30,18000.0,110,6.2,142.0,410,5,3.5,3.3,1.8,4.2,3.2,0,0,1,0,0,0.06,64.3,1
9.1,16.3,33.5,25.5,15.5,300000,30,22000.0,130,6.0,137.0,380,5,4.0,4.0,2.2,4.0,3.8,0,0,0,0,0,0.073,70.1,1
9.1,16.3,33.5,25.5,15.5,300000,30,26000.0,130,5.5,144.0,580,5,4.2,4.2,2.0,4.0,3.5,0,0,1,0,0,0.087,71.4,1
9.1,16.3,33.5,25.5,15.5,300000,30,14000.0,100,5.8,132.0,309,5,4.0,3.3,2.5,4.3,3.3,0,0,0,0,0,0.047,69.5,1
9.1,16.3,33.5,25.5,15.5,300000,30,27000.0,136,15.2,0.0,267,5,4.0,3.3,2.8,4.5,3.5,1,0,0,0,0,0.09,71.3,1
9.1,16.3,33.5,25.5,15.5,300000,30,23000.0,130,6.1,139.0,422,5,4.2,3.8,3.0,4.0,4.0,0,0,0,0,0,0.077,75.6,2
9.1,16.3,33.5,25.5,15.5,300000,30,22000.0,130,6.5,148.0,350,5,4.0,3.5,2.5,3.8,4.0,0,0,1,0,0,0.073,70.0,1
9.1,16.3,33.5,25.5,15.5,300000,30,10500.0,100,5.9,136.0,292,5,3.8,3.0,3.0,4.3,3.2,0,0,0,0,0,0.035,66.8,1
9.1,16.3,33.5,25.5,15.5,300000,30,15000.0,125,6.0,137.0,375,5,4.2,3.5,3.3,4.0,3.5,0,0,0,0,0,0.05,72.4,1
9.1,16.3,33.5,25.5,15.5,300000,30,20000.0,120,4.7,123.0,575,5,4.2,3.8,2.8,4.5,3.3,0,0,0,0,0,0.067,72.8,1
9.1,16.3,33.5,25.5,15.5,300000,30,22000.0,125,5.4,124.0,456,5,4.3,3.5,2.8,4.3,4.0,0,1,1,0,0,0.073,75.0,2
9.1,16.3,33.5,25.5,15.5,300000,30,25000.0,190,1.4,32.0,475,5,4.3,3.8,2.8,4.5,3.5,0,1,1,0,0,0.083,77.0,2
9.1,16.3,33.5,25.5,15.5,300000,30,48000.0,269,18.1,0.0,402,5,4.5,4.0,4.0,4.0,4.5,1,0,1,0,0,0.16,85.5,2
9.1,16.3,33.5,25.5,15.5,300000,30,13000.0,95,5.7,130.0,351,5,4.2,3.5,2.5,4.3,3.5,0,0,0,0,0,0.043,75.9,2
9.1,16.3,33.5,25.5,15.5,300000,30,18000.0,110,5.6,128.0,351,5,4.3,3.5,2.8,4.3,3.7,0,0,0,0,0,0.06,71.7,1
9.1,16.3,33.5,25.5,15.5,300000,30,18500.0,130,6.0,137.0,381,5,4.5,4.0,3.5,4.0,4.0,0,0,0,0,0,0.062,82.3,2
9.1,16.3,33.5,25.5,15.5,300000,30,28000.0,150,5.8,132.0,381,5,4.5,4.2,3.5,4.0,4.2,0,0,0,0,0,0.093,83.8,2
9.1,16.3,33.5,25.5,15.5,300000,30,38000.0,245,7.4,168.0,381,5,4.5,3.8,4.5,3.2,4.5,0,0,0,0,0,0.127,87.4,2
9.1,16.3,33.5,25.5,15.5,300000,30,48000.0,320,8.0,183.0,381,5,4.5,3.8,4.8,2.8,4.5,0,0,0,0,0,0.16,79.5,2
9.1,16.3,33.5,25.5,15.5,300000,30,28000.0,150,5.5,144.0,615,5,4.5,4.2,2.5,4.0,3.8,0,0,1,0,0,0.093,82.4,2
9.1,16.3,33.5,25.5,15.5,300000,30,38000.0,150,7.0,160.0,615,5,4.5,4.3,2.8,3.8,4.2,0,0,1,0,0,0.127,85.6,2
9.1,16.3,33.5,25.5,15.5,300000,30,20000.0,150,5.0,132.0,650,5,4.5,4.3,3.0,4.3,3.8,0,0,0,0,0,0.067,82.8,2
9.1,16.3,33.5,25.5,15.5,300000,30,40000.0,272,7.2,164.0,690,5,4.8,4.5,3.5,3.5,4.2,0,0,0,0,0,0.133,82.3,2
9.1,16.3,33.5,25.5,15.5,300000,30,35000.0,200,5.5,144.0,563,5,4.5,4.5,3.5,4.0,4.8,0,0,0,0,1,0.117,86.8,2
9.1,16.3,33.5,25.5,15.5,300000,30,32000.0,204,15.8,0.0,385,5,4.3,3.8,3.0,4.5,3.8,1,0,0,0,0,0.107,80.3,2
9.1,16.3,33.5,25.5,15.5,300000,30,38000.0,204,17.0,0.0,543,5,4.5,4.0,2.8,4.3,4.0,1,0,1,0,0,0.127,83.7,2
9.1,16.3,33.5,25.5,15.5,300000,30,14500.0,110,5.5,126.0,380,5,4.0,3.3,2.5,4.5,3.2,0,0,0,0,0,0.048,73.7,1
9.1,16.3,33.5,25.5,15.5,300000,30,18000.0,150,4.8,126.0,640,5,4.5,4.0,3.0,4.5,3.5,0,0,0,0,0,0.06,83.5,2
9.1,16.3,33.5,25.5,15.5,300000,30,25000.0,150,6.2,141.0,640,5,4.5,4.2,3.0,4.2,3.8,0,0,0,0,0,0.083,85.2,2
9.1,16.3,33.5,25.5,15.5,300000,30,35000.0,245,7.1,161.0,640,5,4.5,3.8,4.3,3.2,4.2,0,0,0,0,0,0.117,82.9,2
9.1,16.3,33.5,25.5,15.5,300000,30,30000.0,150,5.0,132.0,660,5,4.5,4.5,2.8,4.3,4.0,0,0,0,0,0,0.1,82.8,2
9.1,16.3,33.5,25.5,15.5,300000,30,32000.0,150,5.8,152.0,720,7,4.5,4.2,2.2,4.0,3.5,0,0,1,0,0,0.107,83.5,2
9.1,16.3,33.5,25.5,15.5,300000,30,20000.0,110,6.0,137.0,400,5,4.2,3.5,2.2,4.2,3.5,0,0,1,0,0,0.067,73.4,1
9.1,16.3,33.5,25.5,15.5,300000,30,13500.0,110,5.6,128.0,355,5,4.0,3.2,2.8,4.3,3.5,0,0,0,0,0,0.045,71.9,1
9.1,16.3,33.5,25.5,15.5,300000,30,20000.0,150,6.0,137.0,380,5,4.3,3.5,3.5,4.0,4.0,0,0,0,0,0,0.067,78.0,2
9.1,16.3,33.5,25.5,15.5,300000,30,35000.0,300,7.5,170.0,380,5,4.3,3.5,4.7,3.0,4.3,0,0,0,0,0,0.117,78.0,2
9.1,16.3,33.5,25.5,15.5,300000,30,25000.0,150,5.6,147.0,510,5,4.3,3.8,2.8,4.2,3.5,0,0,1,0,0,0.083,77.7,2
9.1,16.3,33.5,25.5,15.5,300000,30,15000.0,116,3.8,87.0,286,5,4.5,3.3,2.2,4.8,3.2,0,1,0,0,0,0.05,77.0,2
9.1,16.3,33.5,25.5,15.5,300000,30,22000.0,116,4.4,101.0,320,5,4.5,3.5,2.0,4.7,3.5,0,1,1,0,0,0.073,80.6,2
9.1,16.3,33.5,25.5,15.5,300000,30,22000.0,140,4.5,103.0,361,5,4.5,3.8,3.0,4.7,3.8,0,1,0,0,0,0.073,83.3,2
9.1,16.3,33.5,25.5,15.5,300000,30,30000.0,197,5.0,114.0,433,5,4.8,4.0,2.5,4.5,3.8,0,1,1,0,0,0.1,84.8,2
9.1,16.3,33.5,25.5,15.5,300000,30,32000.0,222,5.6,128.0,580,5,4.8,4.0,2.5,4.3,3.5,0,1,1,0,0,0.107,82.6,2
9.1,16.3,33.5,25.5,15.5,300000,30,35000.0,218,4.9,112.0,493,5,4.8,4.5,2.8,4.5,3.8,0,1,0,0,1,0.117,84.9,2
9.1,16.3,33.5,25.5,15.5,300000,30,28000.0,200,4.8,110.0,310,5,4.5,3.5,3.0,4.5,4.2,0,1,1,0,0,0.093,86.9,2
9.1,16.3,33.5,25.5,15.5,300000,30,55000.0,340,8.5,194.0,290,2,4.0,3.0,4.8,2.5,4.8,0,0,0,1,0,0.183,73.5,1
9.1,16.3,33.5,25.5,15.5,300000,30,28000.0,182,6.5,148.0,404,5,4.5,3.8,3.5,3.8,4.0,0,0,0,0,0,0.093,82.3,2
9.1,16.3,33.5,25.5,15.5,300000,30,27000.0,131,5.4,122.0,319,5,4.3,3.5,2.2,4.5,3.5,0,1,1,0,0,0.09,74.3,1
9.1,16.3,33.5,25.5,15.5,300000,30,38000.0,184,6.0,137.0,587,5,4.5,4.0,2.5,4.2,3.5,0,1,1,0,0,0.127,84.4,2
9.1,16.3,33.5,25.5,15.5,300000,30,35000.0,184,6.2,141.0,380,5,4.5,3.8,3.0,4.0,4.0,0,1,1,0,0,0.117,83.5,2
9.1,16.3,33.5,25.5,15.5,300000,30,13000.0,100,5.8,132.0,351,5,4.0,3.2,2.5,4.3,3.5,0,0,0,0,0,0.043,72.4,1
9.1,16.3,33.5,25.5,15.5,300000,30,19000.0,160,6.5,148.0,395,5,4.3,3.5,3.0,4.0,3.5,0,0,0,0,0,0.063,72.1,1
9.1,16.3,33.5,25.5,15.5,300000,30,35000.0,280,8.0,183.0,395,5,4.0,3.2,4.7,2.8,4.0,0,0,0,0,0,0.117,72.5,1
9.1,16.3,33.5,25.5,15.5,300000,30,28000.0,230,5.5,126.0,546,5,4.5,4.0,2.8,4.3,4.2,0,1,1,0,0,0.093,88.2,2
9.1,16.3,33.5,25.5,15.5,300000,30,24000.0,120,6.2,141.0,466,5,4.3,3.5,2.2,4.0,3.8,0,0,1,0,0,0.08,68.3,1
9.1,16.3,33.5,25.5,15.5,300000,30,35000.0,204,14.7,0.0,466,5,4.3,3.5,3.0,4.5,3.8,1,0,1,0,0,0.117,77.4,2
9.1,16.3,33.5,25.5,15.5,300000,30,42000.0,325,16.8,0.0,527,5,4.8,4.3,3.5,4.3,4.8,1,0,1,0,0,0.14,93.4,2
9.1,16.3,33.5,25.5,15.5,300000,30,45000.0,325,14.3,0.0,401,5,4.8,4.3,3.5,4.5,4.8,1,0,0,0,1,0.15,93.7,2
9.1,16.3,33.5,25.5,15.5,300000,30,10500.0,67,4.8,109.0,255,5,3.2,2.5,1.5,4.8,2.8,0,0,0,0,0,0.035,61.4,1
9.1,16.3,33.5,25.5,15.5,300000,30,19000.0,160,6.5,148.0,395,5,4.2,3.5,3.0,4.0,3.5,0,0,0,0,0,0.063,72.6,1
9.1,16.3,33.5,25.5,15.5,300000,30,30000.0,230,5.5,126.0,543,5,4.5,4.0,2.8,4.3,4.3,0,1,1,0,0,0.1,89.0,2
9.1,16.3,33.5,25.5,15.5,300000,30,45000.0,325,16.5,0.0,490,5,4.8,4.2,4.0,4.3,4.8,1,0,1,0,0,0.15,96.2,2
9.1,16.3,33.5,25.5,15.5,300000,30,40000.0,245,8.5,194.0,406,5,4.2,4.0,4.2,3.0,4.5,0,0,0,0,1,0.133,73.6,1
9.1,16.3,33.5,25.5,15.5,300000,30,22000.0,150,6.5,148.0,358,5,4.3,3.8,3.5,3.8,4.5,0,0,0,0,0,0.073,77.7,2
9.1,16.3,33.5,25.5,15.5,300000,30,28000.0,165,7.1,163.0,506,5,4.3,4.0,3.0,3.5,4.0,0,0,1,0,0,0.093,75.8,2
9.1,16.3,33.5,25.5,15.5,300000,30,24000.0,150,6.5,148.0,430,5,4.3,3.8,3.0,3.8,4.3,0,0,1,0,0,0.08,80.7,2
9.1,16.3,33.5,25.5,15.5,300000,30,30000.0,184,6.8,155.0,130,2,3.5,3.0,4.5,3.5,4.8,0,0,0,1,0,0.1,75.0,2
9.1,16.3,33.5,25.5,15.5,300000,30,10000.0,100,5.4,123.0,300,5,3.8,2.8,2.0,4.5,3.0,0,0,0,0,0,0.033,66.1,1
9.1,16.3,33.5,25.5,15.5,300000,30,27000.0,158,6.5,148.0,504,5,4.3,3.8,2.5,3.8,3.8,0,0,1,0,0,0.09,74.5,1
9.1,16.3,33.5,25.5,15.5,300000,30,28000.0,150,15.5,0.0,435,5,4.0,3.5,2.5,4.5,3.0,1,0,0,0,0,0.093,66.8,1
9.1,16.3,33.5,25.5,15.5,300000,30,42000.0,242,16.5,0.0,468,5,4.5,4.2,3.0,4.2,4.2,1,0,1,0,0,0.14,88.0,2
9.1,16.3,33.5,25.5,15.5,300000,30,22000.0,136,6.5,148.0,380,5,4.3,3.5,3.5,3.5,4.0,0,0,0,0,0,0.073,75.1,2
9.1,16.3,33.5,25.5,15.5,300000,30,32000.0,170,6.8,155.0,380,5,4.5,3.8,3.8,3.3,4.3,0,0,0,0,0,0.107,84.0,2
9.1,16.3,33.5,25.5,15.5,300000,30,28000.0,190,5.2,137.0,480,5,4.5,4.2,4.0,4.0,4.5,0,0,0,0,1,0.093,86.9,2
9.1,16.3,33.5,25.5,15.5,300000,30,42000.0,245,7.0,159.0,480,5,4.8,4.3,4.2,3.5,4.5,0,0,0,0,1,0.14,87.7,2
9.1,16.3,33.5,25.5,15.5,300000,30,40000.0,190,5.5,144.0,530,5,4.8,4.8,3.5,3.8,4.8,0,0,0,0,1,0.133,87.6,2
9.1,16.3,33.5,25.5,15.5,300000,30,55000.0,299,7.5,171.0,520,5,5.0,4.8,4.0,3.3,4.8,0,0,0,0,1,0.183,86.7,2
9.1,16.3,33.5,25.5,15.5,300000,30,32000.0,136,6.8,155.0,540,5,4.5,4.0,3.0,3.5,4.0,0,0,1,0,0,0.107,80.3,2
9.1,16.3,33.5,25.5,15.5,300000,30,40000.0,190,5.8,152.0,550,5,4.8,4.3,3.2,3.8,4.3,0,0,1,0,0,0.133,83.5,2
9.1,16.3,33.5,25.5,15.5,300000,30,58000.0,286,6.8,179.0,650,5,5.0,4.8,3.5,3.2,4.5,0,0,1,0,0,0.193,89.7,2
9.1,16.3,33.5,25.5,15.5,300000,30,52000.0,286,17.5,0.0,510,5,4.8,4.2,3.5,4.0,4.3,1,0,1,0,0,0.173,84.6,2
9.1,16.3,33.5,25.5,15.5,300000,30,48000.0,340,16.1,0.0,470,5,4.8,4.2,4.2,4.0,4.8,1,0,0,0,1,0.16,94.8,2
9.1,16.3,33.5,25.5,15.5,300000,30,72000.0,480,9.0,205.0,480,5,4.5,3.8,5.0,2.2,4.8,0,0,0,0,1,0.24,77.9,2
9.1,16.3,33.5,25.5,15.5,300000,30,78000.0,480,9.2,210.0,440,4,4.5,3.5,5.0,2.0,4.8,0,0,0,1,0,0.26,82.9,2
9.1,16.3,33.5,25.5,15.5,300000,30,90000.0,510,9.5,217.0,440,4,4.5,3.5,5.0,1.8,5.0,0,0,0,1,0,0.3,80.7,2
9.1,16.3,33.5,25.5,15.5,300000,30,24000.0,163,6.5,148.0,370,5,4.3,3.8,3.0,3.5,4.2,0,0,0,0,0,0.08,74.5,1
9.1,16.3,33.5,25.5,15.5,300000,30,30000.0,163,6.3,144.0,370,5,4.5,4.0,3.0,3.5,4.3,0,0,0,0,0,0.1,78.9,2
9.1,16.3,33.5,25.5,15.5,300000,30,38000.0,204,6.8,155.0,455,5,4.8,4.5,3.5,3.5,4.8,0,0,0,0,1,0.127,89.8,2
9.1,16.3,33.5,25.5,15.5,300000,30,45000.0,313,2.0,46.0,455,5,5.0,4.8,3.8,4.2,4.8,0,1,0,0,1,0.15,93.0,2
9.1,16.3,33.5,25.5,15.5,300000,30,45000.0,220,5.5,144.0,540,5,5.0,4.8,3.2,3.8,4.8,0,0,0,0,1,0.15,91.1,2
9.1,16.3,33.5,25.5,15.5,300000,30,58000.0,313,2.0,46.0,540,5,5.0,5.0,3.5,4.0,5.0,0,1,0,0,1,0.193,92.1,2
9.1,16.3,33.5,25.5,15.5,300000,30,32000.0,163,6.8,155.0,435,5,4.5,4.0,2.8,3.5,4.2,0,0,1,0,0,0.107,82.1,2
9.1,16.3,33.5,25.5,15.5,300000,30,45000.0,204,7.2,164.0,600,5,4.8,4.5,3.0,3.3,4.5,0,0,1,0,0,0.15,86.1,2
9.1,16.3,33.5,25.5,15.5,300000,30,60000.0,272,7.0,184.0,630,5,5.0,4.8,3.0,3.0,4.5,0,0,1,0,0,0.2,84.2,2
9.1,16.3,33.5,25.5,15.5,300000,30,42000.0,190,17.0,0.0,340,5,4.5,4.0,2.8,4.2,4.2,1,0,1,0,0,0.14,82.4,2
9.1,16.3,33.5,25.5,15.5,300000,30,55000.0,408,21.3,0.0,500,5,4.8,4.3,3.5,3.5,4.3,1,0,1,0,0,0.183,84.0,2
9.1,16.3,33.5,25.5,15.5,300000,30,62000.0,408,9.0,206.0,455,5,4.8,4.2,4.8,2.5,4.8,0,0,0,0,1,0.207,85.2,2
9.1,16.3,33.5,25.5,15.5,300000,30,85000.0,680,6.9,157.0,350,5,4.8,4.0,5.0,2.5,5.0,0,1,0,0,1,0.283,85.0,2
9.1,16.3,33.5,25.5,15.5,300000,30,18000.0,116,5.8,132.0,335,5,4.0,3.2,2.5,4.0,4.0,0,0,0,0,0,0.06,66.3,1
9.1,16.3,33.5,25.5,15.5,300000,30,28000.0,150,6.2,141.0,380,5,4.5,3.8,3.2,3.8,4.3,0,0,0,0,1,0.093,83.2,2
9.1,16.3,33.5,25.5,15.5,300000,30,30000.0,163,5.2,137.0,460,5,4.5,4.3,3.5,4.0,4.5,0,0,0,0,1,0.1,83.3,2
9.1,16.3,33.5,25.5,15.5,300000,30,42000.0,204,6.8,155.0,460,5,4.8,4.5,3.5,3.5,4.5,0,0,0,0,1,0.14,83.2,2
9.1,16.3,33.5,25.5,15.5,300000,30,42000.0,204,5.5,144.0,530,5,4.8,4.8,3.2,3.8,4.8,0,0,0,0,1,0.14,87.5,2
9.1,16.3,33.5,25.5,15.5,300000,30,30000.0,150,6.8,155.0,530,5,4.5,4.0,2.8,3.5,4.2,0,0,1,0,0,0.1,79.6,2
9.1,16.3,33.5,25.5,15.5,300000,30,42000.0,204,6.0,158.0,520,5,4.8,4.3,3.0,3.5,4.3,0,0,1,0,0,0.14,85.2,2
9.1,16.3,33.5,25.5,15.5,300000,30,55000.0,286,7.2,189.0,705,7,5.0,4.8,3.0,3.0,4.5,0,0,1,0,0,0.183,89.2,2
9.1,16.3,33.5,25.5,15.5,300000,30,85000.0,476,19.6,0.0,405,4,5.0,4.5,4.8,3.5,5.0,1,0,0,0,1,0.283,91.9,2
9.1,16.3,33.5,25.5,15.5,300000,30,82000.0,450,9.8,224.0,465,4,4.5,3.8,4.8,2.0,5.0,0,0,0,1,0,0.273,78.3,2
9.1,16.3,33.5,25.5,15.5,300000,30,85000.0,450,9.8,224.0,465,5,4.5,4.0,4.8,2.0,5.0,0,0,0,0,1,0.283,81.1,2
9.1,16.3,33.5,25.5,15.5,300000,30,55000.0,400,8.5,194.0,321,5,4.5,3.5,4.8,2.5,4.5,0,0,0,0,1,0.183,79.3,2
9.1,16.3,33.5,25.5,15.5,300000,30,32000.0,163,7.0,160.0,452,5,4.8,4.0,2.5,3.5,4.0,0,0,1,0,0,0.107,81.9,2
9.1,16.3,33.5,25.5,15.5,300000,30,42000.0,197,6.2,163.0,483,5,5.0,4.5,2.8,3.5,4.3,0,0,1,0,0,0.14,86.6,2
9.1,16.3,33.5,25.5,15.5,300000,30,58000.0,303,2.4,55.0,640,7,5.0,4.8,2.5,4.0,4.5,0,1,1,0,0,0.193,88.7,2
9.1,16.3,33.5,25.5,15.5,300000,30,48000.0,408,17.8,0.0,413,5,5.0,4.0,3.5,4.0,4.5,1,0,1,0,0,0.16,90.7,2
9.1,16.3,33.5,25.5,15.5,300000,30,35000.0,197,7.0,160.0,442,5,5.0,4.3,3.5,3.5,4.5,0,0,0,0,1,0.117,86.9,2
9.1,16.3,33.5,25.5,15.5,300000,30,40000.0,325,14.0,0.0,561,5,4.8,3.8,4.2,4.5,4.5,1,0,0,0,1,0.133,94.9,2
9.1,16.3,33.5,25.5,15.5,300000,30,45000.0,325,15.0,0.0,854,5,4.8,3.8,3.8,4.3,4.3,1,0,1,0,0,0.15,90.2,2
9.1,16.3,33.5,25.5,15.5,300000,30,85000.0,670,16.8,0.0,793,5,4.8,4.5,4.8,3.8,4.8,1,0,0,0,1,0.283,92.5,2
9.1,16.3,33.5,25.5,15.5,300000,30,95000.0,670,18.5,0.0,935,7,4.8,4.5,4.0,3.5,4.5,1,0,1,0,0,0.317,93.9,2
9.1,16.3,33.5,25.5,15.5,300000,30,12000.0,69,5.2,119.0,185,4,3.5,2.5,1.5,4.5,4.0,0,0,0,0,0,0.04,66.2,1
9.1,16.3,33.5,25.5,15.5,300000,30,14000.0,100,6.2,141.0,520,5,3.5,3.0,2.0,4.2,2.8,0,0,0,0,1,0.047,61.8,1
9.1,16.3,33.5,25.5,15.5,300000,30,25000.0,118,13.0,0.0,185,4,3.8,2.8,2.5,4.5,4.5,1,0,0,0,0,0.083,74.4,1
9.1,16.3,33.5,25.5,15.5,300000,30,25000.0,136,5.8,132.0,211,4,4.0,3.3,3.5,3.5,4.5,0,0,0,0,0,0.083,71.3,1
9.1,16.3,33.5,25.5,15.5,300000,30,32000.0,136,6.8,155.0,450,5,4.2,3.5,3.0,3.2,4.2,0,0,1,0,0,0.107,72.2,1
9.1,16.3,33.5,25.5,15.5,300000,30,35000.0,200,7.2,164.0,480,5,4.3,3.8,4.2,3.0,4.8,0,0,0,0,1,0.117,75.1,2
9.1,16.3,33.5,25.5,15.5,300000,30,38000.0,200,7.5,171.0,525,5,4.3,3.8,3.5,3.0,4.5,0,0,1,0,0,0.127,76.5,2
9.1,16.3,33.5,25.5,15.5,300000,30,75000.0,510,9.5,217.0,480,5,4.0,3.5,5.0,2.0,5.0,0,0,0,0,1,0.25,74.5,1
9.1,16.3,33.5,25.5,15.5,300000,30,24000.0,150,7.0,160.0,345,5,4.5,3.5,3.5,3.5,3.2,0,0,0,0,0,0.08,78.1,2
9.1,16.3,33.5,25.5,15.5,300000,30,32000.0,150,7.5,171.0,520,5,4.8,3.8,2.5,3.3,3.0,0,0,1,0,0,0.107,77.5,2
9.1,16.3,33.5,25.5,15.5,300000,30,28000.0,150,7.2,164.0,385,5,4.5,3.5,3.0,3.3,3.2,0,0,1,0,0,0.093,75.3,2
9.1,16.3,33.5,25.5,15.5,300000,30,12000.0,83,5.2,119.0,265,5,3.5,2.8,2.5,4.8,3.0,0,0,0,0,0,0.04,66.1,1
9.1,16.3,33.5,25.5,15.5,300000,30,20000.0,129,6.5,148.0,375,5,3.8,3.2,2.5,4.0,3.2,0,0,1,0,0,0.067,66.4,1
9.1,16.3,33.5,25.5,15.5,300000,30,20000.0,150,6.5,148.0,393,5,3.8,3.3,2.2,3.8,3.2,0,0,1,0,0,0.067,62.6,1
9.1,16.3,33.5,25.5,15.5,300000,30,40000.0,252,1.8,41.0,469,5,4.5,4.0,2.8,4.5,3.5,0,1,1,0,0,0.133,83.6,2
9.1,16.3,33.5,25.5,15.5,300000,30,22000.0,130,7.0,160.0,351,5,3.5,3.0,2.5,3.5,3.5,0,0,1,0,0,0.073,64.2,1
9.1,16.3,33.5,25.5,15.5,300000,30,28000.0,130,5.8,152.0,438,5,3.8,3.3,2.5,3.8,3.3,0,0,1,0,0,0.093,72.6,1
9.1,16.3,33.5,25.5,15.5,300000,30,55000.0,272,10.0,228.0,548,5,3.5,2.8,3.5,2.5,4.0,0,0,1,0,0,0.183,67.2,1
9.1,16.3,33.5,25.5,15.5,300000,30,38000.0,163,6.2,163.0,602,5,4.3,4.0,2.5,3.2,4.0,0,0,1,0,0,0.127,73.1,1
9.1,16.3,33.5,25.5,15.5,300000,30,42000.0,163,6.5,171.0,591,5,4.3,4.2,2.8,3.0,4.8,0,0,1,0,0,0.14,78.9,2
9.1,16.3,33.5,25.5,15.5,300000,30,80000.0,350,8.0,210.0,780,5,4.8,4.8,3.5,2.5,5.0,0,0,1,0,0,0.267,87.3,2
9.1,16.3,33.5,25.5,15.5,300000,30,58000.0,265,8.8,201.0,488,5,4.8,4.2,4.3,2.5,4.8,0,0,1,0,0,0.193,81.4,2
9.1,16.3,33.5,25.5,15.5,300000,30,72000.0,340,9.5,216.0,745,5,5.0,4.5,4.0,2.2,4.8,0,0,1,0,0,0.24,87.0,2
9.1,16.3,33.5,25.5,15.5,300000,30,110000.0,385,9.0,205.0,132,4,4.5,3.5,5.0,2.0,5.0,0,0,0,1,0,0.367,84.9,2
9.1,16.3,33.5,25.5,15.5,300000,30,195000.0,650,11.1,253.0,128,4,4.5,3.5,5.0,1.5,5.0,0,0,0,1,0,0.65,83.4,2
9.1,16.3,33.5,25.5,15.5,300000,30,90000.0,408,19.5,0.0,366,4,5.0,4.5,4.8,3.5,5.0,1,0,0,0,1,0.3,92.9,2
9.1,16.3,33.5,25.5,15.5,300000,30,95000.0,353,9.5,216.0,495,4,5.0,4.8,4.2,2.5,5.0,0,0,0,0,1,0.317,90.4,2
9.1,16.3,33.5,25.5,15.5,300000,30,225000.0,640,13.5,308.0,100,2,3.5,2.0,5.0,1.0,5.0,0,0,0,1,0,0.75,62.8,1
9.1,16.3,33.5,25.5,15.5,300000,30,260000.0,640,13.7,312.0,100,2,3.5,2.0,5.0,1.0,5.0,0,0,0,1,0,0.867,66.9,1
9.1,16.3,33.5,25.5,15.5,300000,30,210000.0,650,12.5,285.0,616,5,4.0,3.8,4.8,1.0,5.0,0,0,1,0,0,0.7,73.7,1
9.1,16.3,33.5,25.5,15.5,300000,30,280000.0,720,14.0,319.0,200,2,3.5,2.0,5.0,1.0,5.0,0,0,0,1,0,0.933,61.5,1
9.1,16.3,33.5,25.5,15.5,300000,30,220000.0,620,11.5,262.0,272,2,3.8,3.0,5.0,1.0,5.0,0,0,0,1,0,0.733,73.2,1
9.1,16.3,33.5,25.5,15.5,300000,30,270000.0,720,12.2,278.0,150,2,3.5,2.2,5.0,1.0,5.0,0,0,0,1,0,0.9,67.3,1
9.1,16.3,33.5,25.5,15.5,300000,30,160000.0,535,11.0,251.0,235,2,3.8,3.2,4.8,1.2,5.0,0,0,0,1,0,0.533,68.9,1
9.1,16.3,33.5,25.5,15.5,300000,30,200000.0,639,12.0,274.0,270,4,4.0,3.8,4.5,1.0,5.0,0,0,0,1,0,0.667,73.8,1
9.1,16.3,33.5,25.5,15.5,300000,30,70000.0,350,10.0,228.0,500,5,4.2,4.2,4.2,2.0,5.0,0,0,0,0,1,0.233,72.2,1
9.1,16.3,33.5,25.5,15.5,300000,30,78000.0,350,10.5,239.0,580,5,4.2,4.2,3.5,1.8,4.8,0,0,1,0,0,0.26,71.2,1
9.1,16.3,33.5,25.5,15.5,300000,30,215000.0,630,11.5,262.0,150,2,3.5,2.5,5.0,1.0,5.0,0,0,0,1,0,0.717,69.5,1
9.1,16.3,33.5,25.5,15.5,300000,30,48000.0,204,6.8,179.0,619,5,4.5,4.2,3.2,3.2,4.5,0,0,1,0,0,0.16,83.6,2
9.1,16.3,33.5,25.5,15.5,300000,30,65000.0,400,22.0,0.0,505,5,4.8,4.0,4.0,3.2,4.8,1,0,1,0,0,0.217,88.3,2
9.1,16.3,33.5,25.5,15.5,300000,30,75000.0,450,10.0,228.0,310,2,4.0,3.2,4.8,1.8,5.0,0,0,0,1,0,0.25,73.5,1
9.1,16.3,33.5,25.5,15.5,300000,30,32000.0,184,4.8,110.0,320,5,4.8,3.8,2.5,4.5,4.0,0,1,1,0,0,0.107,89.1,2
9.1,16.3,33.5,25.5,15.5,300000,30,42000.0,244,5.8,132.0,520,5,5.0,4.5,2.8,4.2,4.5,0,1,1,0,0,0.14,90.0,2
9.1,16.3,33.5,25.5,15.5,300000,30,55000.0,308,6.0,137.0,612,5,5.0,4.8,3.0,3.8,4.5,0,1,1,0,0,0.183,87.5,2
9.1,16.3,33.5,25.5,15.5,300000,30,42000.0,218,4.8,110.0,454,5,5.0,4.8,2.5,4.5,4.5,0,1,0,0,1,0.14,90.6,2
9.1,16.3,33.5,25.5,15.5,300000,30,95000.0,471,10.0,228.0,197,4,4.5,4.0,4.5,2.0,5.0,0,0,0,1,0,0.317,83.2,2
9.1,16.3,33.5,25.5,15.5,300000,30,35000.0,204,15.5,0.0,385,5,4.3,3.5,3.5,4.2,4.3,1,0,0,0,0,0.117,81.8,2
9.1,16.3,33.5,25.5,15.5,300000,30,35000.0,245,7.5,171.0,420,5,4.3,3.5,4.0,3.0,4.5,0,0,1,0,0,0.117,78.4,2
9.1,16.3,33.5,25.5,15.5,300000,30,38000.0,300,7.5,170.0,380,5,4.3,3.5,4.7,2.8,4.5,0,0,0,0,0,0.127,77.3,2
9.1,16.3,33.5,25.5,15.5,300000,30,62000.0,300,8.0,183.0,150,2,4.0,3.0,4.8,2.5,4.8,0,0,0,1,0,0.207,72.6,1
9.1,16.3,33.5,25.5,15.5,300000,30,48000.0,258,7.5,171.0,281,2,4.0,3.2,4.5,2.8,4.8,0,0,0,1,0,0.16,71.7,1
9.1,16.3,33.5,25.5,15.5,300000,30,150000.0,585,11.3,258.0,350,2,4.3,3.2,5.0,1.5,5.0,0,0,0,1,0,0.5,73.7,1
9.1,16.3,33.5,25.5,15.5,300000,30,110000.0,449,9.0,206.0,550,5,5.0,5.0,3.5,2.5,5.0,0,0,0,0,1,0.367,88.2,2
9.1,16.3,33.5,25.5,15.5,300000,30,100000.0,400,8.5,194.0,540,5,5.0,5.0,3.5,2.5,5.0,0,0,0,0,1,0.333,83.8,2
9.1,16.3,33.5,25.5,15.5,300000,30,90000.0,340,8.0,183.0,505,5,5.0,5.0,3.2,2.8,5.0,0,0,0,0,1,0.3,90.3,2
9.1,16.3,33.5,25.5,15.5,300000,30,38000.0,245,8.0,183.0,330,5,4.5,4.0,4.0,3.0,4.3,0,0,0,0,1,0.127,85.2,2
9.1,16.3,33.5,25.5,15.5,300000,30,42000.0,245,8.5,194.0,542,5,4.8,4.2,3.5,3.0,4.5,0,0,1,0,0,0.14,80.6,2
9.1,16.3,33.5,25.5,15.5,300000,30,42000.0,408,15.5,0.0,405,5,4.8,4.0,4.0,4.2,4.5,1,0,0,0,1,0.14,87.0,2
37.7,6.0,13.8,18.2,24.3,25000,80,6500.0,73,6.4,149.0,510,5,3.0,2.5,1.5,4.8,2.0,0,0,0,0,1,0.26,59.6,1
37.7,6.0,13.8,18.2,24.3,25000,80,9800.0,91,6.0,137.0,528,5,3.4,3.0,1.5,4.7,2.8,0,0,0,0,1,0.392,72.2,1
37.7,6.0,13.8,18.2,24.3,25000,80,7200.0,73,6.2,144.0,328,5,3.2,2.5,1.8,4.6,2.5,0,0,0,0,0,0.288,53.5,0
37.7,6.0,13.8,18.2,24.3,25000,80,13500.0,91,6.1,139.0,328,5,3.4,3.0,2.0,4.5,3.2,0,0,0,0,0,0.54,67.4,1
37.7,6.0,13.8,18.2,24.3,25000,80,14000.0,115,5.7,150.0,445,5,3.0,3.0,2.0,4.2,2.8,0,0,1,0,0,0.56,67.1,1
37.7,6.0,13.8,18.2,24.3,25000,80,19500.0,130,6.8,155.0,445,5,3.5,3.2,2.2,4.0,3.5,0,0,1,0,0,0.78,68.1,1
37.7,6.0,13.8,18.2,24.3,25000,80,15800.0,110,6.4,146.0,708,7,3.2,3.2,1.5,4.3,3.0,0,0,0,0,0,0.632,72.4,1
37.7,6.0,13.8,18.2,24.3,25000,80,12000.0,65,14.5,0.0,290,4,2.8,2.2,1.2,4.9,2.5,1,0,0,0,0,0.48,56.9,1
37.7,6.0,13.8,18.2,24.3,25000,80,11500.0,100,5.8,132.0,391,5,4.2,3.5,2.5,4.3,3.5,0,0,0,0,0,0.46,73.2,1
37.7,6.0,13.8,18.2,24.3,25000,80,16000.0,140,4.3,98.0,391,5,4.2,3.8,2.8,4.7,3.8,0,1,0,0,0,0.64,82.9,2
37.7,6.0,13.8,18.2,24.3,25000,80,13000.0,115,4.8,128.0,384,5,4.0,3.5,2.8,4.2,3.3,0,0,0,0,0,0.52,70.9,1
37.7,6.0,13.8,18.2,24.3,25000,80,17500.0,130,6.4,147.0,422,5,4.0,3.5,2.2,4.0,3.5,0,0,1,0,0,0.7,76.8,2
37.7,6.0,13.8,18.2,24.3,25000,80,14500.0,100,5.9,136.0,309,5,4.2,3.5,2.5,4.2,4.0,0,0,0,0,0,0.58,75.4,2
37.7,6.0,13.8,18.2,24.3,25000,80,16500.0,100,5.8,132.0,309,5,4.2,3.5,2.5,4.2,4.2,0,0,0,0,0,0.66,82.0,2
37.7,6.0,13.8,18.2,24.3,25000,80,22000.0,130,6.1,139.0,412,5,4.3,3.8,3.0,4.0,4.3,0,0,0,0,0,0.88,83.1,2
37.7,6.0,13.8,18.2,24.3,25000,80,24000.0,130,5.2,138.0,520,5,4.3,4.0,2.5,4.2,4.0,0,0,1,0,0,0.96,86.4,2
37.7,6.0,13.8,18.2,24.3,25000,80,12000.0,83,5.8,132.0,300,5,3.5,3.2,1.5,4.5,3.0,0,0,0,0,0,0.48,65.7,1
37.7,6.0,13.8,18.2,24.3,25000,80,18000.0,110,6.2,142.0,410,5,3.5,3.3,1.8,4.2,3.2,0,0,1,0,0,0.72,71.6,1
37.7,6.0,13.8,18.2,24.3,25000,80,22000.0,130,6.0,137.0,380,5,4.0,4.0,2.2,4.0,3.8,0,0,0,0,0,0.88,79.0,2
37.7,6.0,13.8,18.2,24.3,25000,80,26000.0,130,5.5,144.0,580,5,4.2,4.2,2.0,4.0,3.5,0,0,1,0,0,1.04,84.0,2
37.7,6.0,13.8,18.2,24.3,25000,80,14000.0,100,5.8,132.0,309,5,4.0,3.3,2.5,4.3,3.3,0,0,0,0,0,0.56,69.8,1
37.7,6.0,13.8,18.2,24.3,25000,80,27000.0,136,15.2,0.0,267,5,4.0,3.3,2.8,4.5,3.5,1,0,0,0,0,1.08,73.3,1
37.7,6.0,13.8,18.2,24.3,25000,80,23000.0,130,6.1,139.0,422,5,4.2,3.8,3.0,4.0,4.0,0,0,0,0,0,0.92,82.0,2
37.7,6.0,13.8,18.2,24.3,25000,80,22000.0,130,6.5,148.0,350,5,4.0,3.5,2.5,3.8,4.0,0,0,1,0,0,0.88,80.4,2
37.7,6.0,13.8,18.2,24.3,25000,80,10500.0,100,5.9,136.0,292,5,3.8,3.0,3.0,4.3,3.2,0,0,0,0,0,0.42,67.3,1
37.7,6.0,13.8,18.2,24.3,25000,80,15000.0,125,6.0,137.0,375,5,4.2,3.5,3.3,4.0,3.5,0,0,0,0,0,0.6,78.9,2
37.7,6.0,13.8,18.2,24.3,25000,80,20000.0,120,4.7,123.0,575,5,4.2,3.8,2.8,4.5,3.3,0,0,0,0,0,0.8,84.2,2
37.7,6.0,13.8,18.2,24.3,25000,80,22000.0,125,5.4,124.0,456,5,4.3,3.5,2.8,4.3,4.0,0,1,1,0,0,0.88,77.6,2
37.7,6.0,13.8,18.2,24.3,25000,80,25000.0,190,1.4,32.0,475,5,4.3,3.8,2.8,4.5,3.5,0,1,1,0,0,1.0,77.3,2
37.7,6.0,13.8,18.2,24.3,25000,80,13000.0,95,5.7,130.0,351,5,4.2,3.5,2.5,4.3,3.5,0,0,0,0,0,0.52,69.9,1
37.7,6.0,13.8,18.2,24.3,25000,80,18000.0,110,5.6,128.0,351,5,4.3,3.5,2.8,4.3,3.7,0,0,0,0,0,0.72,77.5,2
37.7,6.0,13.8,18.2,24.3,25000,80,18500.0,130,6.0,137.0,381,5,4.5,4.0,3.5,4.0,4.0,0,0,0,0,0,0.74,83.8,2
37.7,6.0,13.8,18.2,24.3,25000,80,20000.0,150,5.0,132.0,650,5,4.5,4.3,3.0,4.3,3.8,0,0,0,0,0,0.8,94.9,2
37.7,6.0,13.8,18.2,24.3,25000,80,14500.0,110,5.5,126.0,380,5,4.0,3.3,2.5,4.5,3.2,0,0,0,0,0,0.58,71.5,1
37.7,6.0,13.8,18.2,24.3,25000,80,18000.0,150,4.8,126.0,640,5,4.5,4.0,3.0,4.5,3.5,0,0,0,0,0,0.72,88.1,2
37.7,6.0,13.8,18.2,24.3,25000,80,25000.0,150,6.2,141.0,640,5,4.5,4.2,3.0,4.2,3.8,0,0,0,0,0,1.0,89.1,2
37.7,6.0,13.8,18.2,24.3,25000,80,20000.0,110,6.0,137.0,400,5,4.2,3.5,2.2,4.2,3.5,0,0,1,0,0,0.8,73.5,1
37.7,6.0,13.8,18.2,24.3,25000,80,13500.0,110,5.6,128.0,355,5,4.0,3.2,2.8,4.3,3.5,0,0,0,0,0,0.54,71.7,1
37.7,6.0,13.8,18.2,24.3,25000,80,20000.0,150,6.0,137.0,380,5,4.3,3.5,3.5,4.0,4.0,0,0,0,0,0,0.8,81.0,2
37.7,6.0,13.8,18.2,24.3,25000,80,25000.0,150,5.6,147.0,510,5,4.3,3.8,2.8,4.2,3.5,0,0,1,0,0,1.0,79.2,2
37.7,6.0,13.8,18.2,24.3,25000,80,15000.0,116,3.8,87.0,286,5,4.5,3.3,2.2,4.8,3.2,0,1,0,0,0,0.6,78.3,2
37.7,6.0,13.8,18.2,24.3,25000,80,22000.0,116,4.4,101.0,320,5,4.5,3.5,2.0,4.7,3.5,0,1,1,0,0,0.88,81.0,2
37.7,6.0,13.8,18.2,24.3,25000,80,22000.0,140,4.5,103.0,361,5,4.5,3.8,3.0,4.7,3.8,0,1,0,0,0,0.88,82.4,2
37.7,6.0,13.8,18.2,24.3,25000,80,27000.0,131,5.4,122.0,319,5,4.3,3.5,2.2,4.5,3.5,0,1,1,0,0,1.08,77.6,2
37.7,6.0,13.8,18.2,24.3,25000,80,13000.0,100,5.8,132.0,351,5,4.0,3.2,2.5,4.3,3.5,0,0,0,0,0,0.52,75.4,2
37.7,6.0,13.8,18.2,24.3,25000,80,19000.0,160,6.5,148.0,395,5,4.3,3.5,3.0,4.0,3.5,0,0,0,0,0,0.76,76.8,2
37.7,6.0,13.8,18.2,24.3,25000,80,24000.0,120,6.2,141.0,466,5,4.3,3.5,2.2,4.0,3.8,0,0,1,0,0,0.96,76.4,2
37.7,6.0,13.8,18.2,24.3,25000,80,10500.0,67,4.8,109.0,255,5,3.2,2.5,1.5,4.8,2.8,0,0,0,0,0,0.42,59.6,1
37.7,6.0,13.8,18.2,24.3,25000,80,19000.0,160,6.5,148.0,395,5,4.2,3.5,3.0,4.0,3.5,0,0,0,0,0,0.76,74.5,1
37.7,6.0,13.8,18.2,24.3,25000,80,22000.0,150,6.5,148.0,358,5,4.3,3.8,3.5,3.8,4.5,0,0,0,0,0,0.88,85.1,2
37.7,6.0,13.8,18.2,24.3,25000,80,24000.0,150,6.5,148.0,430,5,4.3,3.8,3.0,3.8,4.3,0,0,1,0,0,0.96,79.1,2
37.7,6.0,13.8,18.2,24.3,25000,80,10000.0,100,5.4,123.0,300,5,3.8,2.8,2.0,4.5,3.0,0,0,0,0,0,0.4,65.1,1
37.7,6.0,13.8,18.2,24.3,25000,80,27000.0,158,6.5,148.0,504,5,4.3,3.8,2.5,3.8,3.8,0,0,1,0,0,1.08,80.9,2
37.7,6.0,13.8,18.2,24.3,25000,80,22000.0,136,6.5,148.0,380,5,4.3,3.5,3.5,3.5,4.0,0,0,0,0,0,0.88,78.6,2
37.7,6.0,13.8,18.2,24.3,25000,80,24000.0,163,6.5,148.0,370,5,4.3,3.8,3.0,3.5,4.2,0,0,0,0,0,0.96,77.9,2
37.7,6.0,13.8,18.2,24.3,25000,80,18000.0,116,5.8,132.0,335,5,4.0,3.2,2.5,4.0,4.0,0,0,0,0,0,0.72,77.2,2
37.7,6.0,13.8,18.2,24.3,25000,80,12000.0,69,5.2,119.0,185,4,3.5,2.5,1.5,4.5,4.0,0,0,0,0,0,0.48,65.1,1
37.7,6.0,13.8,18.2,24.3,25000,80,14000.0,100,6.2,141.0,520,5,3.5,3.0,2.0,4.2,2.8,0,0,0,0,1,0.56,69.0,1
37.7,6.0,13.8,18.2,24.3,25000,80,25000.0,118,13.0,0.0,185,4,3.8,2.8,2.5,4.5,4.5,1,0,0,0,0,1.0,70.9,1
37.7,6.0,13.8,18.2,24.3,25000,80,25000.0,136,5.8,132.0,211,4,4.0,3.3,3.5,3.5,4.5,0,0,0,0,0,1.0,73.8,1
37.7,6.0,13.8,18.2,24.3,25000,80,24000.0,150,7.0,160.0,345,5,4.5,3.5,3.5,3.5,3.2,0,0,0,0,0,0.96,72.1,1
37.7,6.0,13.8,18.2,24.3,25000,80,12000.0,83,5.2,119.0,265,5,3.5,2.8,2.5,4.8,3.0,0,0,0,0,0,0.48,67.3,1
37.7,6.0,13.8,18.2,24.3,25000,80,20000.0,129,6.5,148.0,375,5,3.8,3.2,2.5,4.0,3.2,0,0,1,0,0,0.8,70.9,1
37.7,6.0,13.8,18.2,24.3,25000,80,20000.0,150,6.5,148.0,393,5,3.8,3.3,2.2,3.8,3.2,0,0,1,0,0,0.8,74.1,1
37.7,6.0,13.8,18.2,24.3,25000,80,22000.0,130,7.0,160.0,351,5,3.5,3.0,2.5,3.5,3.5,0,0,1,0,0,0.88,72.7,1
44.9,6.5,21.1,26.2,1.4,40000,80,6500.0,73,6.4,149.0,510,5,3.0,2.5,1.5,4.8,2.0,0,0,0,0,1,0.162,62.5,1
44.9,6.5,21.1,26.2,1.4,40000,80,9800.0,91,6.0,137.0,528,5,3.4,3.0,1.5,4.7,2.8,0,0,0,0,1,0.245,72.2,1
44.9,6.5,21.1,26.2,1.4,40000,80,7200.0,73,6.2,144.0,328,5,3.2,2.5,1.8,4.6,2.5,0,0,0,0,0,0.18,58.0,1
44.9,6.5,21.1,26.2,1.4,40000,80,13500.0,91,6.1,139.0,328,5,3.4,3.0,2.0,4.5,3.2,0,0,0,0,0,0.338,67.3,1
44.9,6.5,21.1,26.2,1.4,40000,80,14000.0,115,5.7,150.0,445,5,3.0,3.0,2.0,4.2,2.8,0,0,1,0,0,0.35,67.3,1
44.9,6.5,21.1,26.2,1.4,40000,80,19500.0,130,6.8,155.0,445,5,3.5,3.2,2.2,4.0,3.5,0,0,1,0,0,0.488,72.0,1
44.9,6.5,21.1,26.2,1.4,40000,80,15800.0,110,6.4,146.0,708,7,3.2,3.2,1.5,4.3,3.0,0,0,0,0,0,0.395,71.8,1
44.9,6.5,21.1,26.2,1.4,40000,80,12000.0,65,14.5,0.0,290,4,2.8,2.2,1.2,4.9,2.5,1,0,0,0,0,0.3,54.9,0
44.9,6.5,21.1,26.2,1.4,40000,80,11500.0,100,5.8,132.0,391,5,4.2,3.5,2.5,4.3,3.5,0,0,0,0,0,0.288,73.3,1
44.9,6.5,21.1,26.2,1.4,40000,80,16000.0,140,4.3,98.0,391,5,4.2,3.8,2.8,4.7,3.8,0,1,0,0,0,0.4,86.5,2
44.9,6.5,21.1,26.2,1.4,40000,80,13000.0,115,4.8,128.0,384,5,4.0,3.5,2.8,4.2,3.3,0,0,0,0,0,0.325,74.5,1
44.9,6.5,21.1,26.2,1.4,40000,80,35000.0,220,16.1,0.0,440,5,4.5,4.0,3.2,4.5,4.2,1,0,0,0,0,0.875,86.9,2
44.9,6.5,21.1,26.2,1.4,40000,80,17500.0,130,6.4,147.0,422,5,4.0,3.5,2.2,4.0,3.5,0,0,1,0,0,0.438,78.7,2
44.9,6.5,21.1,26.2,1.4,40000,80,28000.0,200,4.6,105.0,500,5,4.3,4.0,3.0,4.3,3.8,0,1,1,0,0,0.7,87.7,2
44.9,6.5,21.1,26.2,1.4,40000,80,14500.0,100,5.9,136.0,309,5,4.2,3.5,2.5,4.2,4.0,0,0,0,0,0,0.362,76.0,2
44.9,6.5,21.1,26.2,1.4,40000,80,16500.0,100,5.8,132.0,309,5,4.2,3.5,2.5,4.2,4.2,0,0,0,0,0,0.412,76.5,2
44.9,6.5,21.1,26.2,1.4,40000,80,28000.0,136,15.2,0.0,265,5,4.2,3.5,3.0,4.5,4.2,1,0,0,0,0,0.7,81.3,2
44.9,6.5,21.1,26.2,1.4,40000,80,22000.0,130,6.1,139.0,412,5,4.3,3.8,3.0,4.0,4.3,0,0,0,0,0,0.55,76.1,2
44.9,6.5,21.1,26.2,1.4,40000,80,24000.0,130,5.2,138.0,520,5,4.3,4.0,2.5,4.2,4.0,0,0,1,0,0,0.6,86.8,2
44.9,6.5,21.1,26.2,1.4,40000,80,35000.0,225,1.4,32.0,520,5,4.5,4.2,3.0,4.5,4.5,0,1,1,0,0,0.875,98.2,2
44.9,6.5,21.1,26.2,1.4,40000,80,30000.0,130,5.5,144.0,780,7,4.2,4.0,2.0,4.0,3.8,0,0,1,0,0,0.75,87.6,2
44.9,6.5,21.1,26.2,1.4,40000,80,12000.0,83,5.8,132.0,300,5,3.5,3.2,1.5,4.5,3.0,0,0,0,0,0,0.3,70.1,1
44.9,6.5,21.1,26.2,1.4,40000,80,18000.0,110,6.2,142.0,410,5,3.5,3.3,1.8,4.2,3.2,0,0,1,0,0,0.45,71.5,1
44.9,6.5,21.1,26.2,1.4,40000,80,22000.0,130,6.0,137.0,380,5,4.0,4.0,2.2,4.0,3.8,0,0,0,0,0,0.55,79.2,2
44.9,6.5,21.1,26.2,1.4,40000,80,26000.0,130,5.5,144.0,580,5,4.2,4.2,2.0,4.0,3.5,0,0,1,0,0,0.65,94.1,2
44.9,6.5,21.1,26.2,1.4,40000,80,14000.0,100,5.8,132.0,309,5,4.0,3.3,2.5,4.3,3.3,0,0,0,0,0,0.35,74.3,1
44.9,6.5,21.1,26.2,1.4,40000,80,27000.0,136,15.2,0.0,267,5,4.0,3.3,2.8,4.5,3.5,1,0,0,0,0,0.675,76.5,2
44.9,6.5,21.1,26.2,1.4,40000,80,23000.0,130,6.1,139.0,422,5,4.2,3.8,3.0,4.0,4.0,0,0,0,0,0,0.575,77.6,2
44.9,6.5,21.1,26.2,1.4,40000,80,22000.0,130,6.5,148.0,350,5,4.0,3.5,2.5,3.8,4.0,0,0,1,0,0,0.55,76.7,2
44.9,6.5,21.1,26.2,1.4,40000,80,10500.0,100,5.9,136.0,292,5,3.8,3.0,3.0,4.3,3.2,0,0,0,0,0,0.262,66.1,1
44.9,6.5,21.1,26.2,1.4,40000,80,15000.0,125,6.0,137.0,375,5,4.2,3.5,3.3,4.0,3.5,0,0,0,0,0,0.375,77.1,2
44.9,6.5,21.1,26.2,1.4,40000,80,20000.0,120,4.7,123.0,575,5,4.2,3.8,2.8,4.5,3.3,0,0,0,0,0,0.5,81.4,2
44.9,6.5,21.1,26.2,1.4,40000,80,22000.0,125,5.4,124.0,456,5,4.3,3.5,2.8,4.3,4.0,0,1,1,0,0,0.55,78.4,2
44.9,6.5,21.1,26.2,1.4,40000,80,25000.0,190,1.4,32.0,475,5,4.3,3.8,2.8,4.5,3.5,0,1,1,0,0,0.625,86.7,2
44.9,6.5,21.1,26.2,1.4,40000,80,13000.0,95,5.7,130.0,351,5,4.2,3.5,2.5,4.3,3.5,0,0,0,0,0,0.325,78.5,2
44.9,6.5,21.1,26.2,1.4,40000,80,18000.0,110,5.6,128.0,351,5,4.3,3.5,2.8,4.3,3.7,0,0,0,0,0,0.45,75.1,2
44.9,6.5,21.1,26.2,1.4,40000,80,18500.0,130,6.0,137.0,381,5,4.5,4.0,3.5,4.0,4.0,0,0,0,0,0,0.462,78.5,2
44.9,6.5,21.1,26.2,1.4,40000,80,28000.0,150,5.8,132.0,381,5,4.5,4.2,3.5,4.0,4.2,0,0,0,0,0,0.7,85.9,2
44.9,6.5,21.1,26.2,1.4,40000,80,38000.0,245,7.4,168.0,381,5,4.5,3.8,4.5,3.2,4.5,0,0,0,0,0,0.95,74.7,1
44.9,6.5,21.1,26.2,1.4,40000,80,28000.0,150,5.5,144.0,615,5,4.5,4.2,2.5,4.0,3.8,0,0,1,0,0,0.7,90.7,2
44.9,6.5,21.1,26.2,1.4,40000,80,38000.0,150,7.0,160.0,615,5,4.5,4.3,2.8,3.8,4.2,0,0,1,0,0,0.95,88.3,2
44.9,6.5,21.1,26.2,1.4,40000,80,20000.0,150,5.0,132.0,650,5,4.5,4.3,3.0,4.3,3.8,0,0,0,0,0,0.5,88.5,2
44.9,6.5,21.1,26.2,1.4,40000,80,40000.0,272,7.2,164.0,690,5,4.8,4.5,3.5,3.5,4.2,0,0,0,0,0,1.0,92.3,2
44.9,6.5,21.1,26.2,1.4,40000,80,35000.0,200,5.5,144.0,563,5,4.5,4.5,3.5,4.0,4.8,0,0,0,0,1,0.875,94.9,2
44.9,6.5,21.1,26.2,1.4,40000,80,32000.0,204,15.8,0.0,385,5,4.3,3.8,3.0,4.5,3.8,1,0,0,0,0,0.8,86.0,2
44.9,6.5,21.1,26.2,1.4,40000,80,38000.0,204,17.0,0.0,543,5,4.5,4.0,2.8,4.3,4.0,1,0,1,0,0,0.95,84.5,2
44.9,6.5,21.1,26.2,1.4,40000,80,14500.0,110,5.5,126.0,380,5,4.0,3.3,2.5,4.5,3.2,0,0,0,0,0,0.362,72.2,1
44.9,6.5,21.1,26.2,1.4,40000,80,18000.0,150,4.8,126.0,640,5,4.5,4.0,3.0,4.5,3.5,0,0,0,0,0,0.45,90.4,2
44.9,6.5,21.1,26.2,1.4,40000,80,25000.0,150,6.2,141.0,640,5,4.5,4.2,3.0,4.2,3.8,0,0,0,0,0,0.625,91.1,2
44.9,6.5,21.1,26.2,1.4,40000,80,35000.0,245,7.1,161.0,640,5,4.5,3.8,4.3,3.2,4.2,0,0,0,0,0,0.875,85.3,2
44.9,6.5,21.1,26.2,1.4,40000,80,30000.0,150,5.0,132.0,660,5,4.5,4.5,2.8,4.3,4.0,0,0,0,0,0,0.75,95.7,2
44.9,6.5,21.1,26.2,1.4,40000,80,32000.0,150,5.8,152.0,720,7,4.5,4.2,2.2,4.0,3.5,0,0,1,0,0,0.8,90.8,2
44.9,6.5,21.1,26.2,1.4,40000,80,20000.0,110,6.0,137.0,400,5,4.2,3.5,2.2,4.2,3.5,0,0,1,0,0,0.5,75.6,2
44.9,6.5,21.1,26.2,1.4,40000,80,13500.0,110,5.6,128.0,355,5,4.0,3.2,2.8,4.3,3.5,0,0,0,0,0,0.338,73.1,1
44.9,6.5,21.1,26.2,1.4,40000,80,20000.0,150,6.0,137.0,380,5,4.3,3.5,3.5,4.0,4.0,0,0,0,0,0,0.5,74.6,1
44.9,6.5,21.1,26.2,1.4,40000,80,35000.0,300,7.5,170.0,380,5,4.3,3.5,4.7,3.0,4.3,0,0,0,0,0,0.875,77.0,2
44.9,6.5,21.1,26.2,1.4,40000,80,25000.0,150,5.6,147.0,510,5,4.3,3.8,2.8,4.2,3.5,0,0,1,0,0,0.625,87.7,2
44.9,6.5,21.1,26.2,1.4,40000,80,15000.0,116,3.8,87.0,286,5,4.5,3.3,2.2,4.8,3.2,0,1,0,0,0,0.375,77.8,2
44.9,6.5,21.1,26.2,1.4,40000,80,22000.0,116,4.4,101.0,320,5,4.5,3.5,2.0,4.7,3.5,0,1,1,0,0,0.55,85.8,2
44.9,6.5,21.1,26.2,1.4,40000,80,22000.0,140,4.5,103.0,361,5,4.5,3.8,3.0,4.7,3.8,0,1,0,0,0,0.55,80.5,2
44.9,6.5,21.1,26.2,1.4,40000,80,30000.0,197,5.0,114.0,433,5,4.8,4.0,2.5,4.5,3.8,0,1,1,0,0,0.75,91.8,2
44.9,6.5,21.1,26.2,1.4,40000,80,32000.0,222,5.6,128.0,580,5,4.8,4.0,2.5,4.3,3.5,0,1,1,0,0,0.8,86.6,2
44.9,6.5,21.1,26.2,1.4,40000,80,35000.0,218,4.9,112.0,493,5,4.8,4.5,2.8,4.5,3.8,0,1,0,0,1,0.875,89.8,2
44.9,6.5,21.1,26.2,1.4,40000,80,28000.0,200,4.8,110.0,310,5,4.5,3.5,3.0,4.5,4.2,0,1,1,0,0,0.7,81.6,2
44.9,6.5,21.1,26.2,1.4,40000,80,28000.0,182,6.5,148.0,404,5,4.5,3.8,3.5,3.8,4.0,0,0,0,0,0,0.7,79.3,2
44.9,6.5,21.1,26.2,1.4,40000,80,27000.0,131,5.4,122.0,319,5,4.3,3.5,2.2,4.5,3.5,0,1,1,0,0,0.675,82.4,2
44.9,6.5,21.1,26.2,1.4,40000,80,38000.0,184,6.0,137.0,587,5,4.5,4.0,2.5,4.2,3.5,0,1,1,0,0,0.95,87.7,2
44.9,6.5,21.1,26.2,1.4,40000,80,35000.0,184,6.2,141.0,380,5,4.5,3.8,3.0,4.0,4.0,0,1,1,0,0,0.875,83.6,2
44.9,6.5,21.1,26.2,1.4,40000,80,13000.0,100,5.8,132.0,351,5,4.0,3.2,2.5,4.3,3.5,0,0,0,0,0,0.325,72.1,1
44.9,6.5,21.1,26.2,1.4,40000,80,19000.0,160,6.5,148.0,395,5,4.3,3.5,3.0,4.0,3.5,0,0,0,0,0,0.475,76.5,2
44.9,6.5,21.1,26.2,1.4,40000,80,35000.0,280,8.0,183.0,395,5,4.0,3.2,4.7,2.8,4.0,0,0,0,0,0,0.875,72.2,1
44.9,6.5,21.1,26.2,1.4,40000,80,28000.0,230,5.5,126.0,546,5,4.5,4.0,2.8,4.3,4.2,0,1,1,0,0,0.7,88.6,2
44.9,6.5,21.1,26.2,1.4,40000,80,24000.0,120,6.2,141.0,466,5,4.3,3.5,2.2,4.0,3.8,0,0,1,0,0,0.6,78.7,2
44.9,6.5,21.1,26.2,1.4,40000,80,35000.0,204,14.7,0.0,466,5,4.3,3.5,3.0,4.5,3.8,1,0,1,0,0,0.875,83.0,2
44.9,6.5,21.1,26.2,1.4,40000,80,42000.0,325,16.8,0.0,527,5,4.8,4.3,3.5,4.3,4.8,1,0,1,0,0,1.05,94.3,2
44.9,6.5,21.1,26.2,1.4,40000,80,10500.0,67,4.8,109.0,255,5,3.2,2.5,1.5,4.8,2.8,0,0,0,0,0,0.262,59.3,1
44.9,6.5,21.1,26.2,1.4,40000,80,19000.0,160,6.5,148.0,395,5,4.2,3.5,3.0,4.0,3.5,0,0,0,0,0,0.475,74.8,1
44.9,6.5,21.1,26.2,1.4,40000,80,30000.0,230,5.5,126.0,543,5,4.5,4.0,2.8,4.3,4.3,0,1,1,0,0,0.75,91.3,2
44.9,6.5,21.1,26.2,1.4,40000,80,40000.0,245,8.5,194.0,406,5,4.2,4.0,4.2,3.0,4.5,0,0,0,0,1,1.0,76.7,2
44.9,6.5,21.1,26.2,1.4,40000,80,22000.0,150,6.5,148.0,358,5,4.3,3.8,3.5,3.8,4.5,0,0,0,0,0,0.55,76.5,2
44.9,6.5,21.1,26.2,1.4,40000,80,28000.0,165,7.1,163.0,506,5,4.3,4.0,3.0,3.5,4.0,0,0,1,0,0,0.7,86.6,2
44.9,6.5,21.1,26.2,1.4,40000,80,24000.0,150,6.5,148.0,430,5,4.3,3.8,3.0,3.8,4.3,0,0,1,0,0,0.6,82.0,2
44.9,6.5,21.1,26.2,1.4,40000,80,30000.0,184,6.8,155.0,130,2,3.5,3.0,4.5,3.5,4.8,0,0,0,1,0,0.75,71.2,1
44.9,6.5,21.1,26.2,1.4,40000,80,10000.0,100,5.4,123.0,300,5,3.8,2.8,2.0,4.5,3.0,0,0,0,0,0,0.25,63.1,1
44.9,6.5,21.1,26.2,1.4,40000,80,27000.0,158,6.5,148.0,504,5,4.3,3.8,2.5,3.8,3.8,0,0,1,0,0,0.675,84.8,2
44.9,6.5,21.1,26.2,1.4,40000,80,28000.0,150,15.5,0.0,435,5,4.0,3.5,2.5,4.5,3.0,1,0,0,0,0,0.7,78.5,2
44.9,6.5,21.1,26.2,1.4,40000,80,42000.0,242,16.5,0.0,468,5,4.5,4.2,3.0,4.2,4.2,1,0,1,0,0,1.05,87.4,2
44.9,6.5,21.1,26.2,1.4,40000,80,22000.0,136,6.5,148.0,380,5,4.3,3.5,3.5,3.5,4.0,0,0,0,0,0,0.55,71.7,1
44.9,6.5,21.1,26.2,1.4,40000,80,32000.0,170,6.8,155.0,380,5,4.5,3.8,3.8,3.3,4.3,0,0,0,0,0,0.8,80.0,2
44.9,6.5,21.1,26.2,1.4,40000,80,28000.0,190,5.2,137.0,480,5,4.5,4.2,4.0,4.0,4.5,0,0,0,0,1,0.7,89.6,2
44.9,6.5,21.1,26.2,1.4,40000,80,42000.0,245,7.0,159.0,480,5,4.8,4.3,4.2,3.5,4.5,0,0,0,0,1,1.05,89.2,2
44.9,6.5,21.1,26.2,1.4,40000,80,40000.0,190,5.5,144.0,530,5,4.8,4.8,3.5,3.8,4.8,0,0,0,0,1,1.0,93.2,2
44.9,6.5,21.1,26.2,1.4,40000,80,32000.0,136,6.8,155.0,540,5,4.5,4.0,3.0,3.5,4.0,0,0,1,0,0,0.8,86.0,2
44.9,6.5,21.1,26.2,1.4,40000,80,40000.0,190,5.8,152.0,550,5,4.8,4.3,3.2,3.8,4.3,0,0,1,0,0,1.0,88.3,2
44.9,6.5,21.1,26.2,1.4,40000,80,24000.0,163,6.5,148.0,370,5,4.3,3.8,3.0,3.5,4.2,0,0,0,0,0,0.6,75.3,2
44.9,6.5,21.1,26.2,1.4,40000,80,30000.0,163,6.3,144.0,370,5,4.5,4.0,3.0,3.5,4.3,0,0,0,0,0,0.75,84.9,2
44.9,6.5,21.1,26.2,1.4,40000,80,38000.0,204,6.8,155.0,455,5,4.8,4.5,3.5,3.5,4.8,0,0,0,0,1,0.95,84.4,2
44.9,6.5,21.1,26.2,1.4,40000,80,32000.0,163,6.8,155.0,435,5,4.5,4.0,2.8,3.5,4.2,0,0,1,0,0,0.8,81.4,2
44.9,6.5,21.1,26.2,1.4,40000,80,42000.0,190,17.0,0.0,340,5,4.5,4.0,2.8,4.2,4.2,1,0,1,0,0,1.05,86.4,2
44.9,6.5,21.1,26.2,1.4,40000,80,18000.0,116,5.8,132.0,335,5,4.0,3.2,2.5,4.0,4.0,0,0,0,0,0,0.45,67.4,1
44.9,6.5,21.1,26.2,1.4,40000,80,28000.0,150,6.2,141.0,380,5,4.5,3.8,3.2,3.8,4.3,0,0,0,0,1,0.7,84.9,2
44.9,6.5,21.1,26.2,1.4,40000,80,30000.0,163,5.2,137.0,460,5,4.5,4.3,3.5,4.0,4.5,0,0,0,0,1,0.75,86.5,2
44.9,6.5,21.1,26.2,1.4,40000,80,42000.0,204,6.8,155.0,460,5,4.8,4.5,3.5,3.5,4.5,0,0,0,0,1,1.05,89.3,2
44.9,6.5,21.1,26.2,1.4,40000,80,42000.0,204,5.5,144.0,530,5,4.8,4.8,3.2,3.8,4.8,0,0,0,0,1,1.05,90.4,2
44.9,6.5,21.1,26.2,1.4,40000,80,30000.0,150,6.8,155.0,530,5,4.5,4.0,2.8,3.5,4.2,0,0,1,0,0,0.75,83.6,2
44.9,6.5,21.1,26.2,1.4,40000,80,42000.0,204,6.0,158.0,520,5,4.8,4.3,3.0,3.5,4.3,0,0,1,0,0,1.05,87.2,2
44.9,6.5,21.1,26.2,1.4,40000,80,32000.0,163,7.0,160.0,452,5,4.8,4.0,2.5,3.5,4.0,0,0,1,0,0,0.8,85.8,2
44.9,6.5,21.1,26.2,1.4,40000,80,42000.0,197,6.2,163.0,483,5,5.0,4.5,2.8,3.5,4.3,0,0,1,0,0,1.05,86.6,2
44.9,6.5,21.1,26.2,1.4,40000,80,35000.0,197,7.0,160.0,442,5,5.0,4.3,3.5,3.5,4.5,0,0,0,0,1,0.875,88.2,2
44.9,6.5,21.1,26.2,1.4,40000,80,40000.0,325,14.0,0.0,561,5,4.8,3.8,4.2,4.5,4.5,1,0,0,0,1,1.0,93.4,2
44.9,6.5,21.1,26.2,1.4,40000,80,12000.0,69,5.2,119.0,185,4,3.5,2.5,1.5,4.5,4.0,0,0,0,0,0,0.3,68.2,1
44.9,6.5,21.1,26.2,1.4,40000,80,14000.0,100,6.2,141.0,520,5,3.5,3.0,2.0,4.2,2.8,0,0,0,0,1,0.35,74.4,1
44.9,6.5,21.1,26.2,1.4,40000,80,25000.0,118,13.0,0.0,185,4,3.8,2.8,2.5,4.5,4.5,1,0,0,0,0,0.625,71.0,1
44.9,6.5,21.1,26.2,1.4,40000,80,25000.0,136,5.8,132.0,211,4,4.0,3.3,3.5,3.5,4.5,0,0,0,0,0,0.625,72.8,1
44.9,6.5,21.1,26.2,1.4,40000,80,32000.0,136,6.8,155.0,450,5,4.2,3.5,3.0,3.2,4.2,0,0,1,0,0,0.8,73.4,1
44.9,6.5,21.1,26.2,1.4,40000,80,35000.0,200,7.2,164.0,480,5,4.3,3.8,4.2,3.0,4.8,0,0,0,0,1,0.875,80.0,2
44.9,6.5,21.1,26.2,1.4,40000,80,38000.0,200,7.5,171.0,525,5,4.3,3.8,3.5,3.0,4.5,0,0,1,0,0,0.95,76.5,2
44.9,6.5,21.1,26.2,1.4,40000,80,24000.0,150,7.0,160.0,345,5,4.5,3.5,3.5,3.5,3.2,0,0,0,0,0,0.6,78.3,2
44.9,6.5,21.1,26.2,1.4,40000,80,32000.0,150,7.5,171.0,520,5,4.8,3.8,2.5,3.3,3.0,0,0,1,0,0,0.8,88.8,2
44.9,6.5,21.1,26.2,1.4,40000,80,28000.0,150,7.2,164.0,385,5,4.5,3.5,3.0,3.3,3.2,0,0,1,0,0,0.7,78.9,2
44.9,6.5,21.1,26.2,1.4,40000,80,12000.0,83,5.2,119.0,265,5,3.5,2.8,2.5,4.8,3.0,0,0,0,0,0,0.3,68.2,1
44.9,6.5,21.1,26.2,1.4,40000,80,20000.0,129,6.5,148.0,375,5,3.8,3.2,2.5,4.0,3.2,0,0,1,0,0,0.5,72.9,1
44.9,6.5,21.1,26.2,1.4,40000,80,20000.0,150,6.5,148.0,393,5,3.8,3.3,2.2,3.8,3.2,0,0,1,0,0,0.5,74.6,1
44.9,6.5,21.1,26.2,1.4,40000,80,40000.0,252,1.8,41.0,469,5,4.5,4.0,2.8,4.5,3.5,0,1,1,0,0,1.0,88.3,2
44.9,6.5,21.1,26.2,1.4,40000,80,22000.0,130,7.0,160.0,351,5,3.5,3.0,2.5,3.5,3.5,0,0,1,0,0,0.55,64.3,1
44.9,6.5,21.1,26.2,1.4,40000,80,28000.0,130,5.8,152.0,438,5,3.8,3.3,2.5,3.8,3.3,0,0,1,0,0,0.7,75.8,2
44.9,6.5,21.1,26.2,1.4,40000,80,38000.0,163,6.2,163.0,602,5,4.3,4.0,2.5,3.2,4.0,0,0,1,0,0,0.95,80.9,2
44.9,6.5,21.1,26.2,1.4,40000,80,42000.0,163,6.5,171.0,591,5,4.3,4.2,2.8,3.0,4.8,0,0,1,0,0,1.05,84.2,2
44.9,6.5,21.1,26.2,1.4,40000,80,32000.0,184,4.8,110.0,320,5,4.8,3.8,2.5,4.5,4.0,0,1,1,0,0,0.8,88.1,2
44.9,6.5,21.1,26.2,1.4,40000,80,42000.0,244,5.8,132.0,520,5,5.0,4.5,2.8,4.2,4.5,0,1,1,0,0,1.05,89.7,2
44.9,6.5,21.1,26.2,1.4,40000,80,42000.0,218,4.8,110.0,454,5,5.0,4.8,2.5,4.5,4.5,0,1,0,0,1,1.05,93.6,2
44.9,6.5,21.1,26.2,1.4,40000,80,35000.0,204,15.5,0.0,385,5,4.3,3.5,3.5,4.2,4.3,1,0,0,0,0,0.875,80.7,2
44.9,6.5,21.1,26.2,1.4,40000,80,35000.0,245,7.5,171.0,420,5,4.3,3.5,4.0,3.0,4.5,0,0,1,0,0,0.875,73.9,1
44.9,6.5,21.1,26.2,1.4,40000,80,38000.0,300,7.5,170.0,380,5,4.3,3.5,4.7,2.8,4.5,0,0,0,0,0,0.95,72.8,1
44.9,6.5,21.1,26.2,1.4,40000,80,38000.0,245,8.0,183.0,330,5,4.5,4.0,4.0,3.0,4.3,0,0,0,0,1,0.95,76.0,2
44.9,6.5,21.1,26.2,1.4,40000,80,42000.0,245,8.5,194.0,542,5,4.8,4.2,3.5,3.0,4.5,0,0,1,0,0,1.05,83.9,2
44.9,6.5,21.1,26.2,1.4,40000,80,42000.0,408,15.5,0.0,405,5,4.8,4.0,4.0,4.2,4.5,1,0,0,0,1,1.05,89.3,2
12.4,2.5,0.9,39.5,44.7,40000,30,6500.0,73,6.4,149.0,510,5,3.0,2.5,1.5,4.8,2.0,0,0,0,0,1,0.162,58.5,1
12.4,2.5,0.9,39.5,44.7,40000,30,9800.0,91,6.0,137.0,528,5,3.4,3.0,1.5,4.7,2.8,0,0,0,0,1,0.245,69.0,1
12.4,2.5,0.9,39.5,44.7,40000,30,7200.0,73,6.2,144.0,328,5,3.2,2.5,1.8,4.6,2.5,0,0,0,0,0,0.18,63.1,1
12.4,2.5,0.9,39.5,44.7,40000,30,13500.0,91,6.1,139.0,328,5,3.4,3.0,2.0,4.5,3.2,0,0,0,0,0,0.338,73.1,1
12.4,2.5,0.9,39.5,44.7,40000,30,14000.0,115,5.7,150.0,445,5,3.0,3.0,2.0,4.2,2.8,0,0,1,0,0,0.35,65.0,1
12.4,2.5,0.9,39.5,44.7,40000,30,19500.0,130,6.8,155.0,445,5,3.5,3.2,2.2,4.0,3.5,0,0,1,0,0,0.488,73.2,1
12.4,2.5,0.9,39.5,44.7,40000,30,15800.0,110,6.4,146.0,708,7,3.2,3.2,1.5,4.3,3.0,0,0,0,0,0,0.395,66.6,1
12.4,2.5,0.9,39.5,44.7,40000,30,12000.0,65,14.5,0.0,290,4,2.8,2.2,1.2,4.9,2.5,1,0,0,0,0,0.3,71.2,1
12.4,2.5,0.9,39.5,44.7,40000,30,11500.0,100,5.8,132.0,391,5,4.2,3.5,2.5,4.3,3.5,0,0,0,0,0,0.288,72.4,1
12.4,2.5,0.9,39.5,44.7,40000,30,16000.0,140,4.3,98.0,391,5,4.2,3.8,2.8,4.7,3.8,0,1,0,0,0,0.4,91.4,2
12.4,2.5,0.9,39.5,44.7,40000,30,13000.0,115,4.8,128.0,384,5,4.0,3.5,2.8,4.2,3.3,0,0,0,0,0,0.325,76.4,2
12.4,2.5,0.9,39.5,44.7,40000,30,35000.0,220,16.1,0.0,440,5,4.5,4.0,3.2,4.5,4.2,1,0,0,0,0,0.875,87.2,2
12.4,2.5,0.9,39.5,44.7,40000,30,17500.0,130,6.4,147.0,422,5,4.0,3.5,2.2,4.0,3.5,0,0,1,0,0,0.438,72.7,1
12.4,2.5,0.9,39.5,44.7,40000,30,28000.0,200,4.6,105.0,500,5,4.3,4.0,3.0,4.3,3.8,0,1,1,0,0,0.7,89.0,2
12.4,2.5,0.9,39.5,44.7,40000,30,14500.0,100,5.9,136.0,309,5,4.2,3.5,2.5,4.2,4.0,0,0,0,0,0,0.362,76.1,2
12.4,2.5,0.9,39.5,44.7,40000,30,16500.0,100,5.8,132.0,309,5,4.2,3.5,2.5,4.2,4.2,0,0,0,0,0,0.412,82.9,2
12.4,2.5,0.9,39.5,44.7,40000,30,28000.0,136,15.2,0.0,265,5,4.2,3.5,3.0,4.5,4.2,1,0,0,0,0,0.7,93.2,2
12.4,2.5,0.9,39.5,44.7,40000,30,22000.0,130,6.1,139.0,412,5,4.3,3.8,3.0,4.0,4.3,0,0,0,0,0,0.55,80.1,2
12.4,2.5,0.9,39.5,44.7,40000,30,24000.0,130,5.2,138.0,520,5,4.3,4.0,2.5,4.2,4.0,0,0,1,0,0,0.6,88.7,2
12.4,2.5,0.9,39.5,44.7,40000,30,35000.0,225,1.4,32.0,520,5,4.5,4.2,3.0,4.5,4.5,0,1,1,0,0,0.875,100.0,2
12.4,2.5,0.9,39.5,44.7,40000,30,30000.0,130,5.5,144.0,780,7,4.2,4.0,2.0,4.0,3.8,0,0,1,0,0,0.75,78.9,2
12.4,2.5,0.9,39.5,44.7,40000,30,12000.0,83,5.8,132.0,300,5,3.5,3.2,1.5,4.5,3.0,0,0,0,0,0,0.3,73.0,1
12.4,2.5,0.9,39.5,44.7,40000,30,18000.0,110,6.2,142.0,410,5,3.5,3.3,1.8,4.2,3.2,0,0,1,0,0,0.45,73.5,1
12.4,2.5,0.9,39.5,44.7,40000,30,22000.0,130,6.0,137.0,380,5,4.0,4.0,2.2,4.0,3.8,0,0,0,0,0,0.55,75.6,2
12.4,2.5,0.9,39.5,44.7,40000,30,26000.0,130,5.5,144.0,580,5,4.2,4.2,2.0,4.0,3.5,0,0,1,0,0,0.65,78.2,2
12.4,2.5,0.9,39.5,44.7,40000,30,14000.0,100,5.8,132.0,309,5,4.0,3.3,2.5,4.3,3.3,0,0,0,0,0,0.35,76.2,2
12.4,2.5,0.9,39.5,44.7,40000,30,27000.0,136,15.2,0.0,267,5,4.0,3.3,2.8,4.5,3.5,1,0,0,0,0,0.675,84.5,2
12.4,2.5,0.9,39.5,44.7,40000,30,23000.0,130,6.1,139.0,422,5,4.2,3.8,3.0,4.0,4.0,0,0,0,0,0,0.575,80.7,2
12.4,2.5,0.9,39.5,44.7,40000,30,22000.0,130,6.5,148.0,350,5,4.0,3.5,2.5,3.8,4.0,0,0,1,0,0,0.55,79.2,2
12.4,2.5,0.9,39.5,44.7,40000,30,10500.0,100,5.9,136.0,292,5,3.8,3.0,3.0,4.3,3.2,0,0,0,0,0,0.262,71.9,1
12.4,2.5,0.9,39.5,44.7,40000,30,15000.0,125,6.0,137.0,375,5,4.2,3.5,3.3,4.0,3.5,0,0,0,0,0,0.375,76.0,2
12.4,2.5,0.9,39.5,44.7,40000,30,20000.0,120,4.7,123.0,575,5,4.2,3.8,2.8,4.5,3.3,0,0,0,0,0,0.5,81.9,2
12.4,2.5,0.9,39.5,44.7,40000,30,22000.0,125,5.4,124.0,456,5,4.3,3.5,2.8,4.3,4.0,0,1,1,0,0,0.55,87.8,2
12.4,2.5,0.9,39.5,44.7,40000,30,25000.0,190,1.4,32.0,475,5,4.3,3.8,2.8,4.5,3.5,0,1,1,0,0,0.625,89.6,2
12.4,2.5,0.9,39.5,44.7,40000,30,13000.0,95,5.7,130.0,351,5,4.2,3.5,2.5,4.3,3.5,0,0,0,0,0,0.325,74.9,1
12.4,2.5,0.9,39.5,44.7,40000,30,18000.0,110,5.6,128.0,351,5,4.3,3.5,2.8,4.3,3.7,0,0,0,0,0,0.45,74.0,1
12.4,2.5,0.9,39.5,44.7,40000,30,18500.0,130,6.0,137.0,381,5,4.5,4.0,3.5,4.0,4.0,0,0,0,0,0,0.462,79.3,2
12.4,2.5,0.9,39.5,44.7,40000,30,28000.0,150,5.8,132.0,381,5,4.5,4.2,3.5,4.0,4.2,0,0,0,0,0,0.7,85.8,2
12.4,2.5,0.9,39.5,44.7,40000,30,38000.0,245,7.4,168.0,381,5,4.5,3.8,4.5,3.2,4.5,0,0,0,0,0,0.95,81.8,2
12.4,2.5,0.9,39.5,44.7,40000,30,28000.0,150,5.5,144.0,615,5,4.5,4.2,2.5,4.0,3.8,0,0,1,0,0,0.7,80.7,2
12.4,2.5,0.9,39.5,44.7,40000,30,38000.0,150,7.0,160.0,615,5,4.5,4.3,2.8,3.8,4.2,0,0,1,0,0,0.95,80.1,2
12.4,2.5,0.9,39.5,44.7,40000,30,20000.0,150,5.0,132.0,650,5,4.5,4.3,3.0,4.3,3.8,0,0,0,0,0,0.5,88.6,2
12.4,2.5,0.9,39.5,44.7,40000,30,40000.0,272,7.2,164.0,690,5,4.8,4.5,3.5,3.5,4.2,0,0,0,0,0,1.0,78.3,2
12.4,2.5,0.9,39.5,44.7,40000,30,35000.0,200,5.5,144.0,563,5,4.5,4.5,3.5,4.0,4.8,0,0,0,0,1,0.875,98.9,2
12.4,2.5,0.9,39.5,44.7,40000,30,32000.0,204,15.8,0.0,385,5,4.3,3.8,3.0,4.5,3.8,1,0,0,0,0,0.8,81.8,2
12.4,2.5,0.9,39.5,44.7,40000,30,38000.0,204,17.0,0.0,543,5,4.5,4.0,2.8,4.3,4.0,1,0,1,0,0,0.95,87.6,2
12.4,2.5,0.9,39.5,44.7,40000,30,14500.0,110,5.5,126.0,380,5,4.0,3.3,2.5,4.5,3.2,0,0,0,0,0,0.362,76.9,2
12.4,2.5,0.9,39.5,44.7,40000,30,18000.0,150,4.8,126.0,640,5,4.5,4.0,3.0,4.5,3.5,0,0,0,0,0,0.45,85.9,2
12.4,2.5,0.9,39.5,44.7,40000,30,25000.0,150,6.2,141.0,640,5,4.5,4.2,3.0,4.2,3.8,0,0,0,0,0,0.625,78.9,2
12.4,2.5,0.9,39.5,44.7,40000,30,35000.0,245,7.1,161.0,640,5,4.5,3.8,4.3,3.2,4.2,0,0,0,0,0,0.875,80.2,2
12.4,2.5,0.9,39.5,44.7,40000,30,30000.0,150,5.0,132.0,660,5,4.5,4.5,2.8,4.3,4.0,0,0,0,0,0,0.75,91.0,2
12.4,2.5,0.9,39.5,44.7,40000,30,32000.0,150,5.8,152.0,720,7,4.5,4.2,2.2,4.0,3.5,0,0,1,0,0,0.8,73.2,1
12.4,2.5,0.9,39.5,44.7,40000,30,20000.0,110,6.0,137.0,400,5,4.2,3.5,2.2,4.2,3.5,0,0,1,0,0,0.5,77.6,2
12.4,2.5,0.9,39.5,44.7,40000,30,13500.0,110,5.6,128.0,355,5,4.0,3.2,2.8,4.3,3.5,0,0,0,0,0,0.338,78.2,2
12.4,2.5,0.9,39.5,44.7,40000,30,20000.0,150,6.0,137.0,380,5,4.3,3.5,3.5,4.0,4.0,0,0,0,0,0,0.5,74.8,1
12.4,2.5,0.9,39.5,44.7,40000,30,35000.0,300,7.5,170.0,380,5,4.3,3.5,4.7,3.0,4.3,0,0,0,0,0,0.875,77.3,2
12.4,2.5,0.9,39.5,44.7,40000,30,25000.0,150,5.6,147.0,510,5,4.3,3.8,2.8,4.2,3.5,0,0,1,0,0,0.625,81.8,2
12.4,2.5,0.9,39.5,44.7,40000,30,15000.0,116,3.8,87.0,286,5,4.5,3.3,2.2,4.8,3.2,0,1,0,0,0,0.375,87.1,2
12.4,2.5,0.9,39.5,44.7,40000,30,22000.0,116,4.4,101.0,320,5,4.5,3.5,2.0,4.7,3.5,0,1,1,0,0,0.55,88.6,2
12.4,2.5,0.9,39.5,44.7,40000,30,22000.0,140,4.5,103.0,361,5,4.5,3.8,3.0,4.7,3.8,0,1,0,0,0,0.55,85.5,2
12.4,2.5,0.9,39.5,44.7,40000,30,30000.0,197,5.0,114.0,433,5,4.8,4.0,2.5,4.5,3.8,0,1,1,0,0,0.75,94.0,2
12.4,2.5,0.9,39.5,44.7,40000,30,32000.0,222,5.6,128.0,580,5,4.8,4.0,2.5,4.3,3.5,0,1,1,0,0,0.8,82.9,2
12.4,2.5,0.9,39.5,44.7,40000,30,35000.0,218,4.9,112.0,493,5,4.8,4.5,2.8,4.5,3.8,0,1,0,0,1,0.875,95.9,2
12.4,2.5,0.9,39.5,44.7,40000,30,28000.0,200,4.8,110.0,310,5,4.5,3.5,3.0,4.5,4.2,0,1,1,0,0,0.7,95.6,2
12.4,2.5,0.9,39.5,44.7,40000,30,28000.0,182,6.5,148.0,404,5,4.5,3.8,3.5,3.8,4.0,0,0,0,0,0,0.7,80.7,2
12.4,2.5,0.9,39.5,44.7,40000,30,27000.0,131,5.4,122.0,319,5,4.3,3.5,2.2,4.5,3.5,0,1,1,0,0,0.675,89.7,2
12.4,2.5,0.9,39.5,44.7,40000,30,38000.0,184,6.0,137.0,587,5,4.5,4.0,2.5,4.2,3.5,0,1,1,0,0,0.95,79.1,2
12.4,2.5,0.9,39.5,44.7,40000,30,35000.0,184,6.2,141.0,380,5,4.5,3.8,3.0,4.0,4.0,0,1,1,0,0,0.875,85.0,2
12.4,2.5,0.9,39.5,44.7,40000,30,13000.0,100,5.8,132.0,351,5,4.0,3.2,2.5,4.3,3.5,0,0,0,0,0,0.325,74.1,1
12.4,2.5,0.9,39.5,44.7,40000,30,19000.0,160,6.5,148.0,395,5,4.3,3.5,3.0,4.0,3.5,0,0,0,0,0,0.475,70.6,1
12.4,2.5,0.9,39.5,44.7,40000,30,35000.0,280,8.0,183.0,395,5,4.0,3.2,4.7,2.8,4.0,0,0,0,0,0,0.875,73.0,1
12.4,2.5,0.9,39.5,44.7,40000,30,28000.0,230,5.5,126.0,546,5,4.5,4.0,2.8,4.3,4.2,0,1,1,0,0,0.7,88.0,2
12.4,2.5,0.9,39.5,44.7,40000,30,24000.0,120,6.2,141.0,466,5,4.3,3.5,2.2,4.0,3.8,0,0,1,0,0,0.6,78.7,2
12.4,2.5,0.9,39.5,44.7,40000,30,35000.0,204,14.7,0.0,466,5,4.3,3.5,3.0,4.5,3.8,1,0,1,0,0,0.875,87.0,2
12.4,2.5,0.9,39.5,44.7,40000,30,42000.0,325,16.8,0.0,527,5,4.8,4.3,3.5,4.3,4.8,1,0,1,0,0,1.05,94.0,2
12.4,2.5,0.9,39.5,44.7,40000,30,10500.0,67,4.8,109.0,255,5,3.2,2.5,1.5,4.8,2.8,0,0,0,0,0,0.262,68.8,1
12.4,2.5,0.9,39.5,44.7,40000,30,19000.0,160,6.5,148.0,395,5,4.2,3.5,3.0,4.0,3.5,0,0,0,0,0,0.475,73.2,1
12.4,2.5,0.9,39.5,44.7,40000,30,30000.0,230,5.5,126.0,543,5,4.5,4.0,2.8,4.3,4.3,0,1,1,0,0,0.75,91.5,2
12.4,2.5,0.9,39.5,44.7,40000,30,40000.0,245,8.5,194.0,406,5,4.2,4.0,4.2,3.0,4.5,0,0,0,0,1,1.0,83.2,2
12.4,2.5,0.9,39.5,44.7,40000,30,22000.0,150,6.5,148.0,358,5,4.3,3.8,3.5,3.8,4.5,0,0,0,0,0,0.55,84.0,2
12.4,2.5,0.9,39.5,44.7,40000,30,28000.0,165,7.1,163.0,506,5,4.3,4.0,3.0,3.5,4.0,0,0,1,0,0,0.7,79.9,2
12.4,2.5,0.9,39.5,44.7,40000,30,24000.0,150,6.5,148.0,430,5,4.3,3.8,3.0,3.8,4.3,0,0,1,0,0,0.6,82.7,2
12.4,2.5,0.9,39.5,44.7,40000,30,30000.0,184,6.8,155.0,130,2,3.5,3.0,4.5,3.5,4.8,0,0,0,1,0,0.75,90.1,2
12.4,2.5,0.9,39.5,44.7,40000,30,10000.0,100,5.4,123.0,300,5,3.8,2.8,2.0,4.5,3.0,0,0,0,0,0,0.25,71.7,1
12.4,2.5,0.9,39.5,44.7,40000,30,27000.0,158,6.5,148.0,504,5,4.3,3.8,2.5,3.8,3.8,0,0,1,0,0,0.675,80.0,2
12.4,2.5,0.9,39.5,44.7,40000,30,28000.0,150,15.5,0.0,435,5,4.0,3.5,2.5,4.5,3.0,1,0,0,0,0,0.7,79.6,2
12.4,2.5,0.9,39.5,44.7,40000,30,42000.0,242,16.5,0.0,468,5,4.5,4.2,3.0,4.2,4.2,1,0,1,0,0,1.05,86.6,2
12.4,2.5,0.9,39.5,44.7,40000,30,22000.0,136,6.5,148.0,380,5,4.3,3.5,3.5,3.5,4.0,0,0,0,0,0,0.55,75.1,2
12.4,2.5,0.9,39.5,44.7,40000,30,32000.0,170,6.8,155.0,380,5,4.5,3.8,3.8,3.3,4.3,0,0,0,0,0,0.8,81.5,2
12.4,2.5,0.9,39.5,44.7,40000,30,28000.0,190,5.2,137.0,480,5,4.5,4.2,4.0,4.0,4.5,0,0,0,0,1,0.7,97.9,2
12.4,2.5,0.9,39.5,44.7,40000,30,42000.0,245,7.0,159.0,480,5,4.8,4.3,4.2,3.5,4.5,0,0,0,0,1,1.05,86.6,2
12.4,2.5,0.9,39.5,44.7,40000,30,40000.0,190,5.5,144.0,530,5,4.8,4.8,3.5,3.8,4.8,0,0,0,0,1,1.0,94.7,2
12.4,2.5,0.9,39.5,44.7,40000,30,32000.0,136,6.8,155.0,540,5,4.5,4.0,3.0,3.5,4.0,0,0,1,0,0,0.8,78.0,2
12.4,2.5,0.9,39.5,44.7,40000,30,40000.0,190,5.8,152.0,550,5,4.8,4.3,3.2,3.8,4.3,0,0,1,0,0,1.0,82.8,2
12.4,2.5,0.9,39.5,44.7,40000,30,24000.0,163,6.5,148.0,370,5,4.3,3.8,3.0,3.5,4.2,0,0,0,0,0,0.6,78.9,2
12.4,2.5,0.9,39.5,44.7,40000,30,30000.0,163,6.3,144.0,370,5,4.5,4.0,3.0,3.5,4.3,0,0,0,0,0,0.75,80.5,2
12.4,2.5,0.9,39.5,44.7,40000,30,38000.0,204,6.8,155.0,455,5,4.8,4.5,3.5,3.5,4.8,0,0,0,0,1,0.95,89.1,2
12.4,2.5,0.9,39.5,44.7,40000,30,32000.0,163,6.8,155.0,435,5,4.5,4.0,2.8,3.5,4.2,0,0,1,0,0,0.8,81.4,2
12.4,2.5,0.9,39.5,44.7,40000,30,42000.0,190,17.0,0.0,340,5,4.5,4.0,2.8,4.2,4.2,1,0,1,0,0,1.05,88.2,2
12.4,2.5,0.9,39.5,44.7,40000,30,18000.0,116,5.8,132.0,335,5,4.0,3.2,2.5,4.0,4.0,0,0,0,0,0,0.45,77.5,2
12.4,2.5,0.9,39.5,44.7,40000,30,28000.0,150,6.2,141.0,380,5,4.5,3.8,3.2,3.8,4.3,0,0,0,0,1,0.7,80.3,2
12.4,2.5,0.9,39.5,44.7,40000,30,30000.0,163,5.2,137.0,460,5,4.5,4.3,3.5,4.0,4.5,0,0,0,0,1,0.75,99.3,2
12.4,2.5,0.9,39.5,44.7,40000,30,42000.0,204,6.8,155.0,460,5,4.8,4.5,3.5,3.5,4.5,0,0,0,0,1,1.05,91.6,2
12.4,2.5,0.9,39.5,44.7,40000,30,42000.0,204,5.5,144.0,530,5,4.8,4.8,3.2,3.8,4.8,0,0,0,0,1,1.05,92.5,2
12.4,2.5,0.9,39.5,44.7,40000,30,30000.0,150,6.8,155.0,530,5,4.5,4.0,2.8,3.5,4.2,0,0,1,0,0,0.75,76.9,2
12.4,2.5,0.9,39.5,44.7,40000,30,42000.0,204,6.0,158.0,520,5,4.8,4.3,3.0,3.5,4.3,0,0,1,0,0,1.05,79.5,2
12.4,2.5,0.9,39.5,44.7,40000,30,32000.0,163,7.0,160.0,452,5,4.8,4.0,2.5,3.5,4.0,0,0,1,0,0,0.8,78.4,2
12.4,2.5,0.9,39.5,44.7,40000,30,42000.0,197,6.2,163.0,483,5,5.0,4.5,2.8,3.5,4.3,0,0,1,0,0,1.05,79.4,2
12.4,2.5,0.9,39.5,44.7,40000,30,35000.0,197,7.0,160.0,442,5,5.0,4.3,3.5,3.5,4.5,0,0,0,0,1,0.875,91.1,2
12.4,2.5,0.9,39.5,44.7,40000,30,40000.0,325,14.0,0.0,561,5,4.8,3.8,4.2,4.5,4.5,1,0,0,0,1,1.0,98.9,2
12.4,2.5,0.9,39.5,44.7,40000,30,12000.0,69,5.2,119.0,185,4,3.5,2.5,1.5,4.5,4.0,0,0,0,0,0,0.3,85.3,2
12.4,2.5,0.9,39.5,44.7,40000,30,14000.0,100,6.2,141.0,520,5,3.5,3.0,2.0,4.2,2.8,0,0,0,0,1,0.35,67.0,1
12.4,2.5,0.9,39.5,44.7,40000,30,25000.0,118,13.0,0.0,185,4,3.8,2.8,2.5,4.5,4.5,1,0,0,0,0,0.625,97.9,2
12.4,2.5,0.9,39.5,44.7,40000,30,25000.0,136,5.8,132.0,211,4,4.0,3.3,3.5,3.5,4.5,0,0,0,0,0,0.625,83.5,2
12.4,2.5,0.9,39.5,44.7,40000,30,32000.0,136,6.8,155.0,450,5,4.2,3.5,3.0,3.2,4.2,0,0,1,0,0,0.8,75.3,2
12.4,2.5,0.9,39.5,44.7,40000,30,35000.0,200,7.2,164.0,480,5,4.3,3.8,4.2,3.0,4.8,0,0,0,0,1,0.875,85.7,2
12.4,2.5,0.9,39.5,44.7,40000,30,38000.0,200,7.5,171.0,525,5,4.3,3.8,3.5,3.0,4.5,0,0,1,0,0,0.95,80.8,2
12.4,2.5,0.9,39.5,44.7,40000,30,24000.0,150,7.0,160.0,345,5,4.5,3.5,3.5,3.5,3.2,0,0,0,0,0,0.6,71.5,1
12.4,2.5,0.9,39.5,44.7,40000,30,32000.0,150,7.5,171.0,520,5,4.8,3.8,2.5,3.3,3.0,0,0,1,0,0,0.8,67.0,1
12.4,2.5,0.9,39.5,44.7,40000,30,28000.0,150,7.2,164.0,385,5,4.5,3.5,3.0,3.3,3.2,0,0,1,0,0,0.7,66.9,1
12.4,2.5,0.9,39.5,44.7,40000,30,12000.0,83,5.2,119.0,265,5,3.5,2.8,2.5,4.8,3.0,0,0,0,0,0,0.3,80.5,2
12.4,2.5,0.9,39.5,44.7,40000,30,20000.0,129,6.5,148.0,375,5,3.8,3.2,2.5,4.0,3.2,0,0,1,0,0,0.5,69.6,1
12.4,2.5,0.9,39.5,44.7,40000,30,20000.0,150,6.5,148.0,393,5,3.8,3.3,2.2,3.8,3.2,0,0,1,0,0,0.5,68.8,1
12.4,2.5,0.9,39.5,44.7,40000,30,40000.0,252,1.8,41.0,469,5,4.5,4.0,2.8,4.5,3.5,0,1,1,0,0,1.0,88.1,2
12.4,2.5,0.9,39.5,44.7,40000,30,22000.0,130,7.0,160.0,351,5,3.5,3.0,2.5,3.5,3.5,0,0,1,0,0,0.55,68.3,1
12.4,2.5,0.9,39.5,44.7,40000,30,28000.0,130,5.8,152.0,438,5,3.8,3.3,2.5,3.8,3.3,0,0,1,0,0,0.7,72.7,1
12.4,2.5,0.9,39.5,44.7,40000,30,38000.0,163,6.2,163.0,602,5,4.3,4.0,2.5,3.2,4.0,0,0,1,0,0,0.95,75.0,2
12.4,2.5,0.9,39.5,44.7,40000,30,42000.0,163,6.5,171.0,591,5,4.3,4.2,2.8,3.0,4.8,0,0,1,0,0,1.05,84.5,2
12.4,2.5,0.9,39.5,44.7,40000,30,32000.0,184,4.8,110.0,320,5,4.8,3.8,2.5,4.5,4.0,0,1,1,0,0,0.8,95.6,2
12.4,2.5,0.9,39.5,44.7,40000,30,42000.0,244,5.8,132.0,520,5,5.0,4.5,2.8,4.2,4.5,0,1,1,0,0,1.05,96.0,2
12.4,2.5,0.9,39.5,44.7,40000,30,42000.0,218,4.8,110.0,454,5,5.0,4.8,2.5,4.5,4.5,0,1,0,0,1,1.05,100.0,2
12.4,2.5,0.9,39.5,44.7,40000,30,35000.0,204,15.5,0.0,385,5,4.3,3.5,3.5,4.2,4.3,1,0,0,0,0,0.875,89.6,2
12.4,2.5,0.9,39.5,44.7,40000,30,35000.0,245,7.5,171.0,420,5,4.3,3.5,4.0,3.0,4.5,0,0,1,0,0,0.875,84.7,2
12.4,2.5,0.9,39.5,44.7,40000,30,38000.0,300,7.5,170.0,380,5,4.3,3.5,4.7,2.8,4.5,0,0,0,0,0,0.95,81.4,2
12.4,2.5,0.9,39.5,44.7,40000,30,38000.0,245,8.0,183.0,330,5,4.5,4.0,4.0,3.0,4.3,0,0,0,0,1,0.95,75.0,2
12.4,2.5,0.9,39.5,44.7,40000,30,42000.0,245,8.5,194.0,542,5,4.8,4.2,3.5,3.0,4.5,0,0,1,0,0,1.05,80.7,2
12.4,2.5,0.9,39.5,44.7,40000,30,42000.0,408,15.5,0.0,405,5,4.8,4.0,4.0,4.2,4.5,1,0,0,0,1,1.05,93.2,2
42.9,9.4,2.7,29.9,15.1,15000,150,6500.0,73,6.4,149.0,510,5,3.0,2.5,1.5,4.8,2.0,0,0,0,0,1,0.433,67.6,1
42.9,9.4,2.7,29.9,15.1,15000,150,9800.0,91,6.0,137.0,528,5,3.4,3.0,1.5,4.7,2.8,0,0,0,0,1,0.653,77.7,2
42.9,9.4,2.7,29.9,15.1,15000,150,7200.0,73,6.2,144.0,328,5,3.2,2.5,1.8,4.6,2.5,0,0,0,0,0,0.48,63.6,1
42.9,9.4,2.7,29.9,15.1,15000,150,13500.0,91,6.1,139.0,328,5,3.4,3.0,2.0,4.5,3.2,0,0,0,0,0,0.9,74.0,1
42.9,9.4,2.7,29.9,15.1,15000,150,14000.0,115,5.7,150.0,445,5,3.0,3.0,2.0,4.2,2.8,0,0,1,0,0,0.933,65.4,1
42.9,9.4,2.7,29.9,15.1,15000,150,15800.0,110,6.4,146.0,708,7,3.2,3.2,1.5,4.3,3.0,0,0,0,0,0,1.053,73.7,1
42.9,9.4,2.7,29.9,15.1,15000,150,12000.0,65,14.5,0.0,290,4,2.8,2.2,1.2,4.9,2.5,1,0,0,0,0,0.8,56.8,1
42.9,9.4,2.7,29.9,15.1,15000,150,11500.0,100,5.8,132.0,391,5,4.2,3.5,2.5,4.3,3.5,0,0,0,0,0,0.767,74.6,1
42.9,9.4,2.7,29.9,15.1,15000,150,16000.0,140,4.3,98.0,391,5,4.2,3.8,2.8,4.7,3.8,0,1,0,0,0,1.067,78.3,2
42.9,9.4,2.7,29.9,15.1,15000,150,13000.0,115,4.8,128.0,384,5,4.0,3.5,2.8,4.2,3.3,0,0,0,0,0,0.867,76.5,2
42.9,9.4,2.7,29.9,15.1,15000,150,14500.0,100,5.9,136.0,309,5,4.2,3.5,2.5,4.2,4.0,0,0,0,0,0,0.967,75.0,2
42.9,9.4,2.7,29.9,15.1,15000,150,16500.0,100,5.8,132.0,309,5,4.2,3.5,2.5,4.2,4.2,0,0,0,0,0,1.1,75.6,2
42.9,9.4,2.7,29.9,15.1,15000,150,12000.0,83,5.8,132.0,300,5,3.5,3.2,1.5,4.5,3.0,0,0,0,0,0,0.8,70.7,1
42.9,9.4,2.7,29.9,15.1,15000,150,14000.0,100,5.8,132.0,309,5,4.0,3.3,2.5,4.3,3.3,0,0,0,0,0,0.933,70.9,1
42.9,9.4,2.7,29.9,15.1,15000,150,10500.0,100,5.9,136.0,292,5,3.8,3.0,3.0,4.3,3.2,0,0,0,0,0,0.7,73.4,1
42.9,9.4,2.7,29.9,15.1,15000,150,15000.0,125,6.0,137.0,375,5,4.2,3.5,3.3,4.0,3.5,0,0,0,0,0,1.0,70.0,1
42.9,9.4,2.7,29.9,15.1,15000,150,13000.0,95,5.7,130.0,351,5,4.2,3.5,2.5,4.3,3.5,0,0,0,0,0,0.867,76.3,2
42.9,9.4,2.7,29.9,15.1,15000,150,14500.0,110,5.5,126.0,380,5,4.0,3.3,2.5,4.5,3.2,0,0,0,0,0,0.967,71.9,1
42.9,9.4,2.7,29.9,15.1,15000,150,13500.0,110,5.6,128.0,355,5,4.0,3.2,2.8,4.3,3.5,0,0,0,0,0,0.9,75.7,2
42.9,9.4,2.7,29.9,15.1,15000,150,15000.0,116,3.8,87.0,286,5,4.5,3.3,2.2,4.8,3.2,0,1,0,0,0,1.0,70.5,1
42.9,9.4,2.7,29.9,15.1,15000,150,13000.0,100,5.8,132.0,351,5,4.0,3.2,2.5,4.3,3.5,0,0,0,0,0,0.867,76.6,2
42.9,9.4,2.7,29.9,15.1,15000,150,10500.0,67,4.8,109.0,255,5,3.2,2.5,1.5,4.8,2.8,0,0,0,0,0,0.7,66.6,1
42.9,9.4,2.7,29.9,15.1,15000,150,10000.0,100,5.4,123.0,300,5,3.8,2.8,2.0,4.5,3.0,0,0,0,0,0,0.667,69.3,1
42.9,9.4,2.7,29.9,15.1,15000,150,12000.0,69,5.2,119.0,185,4,3.5,2.5,1.5,4.5,4.0,0,0,0,0,0,0.8,67.3,1
42.9,9.4,2.7,29.9,15.1,15000,150,14000.0,100,6.2,141.0,520,5,3.5,3.0,2.0,4.2,2.8,0,0,0,0,1,0.933,72.0,1
42.9,9.4,2.7,29.9,15.1,15000,150,12000.0,83,5.2,119.0,265,5,3.5,2.8,2.5,4.8,3.0,0,0,0,0,0,0.8,71.5,1
3.7,19.3,1.0,67.6,8.4,60000,80,6500.0,73,6.4,149.0,510,5,3.0,2.5,1.5,4.8,2.0,0,0,0,0,1,0.108,74.6,1
3.7,19.3,1.0,67.6,8.4,60000,80,9800.0,91,6.0,137.0,528,5,3.4,3.0,1.5,4.7,2.8,0,0,0,0,1,0.163,72.5,1
3.7,19.3,1.0,67.6,8.4,60000,80,7200.0,73,6.2,144.0,328,5,3.2,2.5,1.8,4.6,2.5,0,0,0,0,0,0.12,71.7,1
3.7,19.3,1.0,67.6,8.4,60000,80,13500.0,91,6.1,139.0,328,5,3.4,3.0,2.0,4.5,3.2,0,0,0,0,0,0.225,74.8,1
3.7,19.3,1.0,67.6,8.4,60000,80,14000.0,115,5.7,150.0,445,5,3.0,3.0,2.0,4.2,2.8,0,0,1,0,0,0.233,70.0,1
3.7,19.3,1.0,67.6,8.4,60000,80,19500.0,130,6.8,155.0,445,5,3.5,3.2,2.2,4.0,3.5,0,0,1,0,0,0.325,70.3,1
3.7,19.3,1.0,67.6,8.4,60000,80,15800.0,110,6.4,146.0,708,7,3.2,3.2,1.5,4.3,3.0,0,0,0,0,0,0.263,68.5,1
3.7,19.3,1.0,67.6,8.4,60000,80,12000.0,65,14.5,0.0,290,4,2.8,2.2,1.2,4.9,2.5,1,0,0,0,0,0.2,81.0,2
3.7,19.3,1.0,67.6,8.4,60000,80,11500.0,100,5.8,132.0,391,5,4.2,3.5,2.5,4.3,3.5,0,0,0,0,0,0.192,72.9,1
3.7,19.3,1.0,67.6,8.4,60000,80,16000.0,140,4.3,98.0,391,5,4.2,3.8,2.8,4.7,3.8,0,1,0,0,0,0.267,93.2,2
3.7,19.3,1.0,67.6,8.4,60000,80,13000.0,115,4.8,128.0,384,5,4.0,3.5,2.8,4.2,3.3,0,0,0,0,0,0.217,80.7,2
3.7,19.3,1.0,67.6,8.4,60000,80,35000.0,220,16.1,0.0,440,5,4.5,4.0,3.2,4.5,4.2,1,0,0,0,0,0.583,90.6,2
3.7,19.3,1.0,67.6,8.4,60000,80,17500.0,130,6.4,147.0,422,5,4.0,3.5,2.2,4.0,3.5,0,0,1,0,0,0.292,67.6,1
3.7,19.3,1.0,67.6,8.4,60000,80,28000.0,200,4.6,105.0,500,5,4.3,4.0,3.0,4.3,3.8,0,1,1,0,0,0.467,87.6,2
3.7,19.3,1.0,67.6,8.4,60000,80,14500.0,100,5.9,136.0,309,5,4.2,3.5,2.5,4.2,4.0,0,0,0,0,0,0.242,72.7,1
3.7,19.3,1.0,67.6,8.4,60000,80,16500.0,100,5.8,132.0,309,5,4.2,3.5,2.5,4.2,4.2,0,0,0,0,0,0.275,76.2,2
3.7,19.3,1.0,67.6,8.4,60000,80,28000.0,136,15.2,0.0,265,5,4.2,3.5,3.0,4.5,4.2,1,0,0,0,0,0.467,84.8,2
3.7,19.3,1.0,67.6,8.4,60000,80,22000.0,130,6.1,139.0,412,5,4.3,3.8,3.0,4.0,4.3,0,0,0,0,0,0.367,78.0,2
3.7,19.3,1.0,67.6,8.4,60000,80,24000.0,130,5.2,138.0,520,5,4.3,4.0,2.5,4.2,4.0,0,0,1,0,0,0.4,83.3,2
3.7,19.3,1.0,67.6,8.4,60000,80,35000.0,225,1.4,32.0,520,5,4.5,4.2,3.0,4.5,4.5,0,1,1,0,0,0.583,91.9,2
3.7,19.3,1.0,67.6,8.4,60000,80,30000.0,130,5.5,144.0,780,7,4.2,4.0,2.0,4.0,3.8,0,0,1,0,0,0.5,74.6,1
3.7,19.3,1.0,67.6,8.4,60000,80,12000.0,83,5.8,132.0,300,5,3.5,3.2,1.5,4.5,3.0,0,0,0,0,0,0.2,72.0,1
3.7,19.3,1.0,67.6,8.4,60000,80,18000.0,110,6.2,142.0,410,5,3.5,3.3,1.8,4.2,3.2,0,0,1,0,0,0.3,73.9,1
3.7,19.3,1.0,67.6,8.4,60000,80,22000.0,130,6.0,137.0,380,5,4.0,4.0,2.2,4.0,3.8,0,0,0,0,0,0.367,71.7,1
3.7,19.3,1.0,67.6,8.4,60000,80,26000.0,130,5.5,144.0,580,5,4.2,4.2,2.0,4.0,3.5,0,0,1,0,0,0.433,70.2,1
3.7,19.3,1.0,67.6,8.4,60000,80,14000.0,100,5.8,132.0,309,5,4.0,3.3,2.5,4.3,3.3,0,0,0,0,0,0.233,75.0,2
3.7,19.3,1.0,67.6,8.4,60000,80,27000.0,136,15.2,0.0,267,5,4.0,3.3,2.8,4.5,3.5,1,0,0,0,0,0.45,84.6,2
3.7,19.3,1.0,67.6,8.4,60000,80,23000.0,130,6.1,139.0,422,5,4.2,3.8,3.0,4.0,4.0,0,0,0,0,0,0.383,76.5,2
3.7,19.3,1.0,67.6,8.4,60000,80,22000.0,130,6.5,148.0,350,5,4.0,3.5,2.5,3.8,4.0,0,0,1,0,0,0.367,70.4,1
3.7,19.3,1.0,67.6,8.4,60000,80,10500.0,100,5.9,136.0,292,5,3.8,3.0,3.0,4.3,3.2,0,0,0,0,0,0.175,78.2,2
3.7,19.3,1.0,67.6,8.4,60000,80,15000.0,125,6.0,137.0,375,5,4.2,3.5,3.3,4.0,3.5,0,0,0,0,0,0.25,70.9,1
3.7,19.3,1.0,67.6,8.4,60000,80,20000.0,120,4.7,123.0,575,5,4.2,3.8,2.8,4.5,3.3,0,0,0,0,0,0.333,83.5,2
3.7,19.3,1.0,67.6,8.4,60000,80,22000.0,125,5.4,124.0,456,5,4.3,3.5,2.8,4.3,4.0,0,1,1,0,0,0.367,89.0,2
3.7,19.3,1.0,67.6,8.4,60000,80,25000.0,190,1.4,32.0,475,5,4.3,3.8,2.8,4.5,3.5,0,1,1,0,0,0.417,90.9,2
3.7,19.3,1.0,67.6,8.4,60000,80,48000.0,269,18.1,0.0,402,5,4.5,4.0,4.0,4.0,4.5,1,0,1,0,0,0.8,87.6,2
3.7,19.3,1.0,67.6,8.4,60000,80,13000.0,95,5.7,130.0,351,5,4.2,3.5,2.5,4.3,3.5,0,0,0,0,0,0.217,73.5,1
3.7,19.3,1.0,67.6,8.4,60000,80,18000.0,110,5.6,128.0,351,5,4.3,3.5,2.8,4.3,3.7,0,0,0,0,0,0.3,79.6,2
3.7,19.3,1.0,67.6,8.4,60000,80,18500.0,130,6.0,137.0,381,5,4.5,4.0,3.5,4.0,4.0,0,0,0,0,0,0.308,81.6,2
3.7,19.3,1.0,67.6,8.4,60000,80,28000.0,150,5.8,132.0,381,5,4.5,4.2,3.5,4.0,4.2,0,0,0,0,0,0.467,83.7,2
3.7,19.3,1.0,67.6,8.4,60000,80,38000.0,245,7.4,168.0,381,5,4.5,3.8,4.5,3.2,4.5,0,0,0,0,0,0.633,71.6,1
3.7,19.3,1.0,67.6,8.4,60000,80,48000.0,320,8.0,183.0,381,5,4.5,3.8,4.8,2.8,4.5,0,0,0,0,0,0.8,69.8,1
3.7,19.3,1.0,67.6,8.4,60000,80,28000.0,150,5.5,144.0,615,5,4.5,4.2,2.5,4.0,3.8,0,0,1,0,0,0.467,73.2,1
3.7,19.3,1.0,67.6,8.4,60000,80,38000.0,150,7.0,160.0,615,5,4.5,4.3,2.8,3.8,4.2,0,0,1,0,0,0.633,79.6,2
3.7,19.3,1.0,67.6,8.4,60000,80,20000.0,150,5.0,132.0,650,5,4.5,4.3,3.0,4.3,3.8,0,0,0,0,0,0.333,80.2,2
3.7,19.3,1.0,67.6,8.4,60000,80,40000.0,272,7.2,164.0,690,5,4.8,4.5,3.5,3.5,4.2,0,0,0,0,0,0.667,76.2,2
3.7,19.3,1.0,67.6,8.4,60000,80,35000.0,200,5.5,144.0,563,5,4.5,4.5,3.5,4.0,4.8,0,0,0,0,1,0.583,79.4,2
3.7,19.3,1.0,67.6,8.4,60000,80,32000.0,204,15.8,0.0,385,5,4.3,3.8,3.0,4.5,3.8,1,0,0,0,0,0.533,88.8,2
3.7,19.3,1.0,67.6,8.4,60000,80,38000.0,204,17.0,0.0,543,5,4.5,4.0,2.8,4.3,4.0,1,0,1,0,0,0.633,88.5,2
3.7,19.3,1.0,67.6,8.4,60000,80,14500.0,110,5.5,126.0,380,5,4.0,3.3,2.5,4.5,3.2,0,0,0,0,0,0.242,76.8,2
3.7,19.3,1.0,67.6,8.4,60000,80,18000.0,150,4.8,126.0,640,5,4.5,4.0,3.0,4.5,3.5,0,0,0,0,0,0.3,84.0,2
3.7,19.3,1.0,67.6,8.4,60000,80,25000.0,150,6.2,141.0,640,5,4.5,4.2,3.0,4.2,3.8,0,0,0,0,0,0.417,77.6,2
3.7,19.3,1.0,67.6,8.4,60000,80,35000.0,245,7.1,161.0,640,5,4.5,3.8,4.3,3.2,4.2,0,0,0,0,0,0.583,69.7,1
3.7,19.3,1.0,67.6,8.4,60000,80,30000.0,150,5.0,132.0,660,5,4.5,4.5,2.8,4.3,4.0,0,0,0,0,0,0.5,82.2,2
3.7,19.3,1.0,67.6,8.4,60000,80,32000.0,150,5.8,152.0,720,7,4.5,4.2,2.2,4.0,3.5,0,0,1,0,0,0.533,74.8,1
3.7,19.3,1.0,67.6,8.4,60000,80,20000.0,110,6.0,137.0,400,5,4.2,3.5,2.2,4.2,3.5,0,0,1,0,0,0.333,71.7,1
3.7,19.3,1.0,67.6,8.4,60000,80,13500.0,110,5.6,128.0,355,5,4.0,3.2,2.8,4.3,3.5,0,0,0,0,0,0.225,78.9,2
3.7,19.3,1.0,67.6,8.4,60000,80,20000.0,150,6.0,137.0,380,5,4.3,3.5,3.5,4.0,4.0,0,0,0,0,0,0.333,81.7,2
3.7,19.3,1.0,67.6,8.4,60000,80,35000.0,300,7.5,170.0,380,5,4.3,3.5,4.7,3.0,4.3,0,0,0,0,0,0.583,68.6,1
3.7,19.3,1.0,67.6,8.4,60000,80,25000.0,150,5.6,147.0,510,5,4.3,3.8,2.8,4.2,3.5,0,0,1,0,0,0.417,77.8,2
3.7,19.3,1.0,67.6,8.4,60000,80,15000.0,116,3.8,87.0,286,5,4.5,3.3,2.2,4.8,3.2,0,1,0,0,0,0.25,87.0,2
3.7,19.3,1.0,67.6,8.4,60000,80,22000.0,116,4.4,101.0,320,5,4.5,3.5,2.0,4.7,3.5,0,1,1,0,0,0.367,90.4,2
3.7,19.3,1.0,67.6,8.4,60000,80,22000.0,140,4.5,103.0,361,5,4.5,3.8,3.0,4.7,3.8,0,1,0,0,0,0.367,95.8,2
3.7,19.3,1.0,67.6,8.4,60000,80,30000.0,197,5.0,114.0,433,5,4.8,4.0,2.5,4.5,3.8,0,1,1,0,0,0.5,89.3,2
3.7,19.3,1.0,67.6,8.4,60000,80,32000.0,222,5.6,128.0,580,5,4.8,4.0,2.5,4.3,3.5,0,1,1,0,0,0.533,81.5,2
3.7,19.3,1.0,67.6,8.4,60000,80,35000.0,218,4.9,112.0,493,5,4.8,4.5,2.8,4.5,3.8,0,1,0,0,1,0.583,89.1,2
3.7,19.3,1.0,67.6,8.4,60000,80,28000.0,200,4.8,110.0,310,5,4.5,3.5,3.0,4.5,4.2,0,1,1,0,0,0.467,91.8,2
3.7,19.3,1.0,67.6,8.4,60000,80,55000.0,340,8.5,194.0,290,2,4.0,3.0,4.8,2.5,4.8,0,0,0,1,0,0.917,63.7,1
3.7,19.3,1.0,67.6,8.4,60000,80,28000.0,182,6.5,148.0,404,5,4.5,3.8,3.5,3.8,4.0,0,0,0,0,0,0.467,73.5,1
3.7,19.3,1.0,67.6,8.4,60000,80,27000.0,131,5.4,122.0,319,5,4.3,3.5,2.2,4.5,3.5,0,1,1,0,0,0.45,86.6,2
3.7,19.3,1.0,67.6,8.4,60000,80,38000.0,184,6.0,137.0,587,5,4.5,4.0,2.5,4.2,3.5,0,1,1,0,0,0.633,81.4,2
3.7,19.3,1.0,67.6,8.4,60000,80,35000.0,184,6.2,141.0,380,5,4.5,3.8,3.0,4.0,4.0,0,1,1,0,0,0.583,77.9,2
3.7,19.3,1.0,67.6,8.4,60000,80,13000.0,100,5.8,132.0,351,5,4.0,3.2,2.5,4.3,3.5,0,0,0,0,0,0.217,71.5,1
3.7,19.3,1.0,67.6,8.4,60000,80,19000.0,160,6.5,148.0,395,5,4.3,3.5,3.0,4.0,3.5,0,0,0,0,0,0.317,75.1,2
3.7,19.3,1.0,67.6,8.4,60000,80,35000.0,280,8.0,183.0,395,5,4.0,3.2,4.7,2.8,4.0,0,0,0,0,0,0.583,64.3,1
3.7,19.3,1.0,67.6,8.4,60000,80,28000.0,230,5.5,126.0,546,5,4.5,4.0,2.8,4.3,4.2,0,1,1,0,0,0.467,81.9,2
3.7,19.3,1.0,67.6,8.4,60000,80,24000.0,120,6.2,141.0,466,5,4.3,3.5,2.2,4.0,3.8,0,0,1,0,0,0.4,74.6,1
3.7,19.3,1.0,67.6,8.4,60000,80,35000.0,204,14.7,0.0,466,5,4.3,3.5,3.0,4.5,3.8,1,0,1,0,0,0.583,86.5,2
3.7,19.3,1.0,67.6,8.4,60000,80,42000.0,325,16.8,0.0,527,5,4.8,4.3,3.5,4.3,4.8,1,0,1,0,0,0.7,87.9,2
3.7,19.3,1.0,67.6,8.4,60000,80,45000.0,325,14.3,0.0,401,5,4.8,4.3,3.5,4.5,4.8,1,0,0,0,1,0.75,93.3,2
3.7,19.3,1.0,67.6,8.4,60000,80,10500.0,67,4.8,109.0,255,5,3.2,2.5,1.5,4.8,2.8,0,0,0,0,0,0.175,80.1,2
3.7,19.3,1.0,67.6,8.4,60000,80,19000.0,160,6.5,148.0,395,5,4.2,3.5,3.0,4.0,3.5,0,0,0,0,0,0.317,78.4,2
3.7,19.3,1.0,67.6,8.4,60000,80,30000.0,230,5.5,126.0,543,5,4.5,4.0,2.8,4.3,4.3,0,1,1,0,0,0.5,85.8,2
3.7,19.3,1.0,67.6,8.4,60000,80,45000.0,325,16.5,0.0,490,5,4.8,4.2,4.0,4.3,4.8,1,0,1,0,0,0.75,88.6,2
3.7,19.3,1.0,67.6,8.4,60000,80,40000.0,245,8.5,194.0,406,5,4.2,4.0,4.2,3.0,4.5,0,0,0,0,1,0.667,72.9,1
3.7,19.3,1.0,67.6,8.4,60000,80,22000.0,150,6.5,148.0,358,5,4.3,3.8,3.5,3.8,4.5,0,0,0,0,0,0.367,78.6,2
3.7,19.3,1.0,67.6,8.4,60000,80,28000.0,165,7.1,163.0,506,5,4.3,4.0,3.0,3.5,4.0,0,0,1,0,0,0.467,70.6,1
3.7,19.3,1.0,67.6,8.4,60000,80,24000.0,150,6.5,148.0,430,5,4.3,3.8,3.0,3.8,4.3,0,0,1,0,0,0.4,73.2,1
3.7,19.3,1.0,67.6,8.4,60000,80,30000.0,184,6.8,155.0,130,2,3.5,3.0,4.5,3.5,4.8,0,0,0,1,0,0.5,80.5,2
3.7,19.3,1.0,67.6,8.4,60000,80,10000.0,100,5.4,123.0,300,5,3.8,2.8,2.0,4.5,3.0,0,0,0,0,0,0.167,79.7,2
3.7,19.3,1.0,67.6,8.4,60000,80,27000.0,158,6.5,148.0,504,5,4.3,3.8,2.5,3.8,3.8,0,0,1,0,0,0.45,75.0,2
3.7,19.3,1.0,67.6,8.4,60000,80,28000.0,150,15.5,0.0,435,5,4.0,3.5,2.5,4.5,3.0,1,0,0,0,0,0.467,84.6,2
3.7,19.3,1.0,67.6,8.4,60000,80,42000.0,242,16.5,0.0,468,5,4.5,4.2,3.0,4.2,4.2,1,0,1,0,0,0.7,86.4,2
3.7,19.3,1.0,67.6,8.4,60000,80,22000.0,136,6.5,148.0,380,5,4.3,3.5,3.5,3.5,4.0,0,0,0,0,0,0.367,69.8,1
3.7,19.3,1.0,67.6,8.4,60000,80,32000.0,170,6.8,155.0,380,5,4.5,3.8,3.8,3.3,4.3,0,0,0,0,0,0.533,70.2,1
3.7,19.3,1.0,67.6,8.4,60000,80,28000.0,190,5.2,137.0,480,5,4.5,4.2,4.0,4.0,4.5,0,0,0,0,1,0.467,85.6,2
3.7,19.3,1.0,67.6,8.4,60000,80,42000.0,245,7.0,159.0,480,5,4.8,4.3,4.2,3.5,4.5,0,0,0,0,1,0.7,75.8,2
3.7,19.3,1.0,67.6,8.4,60000,80,40000.0,190,5.5,144.0,530,5,4.8,4.8,3.5,3.8,4.8,0,0,0,0,1,0.667,81.8,2
3.7,19.3,1.0,67.6,8.4,60000,80,55000.0,299,7.5,171.0,520,5,5.0,4.8,4.0,3.3,4.8,0,0,0,0,1,0.917,75.8,2
3.7,19.3,1.0,67.6,8.4,60000,80,32000.0,136,6.8,155.0,540,5,4.5,4.0,3.0,3.5,4.0,0,0,1,0,0,0.533,68.9,1
3.7,19.3,1.0,67.6,8.4,60000,80,40000.0,190,5.8,152.0,550,5,4.8,4.3,3.2,3.8,4.3,0,0,1,0,0,0.667,82.4,2
3.7,19.3,1.0,67.6,8.4,60000,80,58000.0,286,6.8,179.0,650,5,5.0,4.8,3.5,3.2,4.5,0,0,1,0,0,0.967,65.8,1
3.7,19.3,1.0,67.6,8.4,60000,80,52000.0,286,17.5,0.0,510,5,4.8,4.2,3.5,4.0,4.3,1,0,1,0,0,0.867,87.0,2
3.7,19.3,1.0,67.6,8.4,60000,80,48000.0,340,16.1,0.0,470,5,4.8,4.2,4.2,4.0,4.8,1,0,0,0,1,0.8,91.8,2
3.7,19.3,1.0,67.6,8.4,60000,80,24000.0,163,6.5,148.0,370,5,4.3,3.8,3.0,3.5,4.2,0,0,0,0,0,0.4,69.2,1
3.7,19.3,1.0,67.6,8.4,60000,80,30000.0,163,6.3,144.0,370,5,4.5,4.0,3.0,3.5,4.3,0,0,0,0,0,0.5,69.6,1
3.7,19.3,1.0,67.6,8.4,60000,80,38000.0,204,6.8,155.0,455,5,4.8,4.5,3.5,3.5,4.8,0,0,0,0,1,0.633,78.3,2
3.7,19.3,1.0,67.6,8.4,60000,80,45000.0,313,2.0,46.0,455,5,5.0,4.8,3.8,4.2,4.8,0,1,0,0,1,0.75,96.1,2
3.7,19.3,1.0,67.6,8.4,60000,80,45000.0,220,5.5,144.0,540,5,5.0,4.8,3.2,3.8,4.8,0,0,0,0,1,0.75,75.3,2
3.7,19.3,1.0,67.6,8.4,60000,80,58000.0,313,2.0,46.0,540,5,5.0,5.0,3.5,4.0,5.0,0,1,0,0,1,0.967,87.0,2
3.7,19.3,1.0,67.6,8.4,60000,80,32000.0,163,6.8,155.0,435,5,4.5,4.0,2.8,3.5,4.2,0,0,1,0,0,0.533,69.0,1
3.7,19.3,1.0,67.6,8.4,60000,80,45000.0,204,7.2,164.0,600,5,4.8,4.5,3.0,3.3,4.5,0,0,1,0,0,0.75,68.3,1
3.7,19.3,1.0,67.6,8.4,60000,80,60000.0,272,7.0,184.0,630,5,5.0,4.8,3.0,3.0,4.5,0,0,1,0,0,1.0,63.3,1
3.7,19.3,1.0,67.6,8.4,60000,80,42000.0,190,17.0,0.0,340,5,4.5,4.0,2.8,4.2,4.2,1,0,1,0,0,0.7,81.8,2
3.7,19.3,1.0,67.6,8.4,60000,80,55000.0,408,21.3,0.0,500,5,4.8,4.3,3.5,3.5,4.3,1,0,1,0,0,0.917,74.5,1
3.7,19.3,1.0,67.6,8.4,60000,80,62000.0,408,9.0,206.0,455,5,4.8,4.2,4.8,2.5,4.8,0,0,0,0,1,1.033,63.8,1
3.7,19.3,1.0,67.6,8.4,60000,80,18000.0,116,5.8,132.0,335,5,4.0,3.2,2.5,4.0,4.0,0,0,0,0,0,0.3,74.3,1
3.7,19.3,1.0,67.6,8.4,60000,80,28000.0,150,6.2,141.0,380,5,4.5,3.8,3.2,3.8,4.3,0,0,0,0,1,0.467,74.5,1
3.7,19.3,1.0,67.6,8.4,60000,80,30000.0,163,5.2,137.0,460,5,4.5,4.3,3.5,4.0,4.5,0,0,0,0,1,0.5,85.2,2
3.7,19.3,1.0,67.6,8.4,60000,80,42000.0,204,6.8,155.0,460,5,4.8,4.5,3.5,3.5,4.5,0,0,0,0,1,0.7,76.4,2
3.7,19.3,1.0,67.6,8.4,60000,80,42000.0,204,5.5,144.0,530,5,4.8,4.8,3.2,3.8,4.8,0,0,0,0,1,0.7,81.4,2
3.7,19.3,1.0,67.6,8.4,60000,80,30000.0,150,6.8,155.0,530,5,4.5,4.0,2.8,3.5,4.2,0,0,1,0,0,0.5,70.8,1
3.7,19.3,1.0,67.6,8.4,60000,80,42000.0,204,6.0,158.0,520,5,4.8,4.3,3.0,3.5,4.3,0,0,1,0,0,0.7,74.8,1
3.7,19.3,1.0,67.6,8.4,60000,80,55000.0,286,7.2,189.0,705,7,5.0,4.8,3.0,3.0,4.5,0,0,1,0,0,0.917,70.5,1
3.7,19.3,1.0,67.6,8.4,60000,80,55000.0,400,8.5,194.0,321,5,4.5,3.5,4.8,2.5,4.5,0,0,0,0,1,0.917,64.1,1
3.7,19.3,1.0,67.6,8.4,60000,80,32000.0,163,7.0,160.0,452,5,4.8,4.0,2.5,3.5,4.0,0,0,1,0,0,0.533,72.8,1
3.7,19.3,1.0,67.6,8.4,60000,80,42000.0,197,6.2,163.0,483,5,5.0,4.5,2.8,3.5,4.3,0,0,1,0,0,0.7,73.5,1
3.7,19.3,1.0,67.6,8.4,60000,80,58000.0,303,2.4,55.0,640,7,5.0,4.8,2.5,4.0,4.5,0,1,1,0,0,0.967,83.7,2
3.7,19.3,1.0,67.6,8.4,60000,80,48000.0,408,17.8,0.0,413,5,5.0,4.0,3.5,4.0,4.5,1,0,1,0,0,0.8,84.4,2
3.7,19.3,1.0,67.6,8.4,60000,80,35000.0,197,7.0,160.0,442,5,5.0,4.3,3.5,3.5,4.5,0,0,0,0,1,0.583,75.6,2
3.7,19.3,1.0,67.6,8.4,60000,80,40000.0,325,14.0,0.0,561,5,4.8,3.8,4.2,4.5,4.5,1,0,0,0,1,0.667,97.7,2
3.7,19.3,1.0,67.6,8.4,60000,80,45000.0,325,15.0,0.0,854,5,4.8,3.8,3.8,4.3,4.3,1,0,1,0,0,0.75,91.0,2
3.7,19.3,1.0,67.6,8.4,60000,80,12000.0,69,5.2,119.0,185,4,3.5,2.5,1.5,4.5,4.0,0,0,0,0,0,0.2,80.2,2
3.7,19.3,1.0,67.6,8.4,60000,80,14000.0,100,6.2,141.0,520,5,3.5,3.0,2.0,4.2,2.8,0,0,0,0,1,0.233,66.6,1
3.7,19.3,1.0,67.6,8.4,60000,80,25000.0,118,13.0,0.0,185,4,3.8,2.8,2.5,4.5,4.5,1,0,0,0,0,0.417,80.8,2
3.7,19.3,1.0,67.6,8.4,60000,80,25000.0,136,5.8,132.0,211,4,4.0,3.3,3.5,3.5,4.5,0,0,0,0,0,0.417,74.1,1
3.7,19.3,1.0,67.6,8.4,60000,80,32000.0,136,6.8,155.0,450,5,4.2,3.5,3.0,3.2,4.2,0,0,1,0,0,0.533,65.1,1
3.7,19.3,1.0,67.6,8.4,60000,80,35000.0,200,7.2,164.0,480,5,4.3,3.8,4.2,3.0,4.8,0,0,0,0,1,0.583,70.0,1
3.7,19.3,1.0,67.6,8.4,60000,80,38000.0,200,7.5,171.0,525,5,4.3,3.8,3.5,3.0,4.5,0,0,1,0,0,0.633,66.9,1
3.7,19.3,1.0,67.6,8.4,60000,80,24000.0,150,7.0,160.0,345,5,4.5,3.5,3.5,3.5,3.2,0,0,0,0,0,0.4,73.0,1
3.7,19.3,1.0,67.6,8.4,60000,80,32000.0,150,7.5,171.0,520,5,4.8,3.8,2.5,3.3,3.0,0,0,1,0,0,0.533,60.0,1
3.7,19.3,1.0,67.6,8.4,60000,80,28000.0,150,7.2,164.0,385,5,4.5,3.5,3.0,3.3,3.2,0,0,1,0,0,0.467,62.3,1
3.7,19.3,1.0,67.6,8.4,60000,80,12000.0,83,5.2,119.0,265,5,3.5,2.8,2.5,4.8,3.0,0,0,0,0,0,0.2,87.2,2
3.7,19.3,1.0,67.6,8.4,60000,80,20000.0,129,6.5,148.0,375,5,3.8,3.2,2.5,4.0,3.2,0,0,1,0,0,0.333,67.0,1
3.7,19.3,1.0,67.6,8.4,60000,80,20000.0,150,6.5,148.0,393,5,3.8,3.3,2.2,3.8,3.2,0,0,1,0,0,0.333,69.2,1
3.7,19.3,1.0,67.6,8.4,60000,80,40000.0,252,1.8,41.0,469,5,4.5,4.0,2.8,4.5,3.5,0,1,1,0,0,0.667,92.2,2
3.7,19.3,1.0,67.6,8.4,60000,80,22000.0,130,7.0,160.0,351,5,3.5,3.0,2.5,3.5,3.5,0,0,1,0,0,0.367,64.3,1
3.7,19.3,1.0,67.6,8.4,60000,80,28000.0,130,5.8,152.0,438,5,3.8,3.3,2.5,3.8,3.3,0,0,1,0,0,0.467,69.4,1
3.7,19.3,1.0,67.6,8.4,60000,80,55000.0,272,10.0,228.0,548,5,3.5,2.8,3.5,2.5,4.0,0,0,1,0,0,0.917,55.1,1
3.7,19.3,1.0,67.6,8.4,60000,80,38000.0,163,6.2,163.0,602,5,4.3,4.0,2.5,3.2,4.0,0,0,1,0,0,0.633,69.5,1
3.7,19.3,1.0,67.6,8.4,60000,80,42000.0,163,6.5,171.0,591,5,4.3,4.2,2.8,3.0,4.8,0,0,1,0,0,0.7,70.0,1
3.7,19.3,1.0,67.6,8.4,60000,80,58000.0,265,8.8,201.0,488,5,4.8,4.2,4.3,2.5,4.8,0,0,1,0,0,0.967,61.2,1
3.7,19.3,1.0,67.6,8.4,60000,80,48000.0,204,6.8,179.0,619,5,4.5,4.2,3.2,3.2,4.5,0,0,1,0,0,0.8,70.7,1
3.7,19.3,1.0,67.6,8.4,60000,80,65000.0,400,22.0,0.0,505,5,4.8,4.0,4.0,3.2,4.8,1,0,1,0,0,1.083,71.0,1
3.7,19.3,1.0,67.6,8.4,60000,80,32000.0,184,4.8,110.0,320,5,4.8,3.8,2.5,4.5,4.0,0,1,1,0,0,0.533,91.1,2
3.7,19.3,1.0,67.6,8.4,60000,80,42000.0,244,5.8,132.0,520,5,5.0,4.5,2.8,4.2,4.5,0,1,1,0,0,0.7,87.6,2
3.7,19.3,1.0,67.6,8.4,60000,80,55000.0,308,6.0,137.0,612,5,5.0,4.8,3.0,3.8,4.5,0,1,1,0,0,0.917,77.5,2
3.7,19.3,1.0,67.6,8.4,60000,80,42000.0,218,4.8,110.0,454,5,5.0,4.8,2.5,4.5,4.5,0,1,0,0,1,0.7,93.6,2
3.7,19.3,1.0,67.6,8.4,60000,80,35000.0,204,15.5,0.0,385,5,4.3,3.5,3.5,4.2,4.3,1,0,0,0,0,0.583,83.8,2
3.7,19.3,1.0,67.6,8.4,60000,80,35000.0,245,7.5,171.0,420,5,4.3,3.5,4.0,3.0,4.5,0,0,1,0,0,0.583,63.8,1
3.7,19.3,1.0,67.6,8.4,60000,80,38000.0,300,7.5,170.0,380,5,4.3,3.5,4.7,2.8,4.5,0,0,0,0,0,0.633,73.1,1
3.7,19.3,1.0,67.6,8.4,60000,80,62000.0,300,8.0,183.0,150,2,4.0,3.0,4.8,2.5,4.8,0,0,0,1,0,1.033,61.9,1
3.7,19.3,1.0,67.6,8.4,60000,80,48000.0,258,7.5,171.0,281,2,4.0,3.2,4.5,2.8,4.8,0,0,0,1,0,0.8,67.9,1
3.7,19.3,1.0,67.6,8.4,60000,80,38000.0,245,8.0,183.0,330,5,4.5,4.0,4.0,3.0,4.3,0,0,0,0,1,0.633,69.8,1
3.7,19.3,1.0,67.6,8.4,60000,80,42000.0,245,8.5,194.0,542,5,4.8,4.2,3.5,3.0,4.5,0,0,1,0,0,0.7,70.7,1
3.7,19.3,1.0,67.6,8.4,60000,80,42000.0,408,15.5,0.0,405,5,4.8,4.0,4.0,4.2,4.5,1,0,0,0,1,0.7,88.5,2
34.1,11.7,23.0,24.8,6.4,60000,10,6500.0,73,6.4,149.0,510,5,3.0,2.5,1.5,4.8,2.0,0,0,0,0,1,0.108,59.8,1
34.1,11.7,23.0,24.8,6.4,60000,10,9800.0,91,6.0,137.0,528,5,3.4,3.0,1.5,4.7,2.8,0,0,0,0,1,0.163,66.4,1
34.1,11.7,23.0,24.8,6.4,60000,10,7200.0,73,6.2,144.0,328,5,3.2,2.5,1.8,4.6,2.5,0,0,0,0,0,0.12,58.1,1
34.1,11.7,23.0,24.8,6.4,60000,10,13500.0,91,6.1,139.0,328,5,3.4,3.0,2.0,4.5,3.2,0,0,0,0,0,0.225,67.2,1
34.1,11.7,23.0,24.8,6.4,60000,10,14000.0,115,5.7,150.0,445,5,3.0,3.0,2.0,4.2,2.8,0,0,1,0,0,0.233,64.1,1
34.1,11.7,23.0,24.8,6.4,60000,10,19500.0,130,6.8,155.0,445,5,3.5,3.2,2.2,4.0,3.5,0,0,1,0,0,0.325,68.7,1
34.1,11.7,23.0,24.8,6.4,60000,10,15800.0,110,6.4,146.0,708,7,3.2,3.2,1.5,4.3,3.0,0,0,0,0,0,0.263,67.5,1
34.1,11.7,23.0,24.8,6.4,60000,10,12000.0,65,14.5,0.0,290,4,2.8,2.2,1.2,4.9,2.5,1,0,0,0,0,0.2,57.6,1
34.1,11.7,23.0,24.8,6.4,60000,10,11500.0,100,5.8,132.0,391,5,4.2,3.5,2.5,4.3,3.5,0,0,0,0,0,0.192,76.0,2
34.1,11.7,23.0,24.8,6.4,60000,10,16000.0,140,4.3,98.0,391,5,4.2,3.8,2.8,4.7,3.8,0,1,0,0,0,0.267,77.7,2
34.1,11.7,23.0,24.8,6.4,60000,10,13000.0,115,4.8,128.0,384,5,4.0,3.5,2.8,4.2,3.3,0,0,0,0,0,0.217,71.7,1
34.1,11.7,23.0,24.8,6.4,60000,10,35000.0,220,16.1,0.0,440,5,4.5,4.0,3.2,4.5,4.2,1,0,0,0,0,0.583,88.2,2
34.1,11.7,23.0,24.8,6.4,60000,10,17500.0,130,6.4,147.0,422,5,4.0,3.5,2.2,4.0,3.5,0,0,1,0,0,0.292,71.2,1
34.1,11.7,23.0,24.8,6.4,60000,10,28000.0,200,4.6,105.0,500,5,4.3,4.0,3.0,4.3,3.8,0,1,1,0,0,0.467,81.8,2
34.1,11.7,23.0,24.8,6.4,60000,10,14500.0,100,5.9,136.0,309,5,4.2,3.5,2.5,4.2,4.0,0,0,0,0,0,0.242,71.6,1
34.1,11.7,23.0,24.8,6.4,60000,10,16500.0,100,5.8,132.0,309,5,4.2,3.5,2.5,4.2,4.2,0,0,0,0,0,0.275,72.1,1
34.1,11.7,23.0,24.8,6.4,60000,10,28000.0,136,15.2,0.0,265,5,4.2,3.5,3.0,4.5,4.2,1,0,0,0,0,0.467,80.8,2
34.1,11.7,23.0,24.8,6.4,60000,10,22000.0,130,6.1,139.0,412,5,4.3,3.8,3.0,4.0,4.3,0,0,0,0,0,0.367,79.5,2
34.1,11.7,23.0,24.8,6.4,60000,10,24000.0,130,5.2,138.0,520,5,4.3,4.0,2.5,4.2,4.0,0,0,1,0,0,0.4,85.0,2
34.1,11.7,23.0,24.8,6.4,60000,10,35000.0,225,1.4,32.0,520,5,4.5,4.2,3.0,4.5,4.5,0,1,1,0,0,0.583,91.9,2
34.1,11.7,23.0,24.8,6.4,60000,10,30000.0,130,5.5,144.0,780,7,4.2,4.0,2.0,4.0,3.8,0,0,1,0,0,0.5,81.8,2
34.1,11.7,23.0,24.8,6.4,60000,10,12000.0,83,5.8,132.0,300,5,3.5,3.2,1.5,4.5,3.0,0,0,0,0,0,0.2,64.8,1
34.1,11.7,23.0,24.8,6.4,60000,10,18000.0,110,6.2,142.0,410,5,3.5,3.3,1.8,4.2,3.2,0,0,1,0,0,0.3,65.7,1
34.1,11.7,23.0,24.8,6.4,60000,10,22000.0,130,6.0,137.0,380,5,4.0,4.0,2.2,4.0,3.8,0,0,0,0,0,0.367,77.4,2
34.1,11.7,23.0,24.8,6.4,60000,10,26000.0,130,5.5,144.0,580,5,4.2,4.2,2.0,4.0,3.5,0,0,1,0,0,0.433,83.7,2
34.1,11.7,23.0,24.8,6.4,60000,10,14000.0,100,5.8,132.0,309,5,4.0,3.3,2.5,4.3,3.3,0,0,0,0,0,0.233,71.3,1
34.1,11.7,23.0,24.8,6.4,60000,10,27000.0,136,15.2,0.0,267,5,4.0,3.3,2.8,4.5,3.5,1,0,0,0,0,0.45,71.5,1
34.1,11.7,23.0,24.8,6.4,60000,10,23000.0,130,6.1,139.0,422,5,4.2,3.8,3.0,4.0,4.0,0,0,0,0,0,0.383,81.4,2
34.1,11.7,23.0,24.8,6.4,60000,10,22000.0,130,6.5,148.0,350,5,4.0,3.5,2.5,3.8,4.0,0,0,1,0,0,0.367,73.8,1
34.1,11.7,23.0,24.8,6.4,60000,10,10500.0,100,5.9,136.0,292,5,3.8,3.0,3.0,4.3,3.2,0,0,0,0,0,0.175,69.6,1
34.1,11.7,23.0,24.8,6.4,60000,10,15000.0,125,6.0,137.0,375,5,4.2,3.5,3.3,4.0,3.5,0,0,0,0,0,0.25,70.2,1
34.1,11.7,23.0,24.8,6.4,60000,10,20000.0,120,4.7,123.0,575,5,4.2,3.8,2.8,4.5,3.3,0,0,0,0,0,0.333,85.6,2
34.1,11.7,23.0,24.8,6.4,60000,10,22000.0,125,5.4,124.0,456,5,4.3,3.5,2.8,4.3,4.0,0,1,1,0,0,0.367,76.5,2
34.1,11.7,23.0,24.8,6.4,60000,10,25000.0,190,1.4,32.0,475,5,4.3,3.8,2.8,4.5,3.5,0,1,1,0,0,0.417,79.8,2
34.1,11.7,23.0,24.8,6.4,60000,10,48000.0,269,18.1,0.0,402,5,4.5,4.0,4.0,4.0,4.5,1,0,1,0,0,0.8,94.8,2
34.1,11.7,23.0,24.8,6.4,60000,10,13000.0,95,5.7,130.0,351,5,4.2,3.5,2.5,4.3,3.5,0,0,0,0,0,0.217,71.5,1
34.1,11.7,23.0,24.8,6.4,60000,10,18000.0,110,5.6,128.0,351,5,4.3,3.5,2.8,4.3,3.7,0,0,0,0,0,0.3,76.7,2
34.1,11.7,23.0,24.8,6.4,60000,10,18500.0,130,6.0,137.0,381,5,4.5,4.0,3.5,4.0,4.0,0,0,0,0,0,0.308,82.9,2
34.1,11.7,23.0,24.8,6.4,60000,10,28000.0,150,5.8,132.0,381,5,4.5,4.2,3.5,4.0,4.2,0,0,0,0,0,0.467,83.7,2
34.1,11.7,23.0,24.8,6.4,60000,10,38000.0,245,7.4,168.0,381,5,4.5,3.8,4.5,3.2,4.5,0,0,0,0,0,0.633,82.1,2
34.1,11.7,23.0,24.8,6.4,60000,10,48000.0,320,8.0,183.0,381,5,4.5,3.8,4.8,2.8,4.5,0,0,0,0,0,0.8,81.2,2
34.1,11.7,23.0,24.8,6.4,60000,10,28000.0,150,5.5,144.0,615,5,4.5,4.2,2.5,4.0,3.8,0,0,1,0,0,0.467,90.7,2
34.1,11.7,23.0,24.8,6.4,60000,10,38000.0,150,7.0,160.0,615,5,4.5,4.3,2.8,3.8,4.2,0,0,1,0,0,0.633,89.7,2
34.1,11.7,23.0,24.8,6.4,60000,10,20000.0,150,5.0,132.0,650,5,4.5,4.3,3.0,4.3,3.8,0,0,0,0,0,0.333,89.6,2
34.1,11.7,23.0,24.8,6.4,60000,10,40000.0,272,7.2,164.0,690,5,4.8,4.5,3.5,3.5,4.2,0,0,0,0,0,0.667,94.8,2
34.1,11.7,23.0,24.8,6.4,60000,10,35000.0,200,5.5,144.0,563,5,4.5,4.5,3.5,4.0,4.8,0,0,0,0,1,0.583,93.8,2
34.1,11.7,23.0,24.8,6.4,60000,10,32000.0,204,15.8,0.0,385,5,4.3,3.8,3.0,4.5,3.8,1,0,0,0,0,0.533,85.3,2
34.1,11.7,23.0,24.8,6.4,60000,10,38000.0,204,17.0,0.0,543,5,4.5,4.0,2.8,4.3,4.0,1,0,1,0,0,0.633,94.3,2
34.1,11.7,23.0,24.8,6.4,60000,10,14500.0,110,5.5,126.0,380,5,4.0,3.3,2.5,4.5,3.2,0,0,0,0,0,0.242,67.9,1
34.1,11.7,23.0,24.8,6.4,60000,10,18000.0,150,4.8,126.0,640,5,4.5,4.0,3.0,4.5,3.5,0,0,0,0,0,0.3,91.1,2
34.1,11.7,23.0,24.8,6.4,60000,10,25000.0,150,6.2,141.0,640,5,4.5,4.2,3.0,4.2,3.8,0,0,0,0,0,0.417,85.8,2
34.1,11.7,23.0,24.8,6.4,60000,10,35000.0,245,7.1,161.0,640,5,4.5,3.8,4.3,3.2,4.2,0,0,0,0,0,0.583,84.5,2
34.1,11.7,23.0,24.8,6.4,60000,10,30000.0,150,5.0,132.0,660,5,4.5,4.5,2.8,4.3,4.0,0,0,0,0,0,0.5,88.9,2
34.1,11.7,23.0,24.8,6.4,60000,10,32000.0,150,5.8,152.0,720,7,4.5,4.2,2.2,4.0,3.5,0,0,1,0,0,0.533,84.7,2
34.1,11.7,23.0,24.8,6.4,60000,10,20000.0,110,6.0,137.0,400,5,4.2,3.5,2.2,4.2,3.5,0,0,1,0,0,0.333,76.3,2
34.1,11.7,23.0,24.8,6.4,60000,10,13500.0,110,5.6,128.0,355,5,4.0,3.2,2.8,4.3,3.5,0,0,0,0,0,0.225,70.2,1
34.1,11.7,23.0,24.8,6.4,60000,10,20000.0,150,6.0,137.0,380,5,4.3,3.5,3.5,4.0,4.0,0,0,0,0,0,0.333,77.6,2
34.1,11.7,23.0,24.8,6.4,60000,10,35000.0,300,7.5,170.0,380,5,4.3,3.5,4.7,3.0,4.3,0,0,0,0,0,0.583,78.3,2
34.1,11.7,23.0,24.8,6.4,60000,10,25000.0,150,5.6,147.0,510,5,4.3,3.8,2.8,4.2,3.5,0,0,1,0,0,0.417,84.5,2
34.1,11.7,23.0,24.8,6.4,60000,10,15000.0,116,3.8,87.0,286,5,4.5,3.3,2.2,4.8,3.2,0,1,0,0,0,0.25,72.8,1
34.1,11.7,23.0,24.8,6.4,60000,10,22000.0,116,4.4,101.0,320,5,4.5,3.5,2.0,4.7,3.5,0,1,1,0,0,0.367,81.0,2
34.1,11.7,23.0,24.8,6.4,60000,10,22000.0,140,4.5,103.0,361,5,4.5,3.8,3.0,4.7,3.8,0,1,0,0,0,0.367,84.2,2
34.1,11.7,23.0,24.8,6.4,60000,10,30000.0,197,5.0,114.0,433,5,4.8,4.0,2.5,4.5,3.8,0,1,1,0,0,0.5,81.9,2
34.1,11.7,23.0,24.8,6.4,60000,10,32000.0,222,5.6,128.0,580,5,4.8,4.0,2.5,4.3,3.5,0,1,1,0,0,0.533,88.2,2
34.1,11.7,23.0,24.8,6.4,60000,10,35000.0,218,4.9,112.0,493,5,4.8,4.5,2.8,4.5,3.8,0,1,0,0,1,0.583,89.9,2
34.1,11.7,23.0,24.8,6.4,60000,10,28000.0,200,4.8,110.0,310,5,4.5,3.5,3.0,4.5,4.2,0,1,1,0,0,0.467,80.7,2
34.1,11.7,23.0,24.8,6.4,60000,10,55000.0,340,8.5,194.0,290,2,4.0,3.0,4.8,2.5,4.8,0,0,0,1,0,0.917,71.4,1
34.1,11.7,23.0,24.8,6.4,60000,10,28000.0,182,6.5,148.0,404,5,4.5,3.8,3.5,3.8,4.0,0,0,0,0,0,0.467,78.5,2
34.1,11.7,23.0,24.8,6.4,60000,10,27000.0,131,5.4,122.0,319,5,4.3,3.5,2.2,4.5,3.5,0,1,1,0,0,0.45,77.8,2
34.1,11.7,23.0,24.8,6.4,60000,10,38000.0,184,6.0,137.0,587,5,4.5,4.0,2.5,4.2,3.5,0,1,1,0,0,0.633,87.8,2
34.1,11.7,23.0,24.8,6.4,60000,10,35000.0,184,6.2,141.0,380,5,4.5,3.8,3.0,4.0,4.0,0,1,1,0,0,0.583,80.6,2
34.1,11.7,23.0,24.8,6.4,60000,10,13000.0,100,5.8,132.0,351,5,4.0,3.2,2.5,4.3,3.5,0,0,0,0,0,0.217,66.7,1
34.1,11.7,23.0,24.8,6.4,60000,10,19000.0,160,6.5,148.0,395,5,4.3,3.5,3.0,4.0,3.5,0,0,0,0,0,0.317,72.1,1
34.1,11.7,23.0,24.8,6.4,60000,10,35000.0,280,8.0,183.0,395,5,4.0,3.2,4.7,2.8,4.0,0,0,0,0,0,0.583,73.4,1
34.1,11.7,23.0,24.8,6.4,60000,10,28000.0,230,5.5,126.0,546,5,4.5,4.0,2.8,4.3,4.2,0,1,1,0,0,0.467,85.5,2
34.1,11.7,23.0,24.8,6.4,60000,10,24000.0,120,6.2,141.0,466,5,4.3,3.5,2.2,4.0,3.8,0,0,1,0,0,0.4,73.5,1
34.1,11.7,23.0,24.8,6.4,60000,10,35000.0,204,14.7,0.0,466,5,4.3,3.5,3.0,4.5,3.8,1,0,1,0,0,0.583,78.5,2
34.1,11.7,23.0,24.8,6.4,60000,10,42000.0,325,16.8,0.0,527,5,4.8,4.3,3.5,4.3,4.8,1,0,1,0,0,0.7,97.8,2
34.1,11.7,23.0,24.8,6.4,60000,10,45000.0,325,14.3,0.0,401,5,4.8,4.3,3.5,4.5,4.8,1,0,0,0,1,0.75,93.4,2
34.1,11.7,23.0,24.8,6.4,60000,10,10500.0,67,4.8,109.0,255,5,3.2,2.5,1.5,4.8,2.8,0,0,0,0,0,0.175,63.0,1
34.1,11.7,23.0,24.8,6.4,60000,10,19000.0,160,6.5,148.0,395,5,4.2,3.5,3.0,4.0,3.5,0,0,0,0,0,0.317,76.5,2
34.1,11.7,23.0,24.8,6.4,60000,10,30000.0,230,5.5,126.0,543,5,4.5,4.0,2.8,4.3,4.3,0,1,1,0,0,0.5,86.0,2
34.1,11.7,23.0,24.8,6.4,60000,10,45000.0,325,16.5,0.0,490,5,4.8,4.2,4.0,4.3,4.8,1,0,1,0,0,0.75,100.0,2
34.1,11.7,23.0,24.8,6.4,60000,10,40000.0,245,8.5,194.0,406,5,4.2,4.0,4.2,3.0,4.5,0,0,0,0,1,0.667,84.0,2
34.1,11.7,23.0,24.8,6.4,60000,10,22000.0,150,6.5,148.0,358,5,4.3,3.8,3.5,3.8,4.5,0,0,0,0,0,0.367,77.8,2
34.1,11.7,23.0,24.8,6.4,60000,10,28000.0,165,7.1,163.0,506,5,4.3,4.0,3.0,3.5,4.0,0,0,1,0,0,0.467,77.6,2
34.1,11.7,23.0,24.8,6.4,60000,10,24000.0,150,6.5,148.0,430,5,4.3,3.8,3.0,3.8,4.3,0,0,1,0,0,0.4,83.6,2
34.1,11.7,23.0,24.8,6.4,60000,10,30000.0,184,6.8,155.0,130,2,3.5,3.0,4.5,3.5,4.8,0,0,0,1,0,0.5,67.8,1
34.1,11.7,23.0,24.8,6.4,60000,10,10000.0,100,5.4,123.0,300,5,3.8,2.8,2.0,4.5,3.0,0,0,0,0,0,0.167,61.1,1
34.1,11.7,23.0,24.8,6.4,60000,10,27000.0,158,6.5,148.0,504,5,4.3,3.8,2.5,3.8,3.8,0,0,1,0,0,0.45,83.3,2
34.1,11.7,23.0,24.8,6.4,60000,10,28000.0,150,15.5,0.0,435,5,4.0,3.5,2.5,4.5,3.0,1,0,0,0,0,0.467,82.2,2
34.1,11.7,23.0,24.8,6.4,60000,10,42000.0,242,16.5,0.0,468,5,4.5,4.2,3.0,4.2,4.2,1,0,1,0,0,0.7,93.3,2
34.1,11.7,23.0,24.8,6.4,60000,10,22000.0,136,6.5,148.0,380,5,4.3,3.5,3.5,3.5,4.0,0,0,0,0,0,0.367,75.4,2
34.1,11.7,23.0,24.8,6.4,60000,10,32000.0,170,6.8,155.0,380,5,4.5,3.8,3.8,3.3,4.3,0,0,0,0,0,0.533,78.6,2
34.1,11.7,23.0,24.8,6.4,60000,10,28000.0,190,5.2,137.0,480,5,4.5,4.2,4.0,4.0,4.5,0,0,0,0,1,0.467,88.0,2
34.1,11.7,23.0,24.8,6.4,60000,10,42000.0,245,7.0,159.0,480,5,4.8,4.3,4.2,3.5,4.5,0,0,0,0,1,0.7,90.9,2
34.1,11.7,23.0,24.8,6.4,60000,10,40000.0,190,5.5,144.0,530,5,4.8,4.8,3.5,3.8,4.8,0,0,0,0,1,0.667,97.6,2
34.1,11.7,23.0,24.8,6.4,60000,10,55000.0,299,7.5,171.0,520,5,5.0,4.8,4.0,3.3,4.8,0,0,0,0,1,0.917,93.8,2
34.1,11.7,23.0,24.8,6.4,60000,10,32000.0,136,6.8,155.0,540,5,4.5,4.0,3.0,3.5,4.0,0,0,1,0,0,0.533,83.4,2
34.1,11.7,23.0,24.8,6.4,60000,10,40000.0,190,5.8,152.0,550,5,4.8,4.3,3.2,3.8,4.3,0,0,1,0,0,0.667,90.7,2
34.1,11.7,23.0,24.8,6.4,60000,10,58000.0,286,6.8,179.0,650,5,5.0,4.8,3.5,3.2,4.5,0,0,1,0,0,0.967,91.0,2
34.1,11.7,23.0,24.8,6.4,60000,10,52000.0,286,17.5,0.0,510,5,4.8,4.2,3.5,4.0,4.3,1,0,1,0,0,0.867,92.9,2
34.1,11.7,23.0,24.8,6.4,60000,10,48000.0,340,16.1,0.0,470,5,4.8,4.2,4.2,4.0,4.8,1,0,0,0,1,0.8,94.3,2
34.1,11.7,23.0,24.8,6.4,60000,10,24000.0,163,6.5,148.0,370,5,4.3,3.8,3.0,3.5,4.2,0,0,0,0,0,0.4,73.5,1
34.1,11.7,23.0,24.8,6.4,60000,10,30000.0,163,6.3,144.0,370,5,4.5,4.0,3.0,3.5,4.3,0,0,0,0,0,0.5,75.7,2
34.1,11.7,23.0,24.8,6.4,60000,10,38000.0,204,6.8,155.0,455,5,4.8,4.5,3.5,3.5,4.8,0,0,0,0,1,0.633,89.8,2
34.1,11.7,23.0,24.8,6.4,60000,10,45000.0,313,2.0,46.0,455,5,5.0,4.8,3.8,4.2,4.8,0,1,0,0,1,0.75,99.4,2
34.1,11.7,23.0,24.8,6.4,60000,10,45000.0,220,5.5,144.0,540,5,5.0,4.8,3.2,3.8,4.8,0,0,0,0,1,0.75,99.1,2
34.1,11.7,23.0,24.8,6.4,60000,10,58000.0,313,2.0,46.0,540,5,5.0,5.0,3.5,4.0,5.0,0,1,0,0,1,0.967,94.4,2
34.1,11.7,23.0,24.8,6.4,60000,10,32000.0,163,6.8,155.0,435,5,4.5,4.0,2.8,3.5,4.2,0,0,1,0,0,0.533,77.3,2
34.1,11.7,23.0,24.8,6.4,60000,10,45000.0,204,7.2,164.0,600,5,4.8,4.5,3.0,3.3,4.5,0,0,1,0,0,0.75,92.8,2
34.1,11.7,23.0,24.8,6.4,60000,10,60000.0,272,7.0,184.0,630,5,5.0,4.8,3.0,3.0,4.5,0,0,1,0,0,1.0,87.4,2
34.1,11.7,23.0,24.8,6.4,60000,10,42000.0,190,17.0,0.0,340,5,4.5,4.0,2.8,4.2,4.2,1,0,1,0,0,0.7,88.3,2
34.1,11.7,23.0,24.8,6.4,60000,10,55000.0,408,21.3,0.0,500,5,4.8,4.3,3.5,3.5,4.3,1,0,1,0,0,0.917,88.6,2
34.1,11.7,23.0,24.8,6.4,60000,10,62000.0,408,9.0,206.0,455,5,4.8,4.2,4.8,2.5,4.8,0,0,0,0,1,1.033,80.6,2
34.1,11.7,23.0,24.8,6.4,60000,10,18000.0,116,5.8,132.0,335,5,4.0,3.2,2.5,4.0,4.0,0,0,0,0,0,0.3,71.2,1
34.1,11.7,23.0,24.8,6.4,60000,10,28000.0,150,6.2,141.0,380,5,4.5,3.8,3.2,3.8,4.3,0,0,0,0,1,0.467,77.8,2
34.1,11.7,23.0,24.8,6.4,60000,10,30000.0,163,5.2,137.0,460,5,4.5,4.3,3.5,4.0,4.5,0,0,0,0,1,0.5,84.6,2
34.1,11.7,23.0,24.8,6.4,60000,10,42000.0,204,6.8,155.0,460,5,4.8,4.5,3.5,3.5,4.5,0,0,0,0,1,0.7,89.7,2
34.1,11.7,23.0,24.8,6.4,60000,10,42000.0,204,5.5,144.0,530,5,4.8,4.8,3.2,3.8,4.8,0,0,0,0,1,0.7,93.1,2
34.1,11.7,23.0,24.8,6.4,60000,10,30000.0,150,6.8,155.0,530,5,4.5,4.0,2.8,3.5,4.2,0,0,1,0,0,0.5,84.1,2
34.1,11.7,23.0,24.8,6.4,60000,10,42000.0,204,6.0,158.0,520,5,4.8,4.3,3.0,3.5,4.3,0,0,1,0,0,0.7,90.3,2
34.1,11.7,23.0,24.8,6.4,60000,10,55000.0,286,7.2,189.0,705,7,5.0,4.8,3.0,3.0,4.5,0,0,1,0,0,0.917,90.5,2
34.1,11.7,23.0,24.8,6.4,60000,10,55000.0,400,8.5,194.0,321,5,4.5,3.5,4.8,2.5,4.5,0,0,0,0,1,0.917,76.4,2
34.1,11.7,23.0,24.8,6.4,60000,10,32000.0,163,7.0,160.0,452,5,4.8,4.0,2.5,3.5,4.0,0,0,1,0,0,0.533,82.4,2
34.1,11.7,23.0,24.8,6.4,60000,10,42000.0,197,6.2,163.0,483,5,5.0,4.5,2.8,3.5,4.3,0,0,1,0,0,0.7,88.4,2
34.1,11.7,23.0,24.8,6.4,60000,10,58000.0,303,2.4,55.0,640,7,5.0,4.8,2.5,4.0,4.5,0,1,1,0,0,0.967,92.3,2
34.1,11.7,23.0,24.8,6.4,60000,10,48000.0,408,17.8,0.0,413,5,5.0,4.0,3.5,4.0,4.5,1,0,1,0,0,0.8,92.3,2
34.1,11.7,23.0,24.8,6.4,60000,10,35000.0,197,7.0,160.0,442,5,5.0,4.3,3.5,3.5,4.5,0,0,0,0,1,0.583,86.7,2
34.1,11.7,23.0,24.8,6.4,60000,10,40000.0,325,14.0,0.0,561,5,4.8,3.8,4.2,4.5,4.5,1,0,0,0,1,0.667,98.0,2
34.1,11.7,23.0,24.8,6.4,60000,10,45000.0,325,15.0,0.0,854,5,4.8,3.8,3.8,4.3,4.3,1,0,1,0,0,0.75,95.8,2
34.1,11.7,23.0,24.8,6.4,60000,10,12000.0,69,5.2,119.0,185,4,3.5,2.5,1.5,4.5,4.0,0,0,0,0,0,0.2,59.7,1
34.1,11.7,23.0,24.8,6.4,60000,10,14000.0,100,6.2,141.0,520,5,3.5,3.0,2.0,4.2,2.8,0,0,0,0,1,0.233,67.3,1
34.1,11.7,23.0,24.8,6.4,60000,10,25000.0,118,13.0,0.0,185,4,3.8,2.8,2.5,4.5,4.5,1,0,0,0,0,0.417,70.7,1
34.1,11.7,23.0,24.8,6.4,60000,10,25000.0,136,5.8,132.0,211,4,4.0,3.3,3.5,3.5,4.5,0,0,0,0,0,0.417,75.7,2
34.1,11.7,23.0,24.8,6.4,60000,10,32000.0,136,6.8,155.0,450,5,4.2,3.5,3.0,3.2,4.2,0,0,1,0,0,0.533,71.0,1
34.1,11.7,23.0,24.8,6.4,60000,10,35000.0,200,7.2,164.0,480,5,4.3,3.8,4.2,3.0,4.8,0,0,0,0,1,0.583,77.2,2
34.1,11.7,23.0,24.8,6.4,60000,10,38000.0,200,7.5,171.0,525,5,4.3,3.8,3.5,3.0,4.5,0,0,1,0,0,0.633,82.1,2
34.1,11.7,23.0,24.8,6.4,60000,10,24000.0,150,7.0,160.0,345,5,4.5,3.5,3.5,3.5,3.2,0,0,0,0,0,0.4,76.0,2
34.1,11.7,23.0,24.8,6.4,60000,10,32000.0,150,7.5,171.0,520,5,4.8,3.8,2.5,3.3,3.0,0,0,1,0,0,0.533,79.5,2
34.1,11.7,23.0,24.8,6.4,60000,10,28000.0,150,7.2,164.0,385,5,4.5,3.5,3.0,3.3,3.2,0,0,1,0,0,0.467,76.5,2
34.1,11.7,23.0,24.8,6.4,60000,10,12000.0,83,5.2,119.0,265,5,3.5,2.8,2.5,4.8,3.0,0,0,0,0,0,0.2,64.3,1
34.1,11.7,23.0,24.8,6.4,60000,10,20000.0,129,6.5,148.0,375,5,3.8,3.2,2.5,4.0,3.2,0,0,1,0,0,0.333,71.6,1
34.1,11.7,23.0,24.8,6.4,60000,10,20000.0,150,6.5,148.0,393,5,3.8,3.3,2.2,3.8,3.2,0,0,1,0,0,0.333,68.4,1
34.1,11.7,23.0,24.8,6.4,60000,10,40000.0,252,1.8,41.0,469,5,4.5,4.0,2.8,4.5,3.5,0,1,1,0,0,0.667,90.6,2
34.1,11.7,23.0,24.8,6.4,60000,10,22000.0,130,7.0,160.0,351,5,3.5,3.0,2.5,3.5,3.5,0,0,1,0,0,0.367,63.9,1
34.1,11.7,23.0,24.8,6.4,60000,10,28000.0,130,5.8,152.0,438,5,3.8,3.3,2.5,3.8,3.3,0,0,1,0,0,0.467,71.5,1
34.1,11.7,23.0,24.8,6.4,60000,10,55000.0,272,10.0,228.0,548,5,3.5,2.8,3.5,2.5,4.0,0,0,1,0,0,0.917,68.2,1
34.1,11.7,23.0,24.8,6.4,60000,10,38000.0,163,6.2,163.0,602,5,4.3,4.0,2.5,3.2,4.0,0,0,1,0,0,0.633,83.7,2
34.1,11.7,23.0,24.8,6.4,60000,10,42000.0,163,6.5,171.0,591,5,4.3,4.2,2.8,3.0,4.8,0,0,1,0,0,0.7,84.6,2
34.1,11.7,23.0,24.8,6.4,60000,10,58000.0,265,8.8,201.0,488,5,4.8,4.2,4.3,2.5,4.8,0,0,1,0,0,0.967,81.1,2
34.1,11.7,23.0,24.8,6.4,60000,10,48000.0,204,6.8,179.0,619,5,4.5,4.2,3.2,3.2,4.5,0,0,1,0,0,0.8,87.6,2
34.1,11.7,23.0,24.8,6.4,60000,10,65000.0,400,22.0,0.0,505,5,4.8,4.0,4.0,3.2,4.8,1,0,1,0,0,1.083,89.4,2
34.1,11.7,23.0,24.8,6.4,60000,10,32000.0,184,4.8,110.0,320,5,4.8,3.8,2.5,4.5,4.0,0,1,1,0,0,0.533,85.2,2
34.1,11.7,23.0,24.8,6.4,60000,10,42000.0,244,5.8,132.0,520,5,5.0,4.5,2.8,4.2,4.5,0,1,1,0,0,0.7,100.0,2
34.1,11.7,23.0,24.8,6.4,60000,10,55000.0,308,6.0,137.0,612,5,5.0,4.8,3.0,3.8,4.5,0,1,1,0,0,0.917,92.2,2
34.1,11.7,23.0,24.8,6.4,60000,10,42000.0,218,4.8,110.0,454,5,5.0,4.8,2.5,4.5,4.5,0,1,0,0,1,0.7,91.9,2
34.1,11.7,23.0,24.8,6.4,60000,10,35000.0,204,15.5,0.0,385,5,4.3,3.5,3.5,4.2,4.3,1,0,0,0,0,0.583,81.0,2
34.1,11.7,23.0,24.8,6.4,60000,10,35000.0,245,7.5,171.0,420,5,4.3,3.5,4.0,3.0,4.5,0,0,1,0,0,0.583,80.8,2
34.1,11.7,23.0,24.8,6.4,60000,10,38000.0,300,7.5,170.0,380,5,4.3,3.5,4.7,2.8,4.5,0,0,0,0,0,0.633,75.7,2
34.1,11.7,23.0,24.8,6.4,60000,10,62000.0,300,8.0,183.0,150,2,4.0,3.0,4.8,2.5,4.8,0,0,0,1,0,1.033,71.9,1
34.1,11.7,23.0,24.8,6.4,60000,10,48000.0,258,7.5,171.0,281,2,4.0,3.2,4.5,2.8,4.8,0,0,0,1,0,0.8,77.1,2
34.1,11.7,23.0,24.8,6.4,60000,10,38000.0,245,8.0,183.0,330,5,4.5,4.0,4.0,3.0,4.3,0,0,0,0,1,0.633,81.6,2
34.1,11.7,23.0,24.8,6.4,60000,10,42000.0,245,8.5,194.0,542,5,4.8,4.2,3.5,3.0,4.5,0,0,1,0,0,0.7,89.7,2
34.1,11.7,23.0,24.8,6.4,60000,10,42000.0,408,15.5,0.0,405,5,4.8,4.0,4.0,4.2,4.5,1,0,0,0,1,0.7,96.6,2
31.9,13.6,25.6,20.6,8.3,100000,80,6500.0,73,6.4,149.0,510,5,3.0,2.5,1.5,4.8,2.0,0,0,0,0,1,0.065,60.3,1
31.9,13.6,25.6,20.6,8.3,100000,80,9800.0,91,6.0,137.0,528,5,3.4,3.0,1.5,4.7,2.8,0,0,0,0,1,0.098,65.6,1
31.9,13.6,25.6,20.6,8.3,100000,80,7200.0,73,6.2,144.0,328,5,3.2,2.5,1.8,4.6,2.5,0,0,0,0,0,0.072,56.0,1
31.9,13.6,25.6,20.6,8.3,100000,80,13500.0,91,6.1,139.0,328,5,3.4,3.0,2.0,4.5,3.2,0,0,0,0,0,0.135,60.4,1
31.9,13.6,25.6,20.6,8.3,100000,80,14000.0,115,5.7,150.0,445,5,3.0,3.0,2.0,4.2,2.8,0,0,1,0,0,0.14,61.0,1
31.9,13.6,25.6,20.6,8.3,100000,80,19500.0,130,6.8,155.0,445,5,3.5,3.2,2.2,4.0,3.5,0,0,1,0,0,0.195,64.1,1
31.9,13.6,25.6,20.6,8.3,100000,80,15800.0,110,6.4,146.0,708,7,3.2,3.2,1.5,4.3,3.0,0,0,0,0,0,0.158,67.0,1
31.9,13.6,25.6,20.6,8.3,100000,80,12000.0,65,14.5,0.0,290,4,2.8,2.2,1.2,4.9,2.5,1,0,0,0,0,0.12,49.9,0
31.9,13.6,25.6,20.6,8.3,100000,80,11500.0,100,5.8,132.0,391,5,4.2,3.5,2.5,4.3,3.5,0,0,0,0,0,0.115,71.8,1
31.9,13.6,25.6,20.6,8.3,100000,80,16000.0,140,4.3,98.0,391,5,4.2,3.8,2.8,4.7,3.8,0,1,0,0,0,0.16,77.7,2
31.9,13.6,25.6,20.6,8.3,100000,80,13000.0,115,4.8,128.0,384,5,4.0,3.5,2.8,4.2,3.3,0,0,0,0,0,0.13,66.2,1
31.9,13.6,25.6,20.6,8.3,100000,80,35000.0,220,16.1,0.0,440,5,4.5,4.0,3.2,4.5,4.2,1,0,0,0,0,0.35,83.5,2
31.9,13.6,25.6,20.6,8.3,100000,80,17500.0,130,6.4,147.0,422,5,4.0,3.5,2.2,4.0,3.5,0,0,1,0,0,0.175,72.5,1
31.9,13.6,25.6,20.6,8.3,100000,80,28000.0,200,4.6,105.0,500,5,4.3,4.0,3.0,4.3,3.8,0,1,1,0,0,0.28,76.3,2
31.9,13.6,25.6,20.6,8.3,100000,80,14500.0,100,5.9,136.0,309,5,4.2,3.5,2.5,4.2,4.0,0,0,0,0,0,0.145,74.9,1
31.9,13.6,25.6,20.6,8.3,100000,80,16500.0,100,5.8,132.0,309,5,4.2,3.5,2.5,4.2,4.2,0,0,0,0,0,0.165,72.7,1
31.9,13.6,25.6,20.6,8.3,100000,80,28000.0,136,15.2,0.0,265,5,4.2,3.5,3.0,4.5,4.2,1,0,0,0,0,0.28,73.1,1
31.9,13.6,25.6,20.6,8.3,100000,80,22000.0,130,6.1,139.0,412,5,4.3,3.8,3.0,4.0,4.3,0,0,0,0,0,0.22,74.9,1
31.9,13.6,25.6,20.6,8.3,100000,80,24000.0,130,5.2,138.0,520,5,4.3,4.0,2.5,4.2,4.0,0,0,1,0,0,0.24,82.4,2
31.9,13.6,25.6,20.6,8.3,100000,80,35000.0,225,1.4,32.0,520,5,4.5,4.2,3.0,4.5,4.5,0,1,1,0,0,0.35,90.2,2
31.9,13.6,25.6,20.6,8.3,100000,80,30000.0,130,5.5,144.0,780,7,4.2,4.0,2.0,4.0,3.8,0,0,1,0,0,0.3,82.3,2
31.9,13.6,25.6,20.6,8.3,100000,80,12000.0,83,5.8,132.0,300,5,3.5,3.2,1.5,4.5,3.0,0,0,0,0,0,0.12,61.1,1
31.9,13.6,25.6,20.6,8.3,100000,80,18000.0,110,6.2,142.0,410,5,3.5,3.3,1.8,4.2,3.2,0,0,1,0,0,0.18,65.8,1
31.9,13.6,25.6,20.6,8.3,100000,80,22000.0,130,6.0,137.0,380,5,4.0,4.0,2.2,4.0,3.8,0,0,0,0,0,0.22,68.9,1
31.9,13.6,25.6,20.6,8.3,100000,80,26000.0,130,5.5,144.0,580,5,4.2,4.2,2.0,4.0,3.5,0,0,1,0,0,0.26,78.8,2
31.9,13.6,25.6,20.6,8.3,100000,80,14000.0,100,5.8,132.0,309,5,4.0,3.3,2.5,4.3,3.3,0,0,0,0,0,0.14,66.7,1
31.9,13.6,25.6,20.6,8.3,100000,80,27000.0,136,15.2,0.0,267,5,4.0,3.3,2.8,4.5,3.5,1,0,0,0,0,0.27,69.0,1
31.9,13.6,25.6,20.6,8.3,100000,80,23000.0,130,6.1,139.0,422,5,4.2,3.8,3.0,4.0,4.0,0,0,0,0,0,0.23,76.5,2
31.9,13.6,25.6,20.6,8.3,100000,80,22000.0,130,6.5,148.0,350,5,4.0,3.5,2.5,3.8,4.0,0,0,1,0,0,0.22,73.1,1
31.9,13.6,25.6,20.6,8.3,100000,80,10500.0,100,5.9,136.0,292,5,3.8,3.0,3.0,4.3,3.2,0,0,0,0,0,0.105,68.0,1
31.9,13.6,25.6,20.6,8.3,100000,80,15000.0,125,6.0,137.0,375,5,4.2,3.5,3.3,4.0,3.5,0,0,0,0,0,0.15,69.9,1
31.9,13.6,25.6,20.6,8.3,100000,80,20000.0,120,4.7,123.0,575,5,4.2,3.8,2.8,4.5,3.3,0,0,0,0,0,0.2,79.7,2
31.9,13.6,25.6,20.6,8.3,100000,80,22000.0,125,5.4,124.0,456,5,4.3,3.5,2.8,4.3,4.0,0,1,1,0,0,0.22,77.7,2
31.9,13.6,25.6,20.6,8.3,100000,80,25000.0,190,1.4,32.0,475,5,4.3,3.8,2.8,4.5,3.5,0,1,1,0,0,0.25,77.5,2
31.9,13.6,25.6,20.6,8.3,100000,80,48000.0,269,18.1,0.0,402,5,4.5,4.0,4.0,4.0,4.5,1,0,1,0,0,0.48,90.0,2
31.9,13.6,25.6,20.6,8.3,100000,80,13000.0,95,5.7,130.0,351,5,4.2,3.5,2.5,4.3,3.5,0,0,0,0,0,0.13,71.9,1
31.9,13.6,25.6,20.6,8.3,100000,80,18000.0,110,5.6,128.0,351,5,4.3,3.5,2.8,4.3,3.7,0,0,0,0,0,0.18,73.2,1
31.9,13.6,25.6,20.6,8.3,100000,80,18500.0,130,6.0,137.0,381,5,4.5,4.0,3.5,4.0,4.0,0,0,0,0,0,0.185,77.6,2
31.9,13.6,25.6,20.6,8.3,100000,80,28000.0,150,5.8,132.0,381,5,4.5,4.2,3.5,4.0,4.2,0,0,0,0,0,0.28,80.1,2
31.9,13.6,25.6,20.6,8.3,100000,80,38000.0,245,7.4,168.0,381,5,4.5,3.8,4.5,3.2,4.5,0,0,0,0,0,0.38,79.9,2
31.9,13.6,25.6,20.6,8.3,100000,80,48000.0,320,8.0,183.0,381,5,4.5,3.8,4.8,2.8,4.5,0,0,0,0,0,0.48,80.8,2
31.9,13.6,25.6,20.6,8.3,100000,80,28000.0,150,5.5,144.0,615,5,4.5,4.2,2.5,4.0,3.8,0,0,1,0,0,0.28,84.3,2
31.9,13.6,25.6,20.6,8.3,100000,80,38000.0,150,7.0,160.0,615,5,4.5,4.3,2.8,3.8,4.2,0,0,1,0,0,0.38,85.1,2
31.9,13.6,25.6,20.6,8.3,100000,80,20000.0,150,5.0,132.0,650,5,4.5,4.3,3.0,4.3,3.8,0,0,0,0,0,0.2,83.0,2
31.9,13.6,25.6,20.6,8.3,100000,80,40000.0,272,7.2,164.0,690,5,4.8,4.5,3.5,3.5,4.2,0,0,0,0,0,0.4,86.5,2
31.9,13.6,25.6,20.6,8.3,100000,80,35000.0,200,5.5,144.0,563,5,4.5,4.5,3.5,4.0,4.8,0,0,0,0,1,0.35,92.7,2
31.9,13.6,25.6,20.6,8.3,100000,80,32000.0,204,15.8,0.0,385,5,4.3,3.8,3.0,4.5,3.8,1,0,0,0,0,0.32,77.1,2
31.9,13.6,25.6,20.6,8.3,100000,80,38000.0,204,17.0,0.0,543,5,4.5,4.0,2.8,4.3,4.0,1,0,1,0,0,0.38,82.2,2
31.9,13.6,25.6,20.6,8.3,100000,80,14500.0,110,5.5,126.0,380,5,4.0,3.3,2.5,4.5,3.2,0,0,0,0,0,0.145,70.0,1
31.9,13.6,25.6,20.6,8.3,100000,80,18000.0,150,4.8,126.0,640,5,4.5,4.0,3.0,4.5,3.5,0,0,0,0,0,0.18,89.1,2
31.9,13.6,25.6,20.6,8.3,100000,80,25000.0,150,6.2,141.0,640,5,4.5,4.2,3.0,4.2,3.8,0,0,0,0,0,0.25,84.6,2
31.9,13.6,25.6,20.6,8.3,100000,80,35000.0,245,7.1,161.0,640,5,4.5,3.8,4.3,3.2,4.2,0,0,0,0,0,0.35,86.8,2
31.9,13.6,25.6,20.6,8.3,100000,80,30000.0,150,5.0,132.0,660,5,4.5,4.5,2.8,4.3,4.0,0,0,0,0,0,0.3,89.9,2
31.9,13.6,25.6,20.6,8.3,100000,80,32000.0,150,5.8,152.0,720,7,4.5,4.2,2.2,4.0,3.5,0,0,1,0,0,0.32,83.9,2
31.9,13.6,25.6,20.6,8.3,100000,80,20000.0,110,6.0,137.0,400,5,4.2,3.5,2.2,4.2,3.5,0,0,1,0,0,0.2,73.8,1
31.9,13.6,25.6,20.6,8.3,100000,80,13500.0,110,5.6,128.0,355,5,4.0,3.2,2.8,4.3,3.5,0,0,0,0,0,0.135,68.5,1
31.9,13.6,25.6,20.6,8.3,100000,80,20000.0,150,6.0,137.0,380,5,4.3,3.5,3.5,4.0,4.0,0,0,0,0,0,0.2,74.5,1
31.9,13.6,25.6,20.6,8.3,100000,80,35000.0,300,7.5,170.0,380,5,4.3,3.5,4.7,3.0,4.3,0,0,0,0,0,0.35,77.3,2
31.9,13.6,25.6,20.6,8.3,100000,80,25000.0,150,5.6,147.0,510,5,4.3,3.8,2.8,4.2,3.5,0,0,1,0,0,0.25,78.7,2
31.9,13.6,25.6,20.6,8.3,100000,80,15000.0,116,3.8,87.0,286,5,4.5,3.3,2.2,4.8,3.2,0,1,0,0,0,0.15,74.2,1
31.9,13.6,25.6,20.6,8.3,100000,80,22000.0,116,4.4,101.0,320,5,4.5,3.5,2.0,4.7,3.5,0,1,1,0,0,0.22,74.6,1
31.9,13.6,25.6,20.6,8.3,100000,80,22000.0,140,4.5,103.0,361,5,4.5,3.8,3.0,4.7,3.8,0,1,0,0,0,0.22,76.6,2
31.9,13.6,25.6,20.6,8.3,100000,80,30000.0,197,5.0,114.0,433,5,4.8,4.0,2.5,4.5,3.8,0,1,1,0,0,0.3,84.8,2
31.9,13.6,25.6,20.6,8.3,100000,80,32000.0,222,5.6,128.0,580,5,4.8,4.0,2.5,4.3,3.5,0,1,1,0,0,0.32,84.6,2
31.9,13.6,25.6,20.6,8.3,100000,80,35000.0,218,4.9,112.0,493,5,4.8,4.5,2.8,4.5,3.8,0,1,0,0,1,0.35,87.8,2
31.9,13.6,25.6,20.6,8.3,100000,80,28000.0,200,4.8,110.0,310,5,4.5,3.5,3.0,4.5,4.2,0,1,1,0,0,0.28,78.0,2
31.9,13.6,25.6,20.6,8.3,100000,80,55000.0,340,8.5,194.0,290,2,4.0,3.0,4.8,2.5,4.8,0,0,0,1,0,0.55,73.1,1
31.9,13.6,25.6,20.6,8.3,100000,80,28000.0,182,6.5,148.0,404,5,4.5,3.8,3.5,3.8,4.0,0,0,0,0,0,0.28,77.0,2
31.9,13.6,25.6,20.6,8.3,100000,80,27000.0,131,5.4,122.0,319,5,4.3,3.5,2.2,4.5,3.5,0,1,1,0,0,0.27,73.6,1
31.9,13.6,25.6,20.6,8.3,100000,80,38000.0,184,6.0,137.0,587,5,4.5,4.0,2.5,4.2,3.5,0,1,1,0,0,0.38,86.1,2
31.9,13.6,25.6,20.6,8.3,100000,80,35000.0,184,6.2,141.0,380,5,4.5,3.8,3.0,4.0,4.0,0,1,1,0,0,0.35,83.3,2
31.9,13.6,25.6,20.6,8.3,100000,80,13000.0,100,5.8,132.0,351,5,4.0,3.2,2.5,4.3,3.5,0,0,0,0,0,0.13,69.3,1
31.9,13.6,25.6,20.6,8.3,100000,80,19000.0,160,6.5,148.0,395,5,4.3,3.5,3.0,4.0,3.5,0,0,0,0,0,0.19,71.8,1
31.9,13.6,25.6,20.6,8.3,100000,80,35000.0,280,8.0,183.0,395,5,4.0,3.2,4.7,2.8,4.0,0,0,0,0,0,0.35,69.2,1
31.9,13.6,25.6,20.6,8.3,100000,80,28000.0,230,5.5,126.0,546,5,4.5,4.0,2.8,4.3,4.2,0,1,1,0,0,0.28,81.7,2
31.9,13.6,25.6,20.6,8.3,100000,80,24000.0,120,6.2,141.0,466,5,4.3,3.5,2.2,4.0,3.8,0,0,1,0,0,0.24,71.5,1
31.9,13.6,25.6,20.6,8.3,100000,80,35000.0,204,14.7,0.0,466,5,4.3,3.5,3.0,4.5,3.8,1,0,1,0,0,0.35,78.1,2
31.9,13.6,25.6,20.6,8.3,100000,80,42000.0,325,16.8,0.0,527,5,4.8,4.3,3.5,4.3,4.8,1,0,1,0,0,0.42,92.8,2
31.9,13.6,25.6,20.6,8.3,100000,80,45000.0,325,14.3,0.0,401,5,4.8,4.3,3.5,4.5,4.8,1,0,0,0,1,0.45,90.2,2
31.9,13.6,25.6,20.6,8.3,100000,80,10500.0,67,4.8,109.0,255,5,3.2,2.5,1.5,4.8,2.8,0,0,0,0,0,0.105,58.9,1
31.9,13.6,25.6,20.6,8.3,100000,80,19000.0,160,6.5,148.0,395,5,4.2,3.5,3.0,4.0,3.5,0,0,0,0,0,0.19,71.1,1
31.9,13.6,25.6,20.6,8.3,100000,80,30000.0,230,5.5,126.0,543,5,4.5,4.0,2.8,4.3,4.3,0,1,1,0,0,0.3,88.0,2
31.9,13.6,25.6,20.6,8.3,100000,80,45000.0,325,16.5,0.0,490,5,4.8,4.2,4.0,4.3,4.8,1,0,1,0,0,0.45,90.1,2
31.9,13.6,25.6,20.6,8.3,100000,80,40000.0,245,8.5,194.0,406,5,4.2,4.0,4.2,3.0,4.5,0,0,0,0,1,0.4,76.3,2
31.9,13.6,25.6,20.6,8.3,100000,80,22000.0,150,6.5,148.0,358,5,4.3,3.8,3.5,3.8,4.5,0,0,0,0,0,0.22,74.0,1
31.9,13.6,25.6,20.6,8.3,100000,80,28000.0,165,7.1,163.0,506,5,4.3,4.0,3.0,3.5,4.0,0,0,1,0,0,0.28,79.5,2
31.9,13.6,25.6,20.6,8.3,100000,80,24000.0,150,6.5,148.0,430,5,4.3,3.8,3.0,3.8,4.3,0,0,1,0,0,0.24,73.8,1
31.9,13.6,25.6,20.6,8.3,100000,80,30000.0,184,6.8,155.0,130,2,3.5,3.0,4.5,3.5,4.8,0,0,0,1,0,0.3,72.9,1
31.9,13.6,25.6,20.6,8.3,100000,80,10000.0,100,5.4,123.0,300,5,3.8,2.8,2.0,4.5,3.0,0,0,0,0,0,0.1,66.3,1
31.9,13.6,25.6,20.6,8.3,100000,80,27000.0,158,6.5,148.0,504,5,4.3,3.8,2.5,3.8,3.8,0,0,1,0,0,0.27,80.5,2
31.9,13.6,25.6,20.6,8.3,100000,80,28000.0,150,15.5,0.0,435,5,4.0,3.5,2.5,4.5,3.0,1,0,0,0,0,0.28,69.7,1
31.9,13.6,25.6,20.6,8.3,100000,80,42000.0,242,16.5,0.0,468,5,4.5,4.2,3.0,4.2,4.2,1,0,1,0,0,0.42,87.3,2
31.9,13.6,25.6,20.6,8.3,100000,80,22000.0,136,6.5,148.0,380,5,4.3,3.5,3.5,3.5,4.0,0,0,0,0,0,0.22,72.2,1
31.9,13.6,25.6,20.6,8.3,100000,80,32000.0,170,6.8,155.0,380,5,4.5,3.8,3.8,3.3,4.3,0,0,0,0,0,0.32,77.7,2
31.9,13.6,25.6,20.6,8.3,100000,80,28000.0,190,5.2,137.0,480,5,4.5,4.2,4.0,4.0,4.5,0,0,0,0,1,0.28,82.4,2
31.9,13.6,25.6,20.6,8.3,100000,80,42000.0,245,7.0,159.0,480,5,4.8,4.3,4.2,3.5,4.5,0,0,0,0,1,0.42,86.7,2
31.9,13.6,25.6,20.6,8.3,100000,80,40000.0,190,5.5,144.0,530,5,4.8,4.8,3.5,3.8,4.8,0,0,0,0,1,0.4,93.6,2
31.9,13.6,25.6,20.6,8.3,100000,80,55000.0,299,7.5,171.0,520,5,5.0,4.8,4.0,3.3,4.8,0,0,0,0,1,0.55,95.0,2
31.9,13.6,25.6,20.6,8.3,100000,80,32000.0,136,6.8,155.0,540,5,4.5,4.0,3.0,3.5,4.0,0,0,1,0,0,0.32,84.1,2
31.9,13.6,25.6,20.6,8.3,100000,80,40000.0,190,5.8,152.0,550,5,4.8,4.3,3.2,3.8,4.3,0,0,1,0,0,0.4,89.5,2
31.9,13.6,25.6,20.6,8.3,100000,80,58000.0,286,6.8,179.0,650,5,5.0,4.8,3.5,3.2,4.5,0,0,1,0,0,0.58,93.3,2
31.9,13.6,25.6,20.6,8.3,100000,80,52000.0,286,17.5,0.0,510,5,4.8,4.2,3.5,4.0,4.3,1,0,1,0,0,0.52,92.9,2
31.9,13.6,25.6,20.6,8.3,100000,80,48000.0,340,16.1,0.0,470,5,4.8,4.2,4.2,4.0,4.8,1,0,0,0,1,0.48,91.1,2
31.9,13.6,25.6,20.6,8.3,100000,80,72000.0,480,9.0,205.0,480,5,4.5,3.8,5.0,2.2,4.8,0,0,0,0,1,0.72,79.9,2
31.9,13.6,25.6,20.6,8.3,100000,80,78000.0,480,9.2,210.0,440,4,4.5,3.5,5.0,2.0,4.8,0,0,0,1,0,0.78,73.1,1
31.9,13.6,25.6,20.6,8.3,100000,80,90000.0,510,9.5,217.0,440,4,4.5,3.5,5.0,1.8,5.0,0,0,0,1,0,0.9,79.6,2
31.9,13.6,25.6,20.6,8.3,100000,80,24000.0,163,6.5,148.0,370,5,4.3,3.8,3.0,3.5,4.2,0,0,0,0,0,0.24,70.1,1
31.9,13.6,25.6,20.6,8.3,100000,80,30000.0,163,6.3,144.0,370,5,4.5,4.0,3.0,3.5,4.3,0,0,0,0,0,0.3,77.8,2
31.9,13.6,25.6,20.6,8.3,100000,80,38000.0,204,6.8,155.0,455,5,4.8,4.5,3.5,3.5,4.8,0,0,0,0,1,0.38,84.9,2
31.9,13.6,25.6,20.6,8.3,100000,80,45000.0,313,2.0,46.0,455,5,5.0,4.8,3.8,4.2,4.8,0,1,0,0,1,0.45,90.2,2
31.9,13.6,25.6,20.6,8.3,100000,80,45000.0,220,5.5,144.0,540,5,5.0,4.8,3.2,3.8,4.8,0,0,0,0,1,0.45,95.6,2
31.9,13.6,25.6,20.6,8.3,100000,80,58000.0,313,2.0,46.0,540,5,5.0,5.0,3.5,4.0,5.0,0,1,0,0,1,0.58,99.3,2
31.9,13.6,25.6,20.6,8.3,100000,80,32000.0,163,6.8,155.0,435,5,4.5,4.0,2.8,3.5,4.2,0,0,1,0,0,0.32,78.4,2
31.9,13.6,25.6,20.6,8.3,100000,80,45000.0,204,7.2,164.0,600,5,4.8,4.5,3.0,3.3,4.5,0,0,1,0,0,0.45,83.3,2
31.9,13.6,25.6,20.6,8.3,100000,80,60000.0,272,7.0,184.0,630,5,5.0,4.8,3.0,3.0,4.5,0,0,1,0,0,0.6,92.1,2
31.9,13.6,25.6,20.6,8.3,100000,80,42000.0,190,17.0,0.0,340,5,4.5,4.0,2.8,4.2,4.2,1,0,1,0,0,0.42,83.2,2
31.9,13.6,25.6,20.6,8.3,100000,80,55000.0,408,21.3,0.0,500,5,4.8,4.3,3.5,3.5,4.3,1,0,1,0,0,0.55,82.1,2
31.9,13.6,25.6,20.6,8.3,100000,80,62000.0,408,9.0,206.0,455,5,4.8,4.2,4.8,2.5,4.8,0,0,0,0,1,0.62,88.1,2
31.9,13.6,25.6,20.6,8.3,100000,80,85000.0,680,6.9,157.0,350,5,4.8,4.0,5.0,2.5,5.0,0,1,0,0,1,0.85,87.3,2
31.9,13.6,25.6,20.6,8.3,100000,80,18000.0,116,5.8,132.0,335,5,4.0,3.2,2.5,4.0,4.0,0,0,0,0,0,0.18,69.0,1
31.9,13.6,25.6,20.6,8.3,100000,80,28000.0,150,6.2,141.0,380,5,4.5,3.8,3.2,3.8,4.3,0,0,0,0,1,0.28,78.0,2
31.9,13.6,25.6,20.6,8.3,100000,80,30000.0,163,5.2,137.0,460,5,4.5,4.3,3.5,4.0,4.5,0,0,0,0,1,0.3,84.0,2
31.9,13.6,25.6,20.6,8.3,100000,80,42000.0,204,6.8,155.0,460,5,4.8,4.5,3.5,3.5,4.5,0,0,0,0,1,0.42,89.1,2
31.9,13.6,25.6,20.6,8.3,100000,80,42000.0,204,5.5,144.0,530,5,4.8,4.8,3.2,3.8,4.8,0,0,0,0,1,0.42,93.2,2
31.9,13.6,25.6,20.6,8.3,100000,80,30000.0,150,6.8,155.0,530,5,4.5,4.0,2.8,3.5,4.2,0,0,1,0,0,0.3,83.5,2
31.9,13.6,25.6,20.6,8.3,100000,80,42000.0,204,6.0,158.0,520,5,4.8,4.3,3.0,3.5,4.3,0,0,1,0,0,0.42,85.9,2
31.9,13.6,25.6,20.6,8.3,100000,80,55000.0,286,7.2,189.0,705,7,5.0,4.8,3.0,3.0,4.5,0,0,1,0,0,0.55,89.3,2
31.9,13.6,25.6,20.6,8.3,100000,80,85000.0,476,19.6,0.0,405,4,5.0,4.5,4.8,3.5,5.0,1,0,0,0,1,0.85,93.3,2
31.9,13.6,25.6,20.6,8.3,100000,80,82000.0,450,9.8,224.0,465,4,4.5,3.8,4.8,2.0,5.0,0,0,0,1,0,0.82,79.5,2
31.9,13.6,25.6,20.6,8.3,100000,80,85000.0,450,9.8,224.0,465,5,4.5,4.0,4.8,2.0,5.0,0,0,0,0,1,0.85,86.6,2
31.9,13.6,25.6,20.6,8.3,100000,80,55000.0,400,8.5,194.0,321,5,4.5,3.5,4.8,2.5,4.5,0,0,0,0,1,0.55,75.5,2
31.9,13.6,25.6,20.6,8.3,100000,80,32000.0,163,7.0,160.0,452,5,4.8,4.0,2.5,3.5,4.0,0,0,1,0,0,0.32,76.7,2
31.9,13.6,25.6,20.6,8.3,100000,80,42000.0,197,6.2,163.0,483,5,5.0,4.5,2.8,3.5,4.3,0,0,1,0,0,0.42,88.4,2
31.9,13.6,25.6,20.6,8.3,100000,80,58000.0,303,2.4,55.0,640,7,5.0,4.8,2.5,4.0,4.5,0,1,1,0,0,0.58,92.6,2
31.9,13.6,25.6,20.6,8.3,100000,80,48000.0,408,17.8,0.0,413,5,5.0,4.0,3.5,4.0,4.5,1,0,1,0,0,0.48,85.3,2
31.9,13.6,25.6,20.6,8.3,100000,80,35000.0,197,7.0,160.0,442,5,5.0,4.3,3.5,3.5,4.5,0,0,0,0,1,0.35,88.5,2
31.9,13.6,25.6,20.6,8.3,100000,80,40000.0,325,14.0,0.0,561,5,4.8,3.8,4.2,4.5,4.5,1,0,0,0,1,0.4,91.0,2
31.9,13.6,25.6,20.6,8.3,100000,80,45000.0,325,15.0,0.0,854,5,4.8,3.8,3.8,4.3,4.3,1,0,1,0,0,0.45,93.7,2
31.9,13.6,25.6,20.6,8.3,100000,80,85000.0,670,16.8,0.0,793,5,4.8,4.5,4.8,3.8,4.8,1,0,0,0,1,0.85,100.0,2
31.9,13.6,25.6,20.6,8.3,100000,80,95000.0,670,18.5,0.0,935,7,4.8,4.5,4.0,3.5,4.5,1,0,1,0,0,0.95,91.1,2
31.9,13.6,25.6,20.6,8.3,100000,80,12000.0,69,5.2,119.0,185,4,3.5,2.5,1.5,4.5,4.0,0,0,0,0,0,0.12,64.4,1
31.9,13.6,25.6,20.6,8.3,100000,80,14000.0,100,6.2,141.0,520,5,3.5,3.0,2.0,4.2,2.8,0,0,0,0,1,0.14,66.2,1
31.9,13.6,25.6,20.6,8.3,100000,80,25000.0,118,13.0,0.0,185,4,3.8,2.8,2.5,4.5,4.5,1,0,0,0,0,0.25,68.6,1
31.9,13.6,25.6,20.6,8.3,100000,80,25000.0,136,5.8,132.0,211,4,4.0,3.3,3.5,3.5,4.5,0,0,0,0,0,0.25,70.5,1
31.9,13.6,25.6,20.6,8.3,100000,80,32000.0,136,6.8,155.0,450,5,4.2,3.5,3.0,3.2,4.2,0,0,1,0,0,0.32,76.8,2
31.9,13.6,25.6,20.6,8.3,100000,80,35000.0,200,7.2,164.0,480,5,4.3,3.8,4.2,3.0,4.8,0,0,0,0,1,0.35,83.1,2
31.9,13.6,25.6,20.6,8.3,100000,80,38000.0,200,7.5,171.0,525,5,4.3,3.8,3.5,3.0,4.5,0,0,1,0,0,0.38,81.7,2
31.9,13.6,25.6,20.6,8.3,100000,80,75000.0,510,9.5,217.0,480,5,4.0,3.5,5.0,2.0,5.0,0,0,0,0,1,0.75,76.4,2
31.9,13.6,25.6,20.6,8.3,100000,80,24000.0,150,7.0,160.0,345,5,4.5,3.5,3.5,3.5,3.2,0,0,0,0,0,0.24,72.5,1
31.9,13.6,25.6,20.6,8.3,100000,80,32000.0,150,7.5,171.0,520,5,4.8,3.8,2.5,3.3,3.0,0,0,1,0,0,0.32,78.8,2
31.9,13.6,25.6,20.6,8.3,100000,80,28000.0,150,7.2,164.0,385,5,4.5,3.5,3.0,3.3,3.2,0,0,1,0,0,0.28,75.5,2
31.9,13.6,25.6,20.6,8.3,100000,80,12000.0,83,5.2,119.0,265,5,3.5,2.8,2.5,4.8,3.0,0,0,0,0,0,0.12,64.6,1
31.9,13.6,25.6,20.6,8.3,100000,80,20000.0,129,6.5,148.0,375,5,3.8,3.2,2.5,4.0,3.2,0,0,1,0,0,0.2,66.7,1
31.9,13.6,25.6,20.6,8.3,100000,80,20000.0,150,6.5,148.0,393,5,3.8,3.3,2.2,3.8,3.2,0,0,1,0,0,0.2,66.8,1
31.9,13.6,25.6,20.6,8.3,100000,80,40000.0,252,1.8,41.0,469,5,4.5,4.0,2.8,4.5,3.5,0,1,1,0,0,0.4,79.8,2
31.9,13.6,25.6,20.6,8.3,100000,80,22000.0,130,7.0,160.0,351,5,3.5,3.0,2.5,3.5,3.5,0,0,1,0,0,0.22,61.1,1
31.9,13.6,25.6,20.6,8.3,100000,80,28000.0,130,5.8,152.0,438,5,3.8,3.3,2.5,3.8,3.3,0,0,1,0,0,0.28,69.8,1
31.9,13.6,25.6,20.6,8.3,100000,80,55000.0,272,10.0,228.0,548,5,3.5,2.8,3.5,2.5,4.0,0,0,1,0,0,0.55,66.9,1
31.9,13.6,25.6,20.6,8.3,100000,80,38000.0,163,6.2,163.0,602,5,4.3,4.0,2.5,3.2,4.0,0,0,1,0,0,0.38,78.1,2
31.9,13.6,25.6,20.6,8.3,100000,80,42000.0,163,6.5,171.0,591,5,4.3,4.2,2.8,3.0,4.8,0,0,1,0,0,0.42,83.8,2
31.9,13.6,25.6,20.6,8.3,100000,80,80000.0,350,8.0,210.0,780,5,4.8,4.8,3.5,2.5,5.0,0,0,1,0,0,0.8,94.7,2
31.9,13.6,25.6,20.6,8.3,100000,80,58000.0,265,8.8,201.0,488,5,4.8,4.2,4.3,2.5,4.8,0,0,1,0,0,0.58,84.8,2
31.9,13.6,25.6,20.6,8.3,100000,80,72000.0,340,9.5,216.0,745,5,5.0,4.5,4.0,2.2,4.8,0,0,1,0,0,0.72,93.2,2
31.9,13.6,25.6,20.6,8.3,100000,80,110000.0,385,9.0,205.0,132,4,4.5,3.5,5.0,2.0,5.0,0,0,0,1,0,1.1,74.0,1
31.9,13.6,25.6,20.6,8.3,100000,80,90000.0,408,19.5,0.0,366,4,5.0,4.5,4.8,3.5,5.0,1,0,0,0,1,0.9,92.2,2
31.9,13.6,25.6,20.6,8.3,100000,80,95000.0,353,9.5,216.0,495,4,5.0,4.8,4.2,2.5,5.0,0,0,0,0,1,0.95,91.3,2
31.9,13.6,25.6,20.6,8.3,100000,80,70000.0,350,10.0,228.0,500,5,4.2,4.2,4.2,2.0,5.0,0,0,0,0,1,0.7,80.6,2
31.9,13.6,25.6,20.6,8.3,100000,80,78000.0,350,10.5,239.0,580,5,4.2,4.2,3.5,1.8,4.8,0,0,1,0,0,0.78,81.7,2
31.9,13.6,25.6,20.6,8.3,100000,80,48000.0,204,6.8,179.0,619,5,4.5,4.2,3.2,3.2,4.5,0,0,1,0,0,0.48,87.9,2
31.9,13.6,25.6,20.6,8.3,100000,80,65000.0,400,22.0,0.0,505,5,4.8,4.0,4.0,3.2,4.8,1,0,1,0,0,0.65,92.2,2
31.9,13.6,25.6,20.6,8.3,100000,80,75000.0,450,10.0,228.0,310,2,4.0,3.2,4.8,1.8,5.0,0,0,0,1,0,0.75,73.6,1
31.9,13.6,25.6,20.6,8.3,100000,80,32000.0,184,4.8,110.0,320,5,4.8,3.8,2.5,4.5,4.0,0,1,1,0,0,0.32,87.1,2
31.9,13.6,25.6,20.6,8.3,100000,80,42000.0,244,5.8,132.0,520,5,5.0,4.5,2.8,4.2,4.5,0,1,1,0,0,0.42,91.4,2
31.9,13.6,25.6,20.6,8.3,100000,80,55000.0,308,6.0,137.0,612,5,5.0,4.8,3.0,3.8,4.5,0,1,1,0,0,0.55,95.4,2
31.9,13.6,25.6,20.6,8.3,100000,80,42000.0,218,4.8,110.0,454,5,5.0,4.8,2.5,4.5,4.5,0,1,0,0,1,0.42,91.1,2
31.9,13.6,25.6,20.6,8.3,100000,80,95000.0,471,10.0,228.0,197,4,4.5,4.0,4.5,2.0,5.0,0,0,0,1,0,0.95,77.9,2
31.9,13.6,25.6,20.6,8.3,100000,80,35000.0,204,15.5,0.0,385,5,4.3,3.5,3.5,4.2,4.3,1,0,0,0,0,0.35,81.4,2
31.9,13.6,25.6,20.6,8.3,100000,80,35000.0,245,7.5,171.0,420,5,4.3,3.5,4.0,3.0,4.5,0,0,1,0,0,0.35,78.1,2
31.9,13.6,25.6,20.6,8.3,100000,80,38000.0,300,7.5,170.0,380,5,4.3,3.5,4.7,2.8,4.5,0,0,0,0,0,0.38,77.2,2
31.9,13.6,25.6,20.6,8.3,100000,80,62000.0,300,8.0,183.0,150,2,4.0,3.0,4.8,2.5,4.8,0,0,0,1,0,0.62,76.1,2
31.9,13.6,25.6,20.6,8.3,100000,80,48000.0,258,7.5,171.0,281,2,4.0,3.2,4.5,2.8,4.8,0,0,0,1,0,0.48,71.9,1
31.9,13.6,25.6,20.6,8.3,100000,80,110000.0,449,9.0,206.0,550,5,5.0,5.0,3.5,2.5,5.0,0,0,0,0,1,1.1,89.9,2
31.9,13.6,25.6,20.6,8.3,100000,80,100000.0,400,8.5,194.0,540,5,5.0,5.0,3.5,2.5,5.0,0,0,0,0,1,1.0,89.5,2
31.9,13.6,25.6,20.6,8.3,100000,80,90000.0,340,8.0,183.0,505,5,5.0,5.0,3.2,2.8,5.0,0,0,0,0,1,0.9,91.1,2
31.9,13.6,25.6,20.6,8.3,100000,80,38000.0,245,8.0,183.0,330,5,4.5,4.0,4.0,3.0,4.3,0,0,0,0,1,0.38,85.1,2
31.9,13.6,25.6,20.6,8.3,100000,80,42000.0,245,8.5,194.0,542,5,4.8,4.2,3.5,3.0,4.5,0,0,1,0,0,0.42,84.5,2
31.9,13.6,25.6,20.6,8.3,100000,80,42000.0,408,15.5,0.0,405,5,4.8,4.0,4.0,4.2,4.5,1,0,0,0,1,0.42,87.3,2
77.3,2.8,6.6,1.4,11.9,300000,10,6500.0,73,6.4,149.0,510,5,3.0,2.5,1.5,4.8,2.0,0,0,0,0,1,0.022,52.0,0
77.3,2.8,6.6,1.4,11.9,300000,10,9800.0,91,6.0,137.0,528,5,3.4,3.0,1.5,4.7,2.8,0,0,0,0,1,0.033,60.0,1
77.3,2.8,6.6,1.4,11.9,300000,10,7200.0,73,6.2,144.0,328,5,3.2,2.5,1.8,4.6,2.5,0,0,0,0,0,0.024,49.9,0
77.3,2.8,6.6,1.4,11.9,300000,10,13500.0,91,6.1,139.0,328,5,3.4,3.0,2.0,4.5,3.2,0,0,0,0,0,0.045,58.5,1
77.3,2.8,6.6,1.4,11.9,300000,10,14000.0,115,5.7,150.0,445,5,3.0,3.0,2.0,4.2,2.8,0,0,1,0,0,0.047,58.8,1
77.3,2.8,6.6,1.4,11.9,300000,10,19500.0,130,6.8,155.0,445,5,3.5,3.2,2.2,4.0,3.5,0,0,1,0,0,0.065,65.4,1
77.3,2.8,6.6,1.4,11.9,300000,10,15800.0,110,6.4,146.0,708,7,3.2,3.2,1.5,4.3,3.0,0,0,0,0,0,0.053,64.3,1
77.3,2.8,6.6,1.4,11.9,300000,10,12000.0,65,14.5,0.0,290,4,2.8,2.2,1.2,4.9,2.5,1,0,0,0,0,0.04,48.1,0
77.3,2.8,6.6,1.4,11.9,300000,10,11500.0,100,5.8,132.0,391,5,4.2,3.5,2.5,4.3,3.5,0,0,0,0,0,0.038,67.3,1
77.3,2.8,6.6,1.4,11.9,300000,10,16000.0,140,4.3,98.0,391,5,4.2,3.8,2.8,4.7,3.8,0,1,0,0,0,0.053,75.0,2
77.3,2.8,6.6,1.4,11.9,300000,10,13000.0,115,4.8,128.0,384,5,4.0,3.5,2.8,4.2,3.3,0,0,0,0,0,0.043,68.5,1
77.3,2.8,6.6,1.4,11.9,300000,10,35000.0,220,16.1,0.0,440,5,4.5,4.0,3.2,4.5,4.2,1,0,0,0,0,0.117,78.8,2
77.3,2.8,6.6,1.4,11.9,300000,10,17500.0,130,6.4,147.0,422,5,4.0,3.5,2.2,4.0,3.5,0,0,1,0,0,0.058,70.1,1
77.3,2.8,6.6,1.4,11.9,300000,10,28000.0,200,4.6,105.0,500,5,4.3,4.0,3.0,4.3,3.8,0,1,1,0,0,0.093,79.1,2
77.3,2.8,6.6,1.4,11.9,300000,10,14500.0,100,5.9,136.0,309,5,4.2,3.5,2.5,4.2,4.0,0,0,0,0,0,0.048,68.8,1
77.3,2.8,6.6,1.4,11.9,300000,10,16500.0,100,5.8,132.0,309,5,4.2,3.5,2.5,4.2,4.2,0,0,0,0,0,0.055,69.0,1
77.3,2.8,6.6,1.4,11.9,300000,10,28000.0,136,15.2,0.0,265,5,4.2,3.5,3.0,4.5,4.2,1,0,0,0,0,0.093,72.4,1
77.3,2.8,6.6,1.4,11.9,300000,10,22000.0,130,6.1,139.0,412,5,4.3,3.8,3.0,4.0,4.3,0,0,0,0,0,0.073,76.1,2
77.3,2.8,6.6,1.4,11.9,300000,10,24000.0,130,5.2,138.0,520,5,4.3,4.0,2.5,4.2,4.0,0,0,1,0,0,0.08,83.8,2
77.3,2.8,6.6,1.4,11.9,300000,10,35000.0,225,1.4,32.0,520,5,4.5,4.2,3.0,4.5,4.5,0,1,1,0,0,0.117,87.6,2
77.3,2.8,6.6,1.4,11.9,300000,10,30000.0,130,5.5,144.0,780,7,4.2,4.0,2.0,4.0,3.8,0,0,1,0,0,0.1,78.7,2
77.3,2.8,6.6,1.4,11.9,300000,10,12000.0,83,5.8,132.0,300,5,3.5,3.2,1.5,4.5,3.0,0,0,0,0,0,0.04,61.3,1
77.3,2.8,6.6,1.4,11.9,300000,10,18000.0,110,6.2,142.0,410,5,3.5,3.3,1.8,4.2,3.2,0,0,1,0,0,0.06,65.9,1
77.3,2.8,6.6,1.4,11.9,300000,10,22000.0,130,6.0,137.0,380,5,4.0,4.0,2.2,4.0,3.8,0,0,0,0,0,0.073,80.1,2
77.3,2.8,6.6,1.4,11.9,300000,10,26000.0,130,5.5,144.0,580,5,4.2,4.2,2.0,4.0,3.5,0,0,1,0,0,0.087,86.2,2
77.3,2.8,6.6,1.4,11.9,300000,10,14000.0,100,5.8,132.0,309,5,4.0,3.3,2.5,4.3,3.3,0,0,0,0,0,0.047,60.0,1
77.3,2.8,6.6,1.4,11.9,300000,10,27000.0,136,15.2,0.0,267,5,4.0,3.3,2.8,4.5,3.5,1,0,0,0,0,0.09,67.6,1
77.3,2.8,6.6,1.4,11.9,300000,10,23000.0,130,6.1,139.0,422,5,4.2,3.8,3.0,4.0,4.0,0,0,0,0,0,0.077,77.2,2
77.3,2.8,6.6,1.4,11.9,300000,10,22000.0,130,6.5,148.0,350,5,4.0,3.5,2.5,3.8,4.0,0,0,1,0,0,0.073,71.6,1
77.3,2.8,6.6,1.4,11.9,300000,10,10500.0,100,5.9,136.0,292,5,3.8,3.0,3.0,4.3,3.2,0,0,0,0,0,0.035,59.6,1
77.3,2.8,6.6,1.4,11.9,300000,10,15000.0,125,6.0,137.0,375,5,4.2,3.5,3.3,4.0,3.5,0,0,0,0,0,0.05,69.8,1
77.3,2.8,6.6,1.4,11.9,300000,10,20000.0,120,4.7,123.0,575,5,4.2,3.8,2.8,4.5,3.3,0,0,0,0,0,0.067,76.7,2
77.3,2.8,6.6,1.4,11.9,300000,10,22000.0,125,5.4,124.0,456,5,4.3,3.5,2.8,4.3,4.0,0,1,1,0,0,0.073,72.0,1
77.3,2.8,6.6,1.4,11.9,300000,10,25000.0,190,1.4,32.0,475,5,4.3,3.8,2.8,4.5,3.5,0,1,1,0,0,0.083,74.1,1
77.3,2.8,6.6,1.4,11.9,300000,10,48000.0,269,18.1,0.0,402,5,4.5,4.0,4.0,4.0,4.5,1,0,1,0,0,0.16,83.8,2
77.3,2.8,6.6,1.4,11.9,300000,10,13000.0,95,5.7,130.0,351,5,4.2,3.5,2.5,4.3,3.5,0,0,0,0,0,0.043,69.2,1
77.3,2.8,6.6,1.4,11.9,300000,10,18000.0,110,5.6,128.0,351,5,4.3,3.5,2.8,4.3,3.7,0,0,0,0,0,0.06,66.5,1
77.3,2.8,6.6,1.4,11.9,300000,10,18500.0,130,6.0,137.0,381,5,4.5,4.0,3.5,4.0,4.0,0,0,0,0,0,0.062,80.0,2
77.3,2.8,6.6,1.4,11.9,300000,10,28000.0,150,5.8,132.0,381,5,4.5,4.2,3.5,4.0,4.2,0,0,0,0,0,0.093,80.1,2
77.3,2.8,6.6,1.4,11.9,300000,10,38000.0,245,7.4,168.0,381,5,4.5,3.8,4.5,3.2,4.5,0,0,0,0,0,0.127,76.3,2
77.3,2.8,6.6,1.4,11.9,300000,10,48000.0,320,8.0,183.0,381,5,4.5,3.8,4.8,2.8,4.5,0,0,0,0,0,0.16,73.1,1
77.3,2.8,6.6,1.4,11.9,300000,10,28000.0,150,5.5,144.0,615,5,4.5,4.2,2.5,4.0,3.8,0,0,1,0,0,0.093,86.9,2
77.3,2.8,6.6,1.4,11.9,300000,10,38000.0,150,7.0,160.0,615,5,4.5,4.3,2.8,3.8,4.2,0,0,1,0,0,0.127,90.9,2
77.3,2.8,6.6,1.4,11.9,300000,10,20000.0,150,5.0,132.0,650,5,4.5,4.3,3.0,4.3,3.8,0,0,0,0,0,0.067,86.3,2
77.3,2.8,6.6,1.4,11.9,300000,10,40000.0,272,7.2,164.0,690,5,4.8,4.5,3.5,3.5,4.2,0,0,0,0,0,0.133,89.6,2
77.3,2.8,6.6,1.4,11.9,300000,10,35000.0,200,5.5,144.0,563,5,4.5,4.5,3.5,4.0,4.8,0,0,0,0,1,0.117,93.6,2
77.3,2.8,6.6,1.4,11.9,300000,10,32000.0,204,15.8,0.0,385,5,4.3,3.8,3.0,4.5,3.8,1,0,0,0,0,0.107,79.3,2
77.3,2.8,6.6,1.4,11.9,300000,10,38000.0,204,17.0,0.0,543,5,4.5,4.0,2.8,4.3,4.0,1,0,1,0,0,0.127,83.2,2
77.3,2.8,6.6,1.4,11.9,300000,10,14500.0,110,5.5,126.0,380,5,4.0,3.3,2.5,4.5,3.2,0,0,0,0,0,0.048,61.4,1
77.3,2.8,6.6,1.4,11.9,300000,10,18000.0,150,4.8,126.0,640,5,4.5,4.0,3.0,4.5,3.5,0,0,0,0,0,0.06,81.1,2
77.3,2.8,6.6,1.4,11.9,300000,10,25000.0,150,6.2,141.0,640,5,4.5,4.2,3.0,4.2,3.8,0,0,0,0,0,0.083,84.1,2
77.3,2.8,6.6,1.4,11.9,300000,10,35000.0,245,7.1,161.0,640,5,4.5,3.8,4.3,3.2,4.2,0,0,0,0,0,0.117,79.4,2
77.3,2.8,6.6,1.4,11.9,300000,10,30000.0,150,5.0,132.0,660,5,4.5,4.5,2.8,4.3,4.0,0,0,0,0,0,0.1,86.6,2
77.3,2.8,6.6,1.4,11.9,300000,10,32000.0,150,5.8,152.0,720,7,4.5,4.2,2.2,4.0,3.5,0,0,1,0,0,0.107,85.7,2
77.3,2.8,6.6,1.4,11.9,300000,10,20000.0,110,6.0,137.0,400,5,4.2,3.5,2.2,4.2,3.5,0,0,1,0,0,0.067,70.1,1
77.3,2.8,6.6,1.4,11.9,300000,10,13500.0,110,5.6,128.0,355,5,4.0,3.2,2.8,4.3,3.5,0,0,0,0,0,0.045,59.5,1
77.3,2.8,6.6,1.4,11.9,300000,10,20000.0,150,6.0,137.0,380,5,4.3,3.5,3.5,4.0,4.0,0,0,0,0,0,0.067,72.3,1
77.3,2.8,6.6,1.4,11.9,300000,10,35000.0,300,7.5,170.0,380,5,4.3,3.5,4.7,3.0,4.3,0,0,0,0,0,0.117,73.9,1
77.3,2.8,6.6,1.4,11.9,300000,10,25000.0,150,5.6,147.0,510,5,4.3,3.8,2.8,4.2,3.5,0,0,1,0,0,0.083,77.0,2
77.3,2.8,6.6,1.4,11.9,300000,10,15000.0,116,3.8,87.0,286,5,4.5,3.3,2.2,4.8,3.2,0,1,0,0,0,0.05,66.5,1
77.3,2.8,6.6,1.4,11.9,300000,10,22000.0,116,4.4,101.0,320,5,4.5,3.5,2.0,4.7,3.5,0,1,1,0,0,0.073,68.7,1
77.3,2.8,6.6,1.4,11.9,300000,10,22000.0,140,4.5,103.0,361,5,4.5,3.8,3.0,4.7,3.8,0,1,0,0,0,0.073,74.1,1
77.3,2.8,6.6,1.4,11.9,300000,10,30000.0,197,5.0,114.0,433,5,4.8,4.0,2.5,4.5,3.8,0,1,1,0,0,0.1,77.2,2
77.3,2.8,6.6,1.4,11.9,300000,10,32000.0,222,5.6,128.0,580,5,4.8,4.0,2.5,4.3,3.5,0,1,1,0,0,0.107,86.5,2
77.3,2.8,6.6,1.4,11.9,300000,10,35000.0,218,4.9,112.0,493,5,4.8,4.5,2.8,4.5,3.8,0,1,0,0,1,0.117,86.2,2
77.3,2.8,6.6,1.4,11.9,300000,10,28000.0,200,4.8,110.0,310,5,4.5,3.5,3.0,4.5,4.2,0,1,1,0,0,0.093,72.2,1
77.3,2.8,6.6,1.4,11.9,300000,10,55000.0,340,8.5,194.0,290,2,4.0,3.0,4.8,2.5,4.8,0,0,0,1,0,0.183,62.1,1
77.3,2.8,6.6,1.4,11.9,300000,10,28000.0,182,6.5,148.0,404,5,4.5,3.8,3.5,3.8,4.0,0,0,0,0,0,0.093,78.0,2
77.3,2.8,6.6,1.4,11.9,300000,10,27000.0,131,5.4,122.0,319,5,4.3,3.5,2.2,4.5,3.5,0,1,1,0,0,0.09,73.4,1
77.3,2.8,6.6,1.4,11.9,300000,10,38000.0,184,6.0,137.0,587,5,4.5,4.0,2.5,4.2,3.5,0,1,1,0,0,0.127,84.9,2
77.3,2.8,6.6,1.4,11.9,300000,10,35000.0,184,6.2,141.0,380,5,4.5,3.8,3.0,4.0,4.0,0,1,1,0,0,0.117,77.9,2
77.3,2.8,6.6,1.4,11.9,300000,10,13000.0,100,5.8,132.0,351,5,4.0,3.2,2.5,4.3,3.5,0,0,0,0,0,0.043,61.4,1
77.3,2.8,6.6,1.4,11.9,300000,10,19000.0,160,6.5,148.0,395,5,4.3,3.5,3.0,4.0,3.5,0,0,0,0,0,0.063,69.6,1
77.3,2.8,6.6,1.4,11.9,300000,10,35000.0,280,8.0,183.0,395,5,4.0,3.2,4.7,2.8,4.0,0,0,0,0,0,0.117,64.7,1
77.3,2.8,6.6,1.4,11.9,300000,10,28000.0,230,5.5,126.0,546,5,4.5,4.0,2.8,4.3,4.2,0,1,1,0,0,0.093,86.2,2
77.3,2.8,6.6,1.4,11.9,300000,10,24000.0,120,6.2,141.0,466,5,4.3,3.5,2.2,4.0,3.8,0,0,1,0,0,0.08,72.4,1
77.3,2.8,6.6,1.4,11.9,300000,10,35000.0,204,14.7,0.0,466,5,4.3,3.5,3.0,4.5,3.8,1,0,1,0,0,0.117,72.5,1
77.3,2.8,6.6,1.4,11.9,300000,10,42000.0,325,16.8,0.0,527,5,4.8,4.3,3.5,4.3,4.8,1,0,1,0,0,0.14,95.3,2
77.3,2.8,6.6,1.4,11.9,300000,10,45000.0,325,14.3,0.0,401,5,4.8,4.3,3.5,4.5,4.8,1,0,0,0,1,0.15,90.8,2
77.3,2.8,6.6,1.4,11.9,300000,10,10500.0,67,4.8,109.0,255,5,3.2,2.5,1.5,4.8,2.8,0,0,0,0,0,0.035,43.2,0
77.3,2.8,6.6,1.4,11.9,300000,10,19000.0,160,6.5,148.0,395,5,4.2,3.5,3.0,4.0,3.5,0,0,0,0,0,0.063,69.4,1
77.3,2.8,6.6,1.4,11.9,300000,10,30000.0,230,5.5,126.0,543,5,4.5,4.0,2.8,4.3,4.3,0,1,1,0,0,0.1,82.9,2
77.3,2.8,6.6,1.4,11.9,300000,10,45000.0,325,16.5,0.0,490,5,4.8,4.2,4.0,4.3,4.8,1,0,1,0,0,0.15,86.4,2
77.3,2.8,6.6,1.4,11.9,300000,10,40000.0,245,8.5,194.0,406,5,4.2,4.0,4.2,3.0,4.5,0,0,0,0,1,0.133,78.6,2
77.3,2.8,6.6,1.4,11.9,300000,10,22000.0,150,6.5,148.0,358,5,4.3,3.8,3.5,3.8,4.5,0,0,0,0,0,0.073,74.9,1
77.3,2.8,6.6,1.4,11.9,300000,10,28000.0,165,7.1,163.0,506,5,4.3,4.0,3.0,3.5,4.0,0,0,1,0,0,0.093,83.7,2
77.3,2.8,6.6,1.4,11.9,300000,10,24000.0,150,6.5,148.0,430,5,4.3,3.8,3.0,3.8,4.3,0,0,1,0,0,0.08,73.7,1
77.3,2.8,6.6,1.4,11.9,300000,10,30000.0,184,6.8,155.0,130,2,3.5,3.0,4.5,3.5,4.8,0,0,0,1,0,0.1,63.3,1
77.3,2.8,6.6,1.4,11.9,300000,10,10000.0,100,5.4,123.0,300,5,3.8,2.8,2.0,4.5,3.0,0,0,0,0,0,0.033,56.0,1
77.3,2.8,6.6,1.4,11.9,300000,10,27000.0,158,6.5,148.0,504,5,4.3,3.8,2.5,3.8,3.8,0,0,1,0,0,0.09,82.7,2
77.3,2.8,6.6,1.4,11.9,300000,10,28000.0,150,15.5,0.0,435,5,4.0,3.5,2.5,4.5,3.0,1,0,0,0,0,0.093,67.0,1
77.3,2.8,6.6,1.4,11.9,300000,10,42000.0,242,16.5,0.0,468,5,4.5,4.2,3.0,4.2,4.2,1,0,1,0,0,0.14,85.0,2
77.3,2.8,6.6,1.4,11.9,300000,10,22000.0,136,6.5,148.0,380,5,4.3,3.5,3.5,3.5,4.0,0,0,0,0,0,0.073,69.8,1
77.3,2.8,6.6,1.4,11.9,300000,10,32000.0,170,6.8,155.0,380,5,4.5,3.8,3.8,3.3,4.3,0,0,0,0,0,0.107,77.3,2
77.3,2.8,6.6,1.4,11.9,300000,10,28000.0,190,5.2,137.0,480,5,4.5,4.2,4.0,4.0,4.5,0,0,0,0,1,0.093,83.3,2
77.3,2.8,6.6,1.4,11.9,300000,10,42000.0,245,7.0,159.0,480,5,4.8,4.3,4.2,3.5,4.5,0,0,0,0,1,0.14,88.3,2
77.3,2.8,6.6,1.4,11.9,300000,10,40000.0,190,5.5,144.0,530,5,4.8,4.8,3.5,3.8,4.8,0,0,0,0,1,0.133,94.1,2
77.3,2.8,6.6,1.4,11.9,300000,10,55000.0,299,7.5,171.0,520,5,5.0,4.8,4.0,3.3,4.8,0,0,0,0,1,0.183,95.9,2
77.3,2.8,6.6,1.4,11.9,300000,10,32000.0,136,6.8,155.0,540,5,4.5,4.0,3.0,3.5,4.0,0,0,1,0,0,0.107,83.7,2
77.3,2.8,6.6,1.4,11.9,300000,10,40000.0,190,5.8,152.0,550,5,4.8,4.3,3.2,3.8,4.3,0,0,1,0,0,0.133,86.1,2
77.3,2.8,6.6,1.4,11.9,300000,10,58000.0,286,6.8,179.0,650,5,5.0,4.8,3.5,3.2,4.5,0,0,1,0,0,0.193,95.0,2
77.3,2.8,6.6,1.4,11.9,300000,10,52000.0,286,17.5,0.0,510,5,4.8,4.2,3.5,4.0,4.3,1,0,1,0,0,0.173,89.5,2
77.3,2.8,6.6,1.4,11.9,300000,10,48000.0,340,16.1,0.0,470,5,4.8,4.2,4.2,4.0,4.8,1,0,0,0,1,0.16,89.7,2
77.3,2.8,6.6,1.4,11.9,300000,10,72000.0,480,9.0,205.0,480,5,4.5,3.8,5.0,2.2,4.8,0,0,0,0,1,0.24,74.7,1
77.3,2.8,6.6,1.4,11.9,300000,10,78000.0,480,9.2,210.0,440,4,4.5,3.5,5.0,2.0,4.8,0,0,0,1,0,0.26,72.2,1
77.3,2.8,6.6,1.4,11.9,300000,10,90000.0,510,9.5,217.0,440,4,4.5,3.5,5.0,1.8,5.0,0,0,0,1,0,0.3,77.3,2
77.3,2.8,6.6,1.4,11.9,300000,10,24000.0,163,6.5,148.0,370,5,4.3,3.8,3.0,3.5,4.2,0,0,0,0,0,0.08,73.7,1
77.3,2.8,6.6,1.4,11.9,300000,10,30000.0,163,6.3,144.0,370,5,4.5,4.0,3.0,3.5,4.3,0,0,0,0,0,0.1,76.9,2
77.3,2.8,6.6,1.4,11.9,300000,10,38000.0,204,6.8,155.0,455,5,4.8,4.5,3.5,3.5,4.8,0,0,0,0,1,0.127,90.1,2
77.3,2.8,6.6,1.4,11.9,300000,10,45000.0,313,2.0,46.0,455,5,5.0,4.8,3.8,4.2,4.8,0,1,0,0,1,0.15,94.2,2
77.3,2.8,6.6,1.4,11.9,300000,10,45000.0,220,5.5,144.0,540,5,5.0,4.8,3.2,3.8,4.8,0,0,0,0,1,0.15,100.0,2
77.3,2.8,6.6,1.4,11.9,300000,10,58000.0,313,2.0,46.0,540,5,5.0,5.0,3.5,4.0,5.0,0,1,0,0,1,0.193,99.7,2
77.3,2.8,6.6,1.4,11.9,300000,10,32000.0,163,6.8,155.0,435,5,4.5,4.0,2.8,3.5,4.2,0,0,1,0,0,0.107,79.2,2
77.3,2.8,6.6,1.4,11.9,300000,10,45000.0,204,7.2,164.0,600,5,4.8,4.5,3.0,3.3,4.5,0,0,1,0,0,0.15,92.6,2
77.3,2.8,6.6,1.4,11.9,300000,10,60000.0,272,7.0,184.0,630,5,5.0,4.8,3.0,3.0,4.5,0,0,1,0,0,0.2,96.3,2
77.3,2.8,6.6,1.4,11.9,300000,10,42000.0,190,17.0,0.0,340,5,4.5,4.0,2.8,4.2,4.2,1,0,1,0,0,0.14,76.8,2
77.3,2.8,6.6,1.4,11.9,300000,10,55000.0,408,21.3,0.0,500,5,4.8,4.3,3.5,3.5,4.3,1,0,1,0,0,0.183,87.7,2
77.3,2.8,6.6,1.4,11.9,300000,10,62000.0,408,9.0,206.0,455,5,4.8,4.2,4.8,2.5,4.8,0,0,0,0,1,0.207,86.9,2
77.3,2.8,6.6,1.4,11.9,300000,10,85000.0,680,6.9,157.0,350,5,4.8,4.0,5.0,2.5,5.0,0,1,0,0,1,0.283,84.1,2
77.3,2.8,6.6,1.4,11.9,300000,10,18000.0,116,5.8,132.0,335,5,4.0,3.2,2.5,4.0,4.0,0,0,0,0,0,0.06,64.5,1
77.3,2.8,6.6,1.4,11.9,300000,10,28000.0,150,6.2,141.0,380,5,4.5,3.8,3.2,3.8,4.3,0,0,0,0,1,0.093,74.6,1
77.3,2.8,6.6,1.4,11.9,300000,10,30000.0,163,5.2,137.0,460,5,4.5,4.3,3.5,4.0,4.5,0,0,0,0,1,0.1,86.0,2
77.3,2.8,6.6,1.4,11.9,300000,10,42000.0,204,6.8,155.0,460,5,4.8,4.5,3.5,3.5,4.5,0,0,0,0,1,0.14,87.4,2
77.3,2.8,6.6,1.4,11.9,300000,10,42000.0,204,5.5,144.0,530,5,4.8,4.8,3.2,3.8,4.8,0,0,0,0,1,0.14,98.5,2
77.3,2.8,6.6,1.4,11.9,300000,10,30000.0,150,6.8,155.0,530,5,4.5,4.0,2.8,3.5,4.2,0,0,1,0,0,0.1,83.6,2
77.3,2.8,6.6,1.4,11.9,300000,10,42000.0,204,6.0,158.0,520,5,4.8,4.3,3.0,3.5,4.3,0,0,1,0,0,0.14,86.8,2
77.3,2.8,6.6,1.4,11.9,300000,10,55000.0,286,7.2,189.0,705,7,5.0,4.8,3.0,3.0,4.5,0,0,1,0,0,0.183,95.3,2
77.3,2.8,6.6,1.4,11.9,300000,10,85000.0,476,19.6,0.0,405,4,5.0,4.5,4.8,3.5,5.0,1,0,0,0,1,0.283,94.4,2
77.3,2.8,6.6,1.4,11.9,300000,10,82000.0,450,9.8,224.0,465,4,4.5,3.8,4.8,2.0,5.0,0,0,0,1,0,0.273,76.4,2
77.3,2.8,6.6,1.4,11.9,300000,10,85000.0,450,9.8,224.0,465,5,4.5,4.0,4.8,2.0,5.0,0,0,0,0,1,0.283,80.2,2
77.3,2.8,6.6,1.4,11.9,300000,10,55000.0,400,8.5,194.0,321,5,4.5,3.5,4.8,2.5,4.5,0,0,0,0,1,0.183,71.3,1
77.3,2.8,6.6,1.4,11.9,300000,10,32000.0,163,7.0,160.0,452,5,4.8,4.0,2.5,3.5,4.0,0,0,1,0,0,0.107,78.5,2
77.3,2.8,6.6,1.4,11.9,300000,10,42000.0,197,6.2,163.0,483,5,5.0,4.5,2.8,3.5,4.3,0,0,1,0,0,0.14,91.1,2
77.3,2.8,6.6,1.4,11.9,300000,10,58000.0,303,2.4,55.0,640,7,5.0,4.8,2.5,4.0,4.5,0,1,1,0,0,0.193,96.0,2
77.3,2.8,6.6,1.4,11.9,300000,10,48000.0,408,17.8,0.0,413,5,5.0,4.0,3.5,4.0,4.5,1,0,1,0,0,0.16,84.2,2
77.3,2.8,6.6,1.4,11.9,300000,10,35000.0,197,7.0,160.0,442,5,5.0,4.3,3.5,3.5,4.5,0,0,0,0,1,0.117,85.9,2
77.3,2.8,6.6,1.4,11.9,300000,10,40000.0,325,14.0,0.0,561,5,4.8,3.8,4.2,4.5,4.5,1,0,0,0,1,0.133,83.1,2
77.3,2.8,6.6,1.4,11.9,300000,10,45000.0,325,15.0,0.0,854,5,4.8,3.8,3.8,4.3,4.3,1,0,1,0,0,0.15,81.1,2
77.3,2.8,6.6,1.4,11.9,300000,10,85000.0,670,16.8,0.0,793,5,4.8,4.5,4.8,3.8,4.8,1,0,0,0,1,0.283,95.0,2
77.3,2.8,6.6,1.4,11.9,300000,10,95000.0,670,18.5,0.0,935,7,4.8,4.5,4.0,3.5,4.5,1,0,1,0,0,0.317,99.3,2
77.3,2.8,6.6,1.4,11.9,300000,10,12000.0,69,5.2,119.0,185,4,3.5,2.5,1.5,4.5,4.0,0,0,0,0,0,0.04,52.1,0
77.3,2.8,6.6,1.4,11.9,300000,10,14000.0,100,6.2,141.0,520,5,3.5,3.0,2.0,4.2,2.8,0,0,0,0,1,0.047,64.4,1
77.3,2.8,6.6,1.4,11.9,300000,10,25000.0,118,13.0,0.0,185,4,3.8,2.8,2.5,4.5,4.5,1,0,0,0,0,0.083,61.9,1
77.3,2.8,6.6,1.4,11.9,300000,10,25000.0,136,5.8,132.0,211,4,4.0,3.3,3.5,3.5,4.5,0,0,0,0,0,0.083,66.7,1
77.3,2.8,6.6,1.4,11.9,300000,10,32000.0,136,6.8,155.0,450,5,4.2,3.5,3.0,3.2,4.2,0,0,1,0,0,0.107,70.0,1
77.3,2.8,6.6,1.4,11.9,300000,10,35000.0,200,7.2,164.0,480,5,4.3,3.8,4.2,3.0,4.8,0,0,0,0,1,0.117,79.8,2
77.3,2.8,6.6,1.4,11.9,300000,10,38000.0,200,7.5,171.0,525,5,4.3,3.8,3.5,3.0,4.5,0,0,1,0,0,0.127,79.1,2
77.3,2.8,6.6,1.4,11.9,300000,10,75000.0,510,9.5,217.0,480,5,4.0,3.5,5.0,2.0,5.0,0,0,0,0,1,0.25,71.4,1
77.3,2.8,6.6,1.4,11.9,300000,10,24000.0,150,7.0,160.0,345,5,4.5,3.5,3.5,3.5,3.2,0,0,0,0,0,0.08,68.7,1
77.3,2.8,6.6,1.4,11.9,300000,10,32000.0,150,7.5,171.0,520,5,4.8,3.8,2.5,3.3,3.0,0,0,1,0,0,0.107,74.9,1
77.3,2.8,6.6,1.4,11.9,300000,10,28000.0,150,7.2,164.0,385,5,4.5,3.5,3.0,3.3,3.2,0,0,1,0,0,0.093,74.1,1
77.3,2.8,6.6,1.4,11.9,300000,10,12000.0,83,5.2,119.0,265,5,3.5,2.8,2.5,4.8,3.0,0,0,0,0,0,0.04,55.0,1
77.3,2.8,6.6,1.4,11.9,300000,10,20000.0,129,6.5,148.0,375,5,3.8,3.2,2.5,4.0,3.2,0,0,1,0,0,0.067,64.3,1
77.3,2.8,6.6,1.4,11.9,300000,10,20000.0,150,6.5,148.0,393,5,3.8,3.3,2.2,3.8,3.2,0,0,1,0,0,0.067,63.3,1
77.3,2.8,6.6,1.4,11.9,300000,10,40000.0,252,1.8,41.0,469,5,4.5,4.0,2.8,4.5,3.5,0,1,1,0,0,0.133,77.3,2
77.3,2.8,6.6,1.4,11.9,300000,10,22000.0,130,7.0,160.0,351,5,3.5,3.0,2.5,3.5,3.5,0,0,1,0,0,0.073,59.9,1
77.3,2.8,6.6,1.4,11.9,300000,10,28000.0,130,5.8,152.0,438,5,3.8,3.3,2.5,3.8,3.3,0,0,1,0,0,0.093,64.3,1
77.3,2.8,6.6,1.4,11.9,300000,10,55000.0,272,10.0,228.0,548,5,3.5,2.8,3.5,2.5,4.0,0,0,1,0,0,0.183,64.4,1
77.3,2.8,6.6,1.4,11.9,300000,10,38000.0,163,6.2,163.0,602,5,4.3,4.0,2.5,3.2,4.0,0,0,1,0,0,0.127,81.4,2
77.3,2.8,6.6,1.4,11.9,300000,10,42000.0,163,6.5,171.0,591,5,4.3,4.2,2.8,3.0,4.8,0,0,1,0,0,0.14,89.5,2
77.3,2.8,6.6,1.4,11.9,300000,10,80000.0,350,8.0,210.0,780,5,4.8,4.8,3.5,2.5,5.0,0,0,1,0,0,0.267,100.0,2
77.3,2.8,6.6,1.4,11.9,300000,10,58000.0,265,8.8,201.0,488,5,4.8,4.2,4.3,2.5,4.8,0,0,1,0,0,0.193,84.2,2
77.3,2.8,6.6,1.4,11.9,300000,10,72000.0,340,9.5,216.0,745,5,5.0,4.5,4.0,2.2,4.8,0,0,1,0,0,0.24,93.8,2
77.3,2.8,6.6,1.4,11.9,300000,10,110000.0,385,9.0,205.0,132,4,4.5,3.5,5.0,2.0,5.0,0,0,0,1,0,0.367,76.1,2
77.3,2.8,6.6,1.4,11.9,300000,10,195000.0,650,11.1,253.0,128,4,4.5,3.5,5.0,1.5,5.0,0,0,0,1,0,0.65,81.8,2
77.3,2.8,6.6,1.4,11.9,300000,10,90000.0,408,19.5,0.0,366,4,5.0,4.5,4.8,3.5,5.0,1,0,0,0,1,0.3,96.6,2
77.3,2.8,6.6,1.4,11.9,300000,10,95000.0,353,9.5,216.0,495,4,5.0,4.8,4.2,2.5,5.0,0,0,0,0,1,0.317,96.1,2
77.3,2.8,6.6,1.4,11.9,300000,10,225000.0,640,13.5,308.0,100,2,3.5,2.0,5.0,1.0,5.0,0,0,0,1,0,0.75,51.0,0
77.3,2.8,6.6,1.4,11.9,300000,10,260000.0,640,13.7,312.0,100,2,3.5,2.0,5.0,1.0,5.0,0,0,0,1,0,0.867,53.4,0
77.3,2.8,6.6,1.4,11.9,300000,10,210000.0,650,12.5,285.0,616,5,4.0,3.8,4.8,1.0,5.0,0,0,1,0,0,0.7,87.0,2
77.3,2.8,6.6,1.4,11.9,300000,10,280000.0,720,14.0,319.0,200,2,3.5,2.0,5.0,1.0,5.0,0,0,0,1,0,0.933,54.5,0
77.3,2.8,6.6,1.4,11.9,300000,10,220000.0,620,11.5,262.0,272,2,3.8,3.0,5.0,1.0,5.0,0,0,0,1,0,0.733,72.9,1
77.3,2.8,6.6,1.4,11.9,300000,10,270000.0,720,12.2,278.0,150,2,3.5,2.2,5.0,1.0,5.0,0,0,0,1,0,0.9,54.5,0
77.3,2.8,6.6,1.4,11.9,300000,10,160000.0,535,11.0,251.0,235,2,3.8,3.2,4.8,1.2,5.0,0,0,0,1,0,0.533,68.0,1
77.3,2.8,6.6,1.4,11.9,300000,10,200000.0,639,12.0,274.0,270,4,4.0,3.8,4.5,1.0,5.0,0,0,0,1,0,0.667,81.9,2
77.3,2.8,6.6,1.4,11.9,300000,10,70000.0,350,10.0,228.0,500,5,4.2,4.2,4.2,2.0,5.0,0,0,0,0,1,0.233,87.1,2
77.3,2.8,6.6,1.4,11.9,300000,10,78000.0,350,10.5,239.0,580,5,4.2,4.2,3.5,1.8,4.8,0,0,1,0,0,0.26,87.5,2
77.3,2.8,6.6,1.4,11.9,300000,10,215000.0,630,11.5,262.0,150,2,3.5,2.5,5.0,1.0,5.0,0,0,0,1,0,0.717,60.0,1
77.3,2.8,6.6,1.4,11.9,300000,10,48000.0,204,6.8,179.0,619,5,4.5,4.2,3.2,3.2,4.5,0,0,1,0,0,0.16,87.2,2
77.3,2.8,6.6,1.4,11.9,300000,10,65000.0,400,22.0,0.0,505,5,4.8,4.0,4.0,3.2,4.8,1,0,1,0,0,0.217,87.5,2
77.3,2.8,6.6,1.4,11.9,300000,10,75000.0,450,10.0,228.0,310,2,4.0,3.2,4.8,1.8,5.0,0,0,0,1,0,0.25,68.0,1
77.3,2.8,6.6,1.4,11.9,300000,10,32000.0,184,4.8,110.0,320,5,4.8,3.8,2.5,4.5,4.0,0,1,1,0,0,0.107,74.8,1
77.3,2.8,6.6,1.4,11.9,300000,10,42000.0,244,5.8,132.0,520,5,5.0,4.5,2.8,4.2,4.5,0,1,1,0,0,0.14,91.6,2
77.3,2.8,6.6,1.4,11.9,300000,10,55000.0,308,6.0,137.0,612,5,5.0,4.8,3.0,3.8,4.5,0,1,1,0,0,0.183,99.6,2
77.3,2.8,6.6,1.4,11.9,300000,10,42000.0,218,4.8,110.0,454,5,5.0,4.8,2.5,4.5,4.5,0,1,0,0,1,0.14,91.6,2
77.3,2.8,6.6,1.4,11.9,300000,10,95000.0,471,10.0,228.0,197,4,4.5,4.0,4.5,2.0,5.0,0,0,0,1,0,0.317,79.9,2
77.3,2.8,6.6,1.4,11.9,300000,10,35000.0,204,15.5,0.0,385,5,4.3,3.5,3.5,4.2,4.3,1,0,0,0,0,0.117,73.3,1
77.3,2.8,6.6,1.4,11.9,300000,10,35000.0,245,7.5,171.0,420,5,4.3,3.5,4.0,3.0,4.5,0,0,1,0,0,0.117,71.9,1
77.3,2.8,6.6,1.4,11.9,300000,10,38000.0,300,7.5,170.0,380,5,4.3,3.5,4.7,2.8,4.5,0,0,0,0,0,0.127,71.9,1
77.3,2.8,6.6,1.4,11.9,300000,10,62000.0,300,8.0,183.0,150,2,4.0,3.0,4.8,2.5,4.8,0,0,0,1,0,0.207,64.1,1
77.3,2.8,6.6,1.4,11.9,300000,10,48000.0,258,7.5,171.0,281,2,4.0,3.2,4.5,2.8,4.8,0,0,0,1,0,0.16,66.4,1
77.3,2.8,6.6,1.4,11.9,300000,10,150000.0,585,11.3,258.0,350,2,4.3,3.2,5.0,1.5,5.0,0,0,0,1,0,0.5,70.1,1
77.3,2.8,6.6,1.4,11.9,300000,10,110000.0,449,9.0,206.0,550,5,5.0,5.0,3.5,2.5,5.0,0,0,0,0,1,0.367,100.0,2
77.3,2.8,6.6,1.4,11.9,300000,10,100000.0,400,8.5,194.0,540,5,5.0,5.0,3.5,2.5,5.0,0,0,0,0,1,0.333,100.0,2
77.3,2.8,6.6,1.4,11.9,300000,10,90000.0,340,8.0,183.0,505,5,5.0,5.0,3.2,2.8,5.0,0,0,0,0,1,0.3,100.0,2
77.3,2.8,6.6,1.4,11.9,300000,10,38000.0,245,8.0,183.0,330,5,4.5,4.0,4.0,3.0,4.3,0,0,0,0,1,0.127,78.1,2
77.3,2.8,6.6,1.4,11.9,300000,10,42000.0,245,8.5,194.0,542,5,4.8,4.2,3.5,3.0,4.5,0,0,1,0,0,0.14,87.8,2
77.3,2.8,6.6,1.4,11.9,300000,10,42000.0,408,15.5,0.0,405,5,4.8,4.0,4.0,4.2,4.5,1,0,0,0,1,0.14,86.4,2
14.7,9.5,52.8,13.2,9.9,25000,50,6500.0,73,6.4,149.0,510,5,3.0,2.5,1.5,4.8,2.0,0,0,0,0,1,0.26,56.5,1
14.7,9.5,52.8,13.2,9.9,25000,50,9800.0,91,6.0,137.0,528,5,3.4,3.0,1.5,4.7,2.8,0,0,0,0,1,0.392,65.8,1
14.7,9.5,52.8,13.2,9.9,25000,50,7200.0,73,6.2,144.0,328,5,3.2,2.5,1.8,4.6,2.5,0,0,0,0,0,0.288,55.8,1
14.7,9.5,52.8,13.2,9.9,25000,50,13500.0,91,6.1,139.0,328,5,3.4,3.0,2.0,4.5,3.2,0,0,0,0,0,0.54,68.6,1
14.7,9.5,52.8,13.2,9.9,25000,50,14000.0,115,5.7,150.0,445,5,3.0,3.0,2.0,4.2,2.8,0,0,1,0,0,0.56,61.6,1
14.7,9.5,52.8,13.2,9.9,25000,50,19500.0,130,6.8,155.0,445,5,3.5,3.2,2.2,4.0,3.5,0,0,1,0,0,0.78,76.8,2
14.7,9.5,52.8,13.2,9.9,25000,50,15800.0,110,6.4,146.0,708,7,3.2,3.2,1.5,4.3,3.0,0,0,0,0,0,0.632,68.5,1
14.7,9.5,52.8,13.2,9.9,25000,50,12000.0,65,14.5,0.0,290,4,2.8,2.2,1.2,4.9,2.5,1,0,0,0,0,0.48,55.3,1
14.7,9.5,52.8,13.2,9.9,25000,50,11500.0,100,5.8,132.0,391,5,4.2,3.5,2.5,4.3,3.5,0,0,0,0,0,0.46,80.2,2
14.7,9.5,52.8,13.2,9.9,25000,50,16000.0,140,4.3,98.0,391,5,4.2,3.8,2.8,4.7,3.8,0,1,0,0,0,0.64,83.9,2
14.7,9.5,52.8,13.2,9.9,25000,50,13000.0,115,4.8,128.0,384,5,4.0,3.5,2.8,4.2,3.3,0,0,0,0,0,0.52,77.2,2
14.7,9.5,52.8,13.2,9.9,25000,50,17500.0,130,6.4,147.0,422,5,4.0,3.5,2.2,4.0,3.5,0,0,1,0,0,0.7,80.2,2
14.7,9.5,52.8,13.2,9.9,25000,50,14500.0,100,5.9,136.0,309,5,4.2,3.5,2.5,4.2,4.0,0,0,0,0,0,0.58,76.7,2
14.7,9.5,52.8,13.2,9.9,25000,50,16500.0,100,5.8,132.0,309,5,4.2,3.5,2.5,4.2,4.2,0,0,0,0,0,0.66,80.5,2
14.7,9.5,52.8,13.2,9.9,25000,50,22000.0,130,6.1,139.0,412,5,4.3,3.8,3.0,4.0,4.3,0,0,0,0,0,0.88,86.4,2
14.7,9.5,52.8,13.2,9.9,25000,50,24000.0,130,5.2,138.0,520,5,4.3,4.0,2.5,4.2,4.0,0,0,1,0,0,0.96,82.3,2
14.7,9.5,52.8,13.2,9.9,25000,50,12000.0,83,5.8,132.0,300,5,3.5,3.2,1.5,4.5,3.0,0,0,0,0,0,0.48,66.2,1
14.7,9.5,52.8,13.2,9.9,25000,50,18000.0,110,6.2,142.0,410,5,3.5,3.3,1.8,4.2,3.2,0,0,1,0,0,0.72,70.6,1
14.7,9.5,52.8,13.2,9.9,25000,50,22000.0,130,6.0,137.0,380,5,4.0,4.0,2.2,4.0,3.8,0,0,0,0,0,0.88,80.1,2
14.7,9.5,52.8,13.2,9.9,25000,50,26000.0,130,5.5,144.0,580,5,4.2,4.2,2.0,4.0,3.5,0,0,1,0,0,1.04,84.1,2
14.7,9.5,52.8,13.2,9.9,25000,50,14000.0,100,5.8,132.0,309,5,4.0,3.3,2.5,4.3,3.3,0,0,0,0,0,0.56,72.4,1
14.7,9.5,52.8,13.2,9.9,25000,50,27000.0,136,15.2,0.0,267,5,4.0,3.3,2.8,4.5,3.5,1,0,0,0,0,1.08,76.1,2
14.7,9.5,52.8,13.2,9.9,25000,50,23000.0,130,6.1,139.0,422,5,4.2,3.8,3.0,4.0,4.0,0,0,0,0,0,0.92,82.5,2
14.7,9.5,52.8,13.2,9.9,25000,50,22000.0,130,6.5,148.0,350,5,4.0,3.5,2.5,3.8,4.0,0,0,1,0,0,0.88,80.1,2
14.7,9.5,52.8,13.2,9.9,25000,50,10500.0,100,5.9,136.0,292,5,3.8,3.0,3.0,4.3,3.2,0,0,0,0,0,0.42,73.2,1
14.7,9.5,52.8,13.2,9.9,25000,50,15000.0,125,6.0,137.0,375,5,4.2,3.5,3.3,4.0,3.5,0,0,0,0,0,0.6,79.3,2
14.7,9.5,52.8,13.2,9.9,25000,50,20000.0,120,4.7,123.0,575,5,4.2,3.8,2.8,4.5,3.3,0,0,0,0,0,0.8,83.1,2
14.7,9.5,52.8,13.2,9.9,25000,50,22000.0,125,5.4,124.0,456,5,4.3,3.5,2.8,4.3,4.0,0,1,1,0,0,0.88,84.9,2
14.7,9.5,52.8,13.2,9.9,25000,50,25000.0,190,1.4,32.0,475,5,4.3,3.8,2.8,4.5,3.5,0,1,1,0,0,1.0,84.7,2
14.7,9.5,52.8,13.2,9.9,25000,50,13000.0,95,5.7,130.0,351,5,4.2,3.5,2.5,4.3,3.5,0,0,0,0,0,0.52,80.0,2
14.7,9.5,52.8,13.2,9.9,25000,50,18000.0,110,5.6,128.0,351,5,4.3,3.5,2.8,4.3,3.7,0,0,0,0,0,0.72,87.9,2
14.7,9.5,52.8,13.2,9.9,25000,50,18500.0,130,6.0,137.0,381,5,4.5,4.0,3.5,4.0,4.0,0,0,0,0,0,0.74,93.6,2
14.7,9.5,52.8,13.2,9.9,25000,50,20000.0,150,5.0,132.0,650,5,4.5,4.3,3.0,4.3,3.8,0,0,0,0,0,0.8,93.4,2
14.7,9.5,52.8,13.2,9.9,25000,50,14500.0,110,5.5,126.0,380,5,4.0,3.3,2.5,4.5,3.2,0,0,0,0,0,0.58,75.3,2
14.7,9.5,52.8,13.2,9.9,25000,50,18000.0,150,4.8,126.0,640,5,4.5,4.0,3.0,4.5,3.5,0,0,0,0,0,0.72,91.1,2
14.7,9.5,52.8,13.2,9.9,25000,50,25000.0,150,6.2,141.0,640,5,4.5,4.2,3.0,4.2,3.8,0,0,0,0,0,1.0,89.9,2
14.7,9.5,52.8,13.2,9.9,25000,50,20000.0,110,6.0,137.0,400,5,4.2,3.5,2.2,4.2,3.5,0,0,1,0,0,0.8,81.2,2
14.7,9.5,52.8,13.2,9.9,25000,50,13500.0,110,5.6,128.0,355,5,4.0,3.2,2.8,4.3,3.5,0,0,0,0,0,0.54,75.6,2
14.7,9.5,52.8,13.2,9.9,25000,50,20000.0,150,6.0,137.0,380,5,4.3,3.5,3.5,4.0,4.0,0,0,0,0,0,0.8,86.5,2
14.7,9.5,52.8,13.2,9.9,25000,50,25000.0,150,5.6,147.0,510,5,4.3,3.8,2.8,4.2,3.5,0,0,1,0,0,1.0,79.9,2
14.7,9.5,52.8,13.2,9.9,25000,50,15000.0,116,3.8,87.0,286,5,4.5,3.3,2.2,4.8,3.2,0,1,0,0,0,0.6,90.7,2
14.7,9.5,52.8,13.2,9.9,25000,50,22000.0,116,4.4,101.0,320,5,4.5,3.5,2.0,4.7,3.5,0,1,1,0,0,0.88,93.6,2
14.7,9.5,52.8,13.2,9.9,25000,50,22000.0,140,4.5,103.0,361,5,4.5,3.8,3.0,4.7,3.8,0,1,0,0,0,0.88,92.1,2
14.7,9.5,52.8,13.2,9.9,25000,50,27000.0,131,5.4,122.0,319,5,4.3,3.5,2.2,4.5,3.5,0,1,1,0,0,1.08,76.4,2
14.7,9.5,52.8,13.2,9.9,25000,50,13000.0,100,5.8,132.0,351,5,4.0,3.2,2.5,4.3,3.5,0,0,0,0,0,0.52,73.5,1
14.7,9.5,52.8,13.2,9.9,25000,50,19000.0,160,6.5,148.0,395,5,4.3,3.5,3.0,4.0,3.5,0,0,0,0,0,0.76,84.5,2
14.7,9.5,52.8,13.2,9.9,25000,50,24000.0,120,6.2,141.0,466,5,4.3,3.5,2.2,4.0,3.8,0,0,1,0,0,0.96,79.9,2
14.7,9.5,52.8,13.2,9.9,25000,50,10500.0,67,4.8,109.0,255,5,3.2,2.5,1.5,4.8,2.8,0,0,0,0,0,0.42,60.2,1
14.7,9.5,52.8,13.2,9.9,25000,50,19000.0,160,6.5,148.0,395,5,4.2,3.5,3.0,4.0,3.5,0,0,0,0,0,0.76,79.8,2
14.7,9.5,52.8,13.2,9.9,25000,50,22000.0,150,6.5,148.0,358,5,4.3,3.8,3.5,3.8,4.5,0,0,0,0,0,0.88,86.9,2
14.7,9.5,52.8,13.2,9.9,25000,50,24000.0,150,6.5,148.0,430,5,4.3,3.8,3.0,3.8,4.3,0,0,1,0,0,0.96,83.9,2
14.7,9.5,52.8,13.2,9.9,25000,50,10000.0,100,5.4,123.0,300,5,3.8,2.8,2.0,4.5,3.0,0,0,0,0,0,0.4,69.5,1
14.7,9.5,52.8,13.2,9.9,25000,50,27000.0,158,6.5,148.0,504,5,4.3,3.8,2.5,3.8,3.8,0,0,1,0,0,1.08,80.2,2
14.7,9.5,52.8,13.2,9.9,25000,50,22000.0,136,6.5,148.0,380,5,4.3,3.5,3.5,3.5,4.0,0,0,0,0,0,0.88,81.7,2
14.7,9.5,52.8,13.2,9.9,25000,50,24000.0,163,6.5,148.0,370,5,4.3,3.8,3.0,3.5,4.2,0,0,0,0,0,0.96,78.0,2
14.7,9.5,52.8,13.2,9.9,25000,50,18000.0,116,5.8,132.0,335,5,4.0,3.2,2.5,4.0,4.0,0,0,0,0,0,0.72,81.1,2
14.7,9.5,52.8,13.2,9.9,25000,50,12000.0,69,5.2,119.0,185,4,3.5,2.5,1.5,4.5,4.0,0,0,0,0,0,0.48,66.3,1
14.7,9.5,52.8,13.2,9.9,25000,50,14000.0,100,6.2,141.0,520,5,3.5,3.0,2.0,4.2,2.8,0,0,0,0,1,0.56,68.6,1
14.7,9.5,52.8,13.2,9.9,25000,50,25000.0,118,13.0,0.0,185,4,3.8,2.8,2.5,4.5,4.5,1,0,0,0,0,1.0,76.9,2
14.7,9.5,52.8,13.2,9.9,25000,50,25000.0,136,5.8,132.0,211,4,4.0,3.3,3.5,3.5,4.5,0,0,0,0,0,1.0,78.7,2
14.7,9.5,52.8,13.2,9.9,25000,50,24000.0,150,7.0,160.0,345,5,4.5,3.5,3.5,3.5,3.2,0,0,0,0,0,0.96,84.2,2
14.7,9.5,52.8,13.2,9.9,25000,50,12000.0,83,5.2,119.0,265,5,3.5,2.8,2.5,4.8,3.0,0,0,0,0,0,0.48,69.4,1
14.7,9.5,52.8,13.2,9.9,25000,50,20000.0,129,6.5,148.0,375,5,3.8,3.2,2.5,4.0,3.2,0,0,1,0,0,0.8,76.1,2
14.7,9.5,52.8,13.2,9.9,25000,50,20000.0,150,6.5,148.0,393,5,3.8,3.3,2.2,3.8,3.2,0,0,1,0,0,0.8,73.6,1
14.7,9.5,52.8,13.2,9.9,25000,50,22000.0,130,7.0,160.0,351,5,3.5,3.0,2.5,3.5,3.5,0,0,1,0,0,0.88,72.3,1
11.2,2.2,23.3,1.1,62.2,25000,30,6500.0,73,6.4,149.0,510,5,3.0,2.5,1.5,4.8,2.0,0,0,0,0,1,0.26,41.3,0
11.2,2.2,23.3,1.1,62.2,25000,30,9800.0,91,6.0,137.0,528,5,3.4,3.0,1.5,4.7,2.8,0,0,0,0,1,0.392,60.1,1
11.2,2.2,23.3,1.1,62.2,25000,30,7200.0,73,6.2,144.0,328,5,3.2,2.5,1.8,4.6,2.5,0,0,0,0,0,0.288,52.2,0
11.2,2.2,23.3,1.1,62.2,25000,30,13500.0,91,6.1,139.0,328,5,3.4,3.0,2.0,4.5,3.2,0,0,0,0,0,0.54,63.5,1
11.2,2.2,23.3,1.1,62.2,25000,30,14000.0,115,5.7,150.0,445,5,3.0,3.0,2.0,4.2,2.8,0,0,1,0,0,0.56,56.1,1
11.2,2.2,23.3,1.1,62.2,25000,30,19500.0,130,6.8,155.0,445,5,3.5,3.2,2.2,4.0,3.5,0,0,1,0,0,0.78,69.4,1
11.2,2.2,23.3,1.1,62.2,25000,30,15800.0,110,6.4,146.0,708,7,3.2,3.2,1.5,4.3,3.0,0,0,0,0,0,0.632,66.9,1
11.2,2.2,23.3,1.1,62.2,25000,30,12000.0,65,14.5,0.0,290,4,2.8,2.2,1.2,4.9,2.5,1,0,0,0,0,0.48,49.7,0
11.2,2.2,23.3,1.1,62.2,25000,30,11500.0,100,5.8,132.0,391,5,4.2,3.5,2.5,4.3,3.5,0,0,0,0,0,0.46,72.6,1
11.2,2.2,23.3,1.1,62.2,25000,30,16000.0,140,4.3,98.0,391,5,4.2,3.8,2.8,4.7,3.8,0,1,0,0,0,0.64,81.2,2
11.2,2.2,23.3,1.1,62.2,25000,30,13000.0,115,4.8,128.0,384,5,4.0,3.5,2.8,4.2,3.3,0,0,0,0,0,0.52,70.3,1
11.2,2.2,23.3,1.1,62.2,25000,30,17500.0,130,6.4,147.0,422,5,4.0,3.5,2.2,4.0,3.5,0,0,1,0,0,0.7,76.4,2
11.2,2.2,23.3,1.1,62.2,25000,30,14500.0,100,5.9,136.0,309,5,4.2,3.5,2.5,4.2,4.0,0,0,0,0,0,0.58,78.4,2
11.2,2.2,23.3,1.1,62.2,25000,30,16500.0,100,5.8,132.0,309,5,4.2,3.5,2.5,4.2,4.2,0,0,0,0,0,0.66,82.4,2
11.2,2.2,23.3,1.1,62.2,25000,30,22000.0,130,6.1,139.0,412,5,4.3,3.8,3.0,4.0,4.3,0,0,0,0,0,0.88,84.6,2
11.2,2.2,23.3,1.1,62.2,25000,30,24000.0,130,5.2,138.0,520,5,4.3,4.0,2.5,4.2,4.0,0,0,1,0,0,0.96,79.6,2
11.2,2.2,23.3,1.1,62.2,25000,30,12000.0,83,5.8,132.0,300,5,3.5,3.2,1.5,4.5,3.0,0,0,0,0,0,0.48,60.5,1
11.2,2.2,23.3,1.1,62.2,25000,30,18000.0,110,6.2,142.0,410,5,3.5,3.3,1.8,4.2,3.2,0,0,1,0,0,0.72,67.6,1
11.2,2.2,23.3,1.1,62.2,25000,30,22000.0,130,6.0,137.0,380,5,4.0,4.0,2.2,4.0,3.8,0,0,0,0,0,0.88,82.3,2
11.2,2.2,23.3,1.1,62.2,25000,30,26000.0,130,5.5,144.0,580,5,4.2,4.2,2.0,4.0,3.5,0,0,1,0,0,1.04,73.5,1
11.2,2.2,23.3,1.1,62.2,25000,30,14000.0,100,5.8,132.0,309,5,4.0,3.3,2.5,4.3,3.3,0,0,0,0,0,0.56,68.4,1
11.2,2.2,23.3,1.1,62.2,25000,30,27000.0,136,15.2,0.0,267,5,4.0,3.3,2.8,4.5,3.5,1,0,0,0,0,1.08,71.8,1
11.2,2.2,23.3,1.1,62.2,25000,30,23000.0,130,6.1,139.0,422,5,4.2,3.8,3.0,4.0,4.0,0,0,0,0,0,0.92,79.2,2
11.2,2.2,23.3,1.1,62.2,25000,30,22000.0,130,6.5,148.0,350,5,4.0,3.5,2.5,3.8,4.0,0,0,1,0,0,0.88,81.0,2
11.2,2.2,23.3,1.1,62.2,25000,30,10500.0,100,5.9,136.0,292,5,3.8,3.0,3.0,4.3,3.2,0,0,0,0,0,0.42,67.6,1
11.2,2.2,23.3,1.1,62.2,25000,30,15000.0,125,6.0,137.0,375,5,4.2,3.5,3.3,4.0,3.5,0,0,0,0,0,0.6,78.1,2
11.2,2.2,23.3,1.1,62.2,25000,30,20000.0,120,4.7,123.0,575,5,4.2,3.8,2.8,4.5,3.3,0,0,0,0,0,0.8,76.4,2
11.2,2.2,23.3,1.1,62.2,25000,30,22000.0,125,5.4,124.0,456,5,4.3,3.5,2.8,4.3,4.0,0,1,1,0,0,0.88,86.9,2
11.2,2.2,23.3,1.1,62.2,25000,30,25000.0,190,1.4,32.0,475,5,4.3,3.8,2.8,4.5,3.5,0,1,1,0,0,1.0,75.5,2
11.2,2.2,23.3,1.1,62.2,25000,30,13000.0,95,5.7,130.0,351,5,4.2,3.5,2.5,4.3,3.5,0,0,0,0,0,0.52,77.5,2
11.2,2.2,23.3,1.1,62.2,25000,30,18000.0,110,5.6,128.0,351,5,4.3,3.5,2.8,4.3,3.7,0,0,0,0,0,0.72,77.5,2
11.2,2.2,23.3,1.1,62.2,25000,30,18500.0,130,6.0,137.0,381,5,4.5,4.0,3.5,4.0,4.0,0,0,0,0,0,0.74,89.3,2
11.2,2.2,23.3,1.1,62.2,25000,30,20000.0,150,5.0,132.0,650,5,4.5,4.3,3.0,4.3,3.8,0,0,0,0,0,0.8,82.4,2
11.2,2.2,23.3,1.1,62.2,25000,30,14500.0,110,5.5,126.0,380,5,4.0,3.3,2.5,4.5,3.2,0,0,0,0,0,0.58,67.4,1
11.2,2.2,23.3,1.1,62.2,25000,30,18000.0,150,4.8,126.0,640,5,4.5,4.0,3.0,4.5,3.5,0,0,0,0,0,0.72,78.5,2
11.2,2.2,23.3,1.1,62.2,25000,30,25000.0,150,6.2,141.0,640,5,4.5,4.2,3.0,4.2,3.8,0,0,0,0,0,1.0,79.5,2
11.2,2.2,23.3,1.1,62.2,25000,30,20000.0,110,6.0,137.0,400,5,4.2,3.5,2.2,4.2,3.5,0,0,1,0,0,0.8,76.0,2
11.2,2.2,23.3,1.1,62.2,25000,30,13500.0,110,5.6,128.0,355,5,4.0,3.2,2.8,4.3,3.5,0,0,0,0,0,0.54,70.4,1
11.2,2.2,23.3,1.1,62.2,25000,30,20000.0,150,6.0,137.0,380,5,4.3,3.5,3.5,4.0,4.0,0,0,0,0,0,0.8,84.7,2
11.2,2.2,23.3,1.1,62.2,25000,30,25000.0,150,5.6,147.0,510,5,4.3,3.8,2.8,4.2,3.5,0,0,1,0,0,1.0,73.1,1
11.2,2.2,23.3,1.1,62.2,25000,30,15000.0,116,3.8,87.0,286,5,4.5,3.3,2.2,4.8,3.2,0,1,0,0,0,0.6,74.5,1
11.2,2.2,23.3,1.1,62.2,25000,30,22000.0,116,4.4,101.0,320,5,4.5,3.5,2.0,4.7,3.5,0,1,1,0,0,0.88,80.3,2
11.2,2.2,23.3,1.1,62.2,25000,30,22000.0,140,4.5,103.0,361,5,4.5,3.8,3.0,4.7,3.8,0,1,0,0,0,0.88,81.4,2
11.2,2.2,23.3,1.1,62.2,25000,30,27000.0,131,5.4,122.0,319,5,4.3,3.5,2.2,4.5,3.5,0,1,1,0,0,1.08,75.0,2
11.2,2.2,23.3,1.1,62.2,25000,30,13000.0,100,5.8,132.0,351,5,4.0,3.2,2.5,4.3,3.5,0,0,0,0,0,0.52,72.5,1
11.2,2.2,23.3,1.1,62.2,25000,30,19000.0,160,6.5,148.0,395,5,4.3,3.5,3.0,4.0,3.5,0,0,0,0,0,0.76,81.1,2
11.2,2.2,23.3,1.1,62.2,25000,30,24000.0,120,6.2,141.0,466,5,4.3,3.5,2.2,4.0,3.8,0,0,1,0,0,0.96,76.0,2
11.2,2.2,23.3,1.1,62.2,25000,30,10500.0,67,4.8,109.0,255,5,3.2,2.5,1.5,4.8,2.8,0,0,0,0,0,0.42,58.7,1
11.2,2.2,23.3,1.1,62.2,25000,30,19000.0,160,6.5,148.0,395,5,4.2,3.5,3.0,4.0,3.5,0,0,0,0,0,0.76,72.9,1
11.2,2.2,23.3,1.1,62.2,25000,30,22000.0,150,6.5,148.0,358,5,4.3,3.8,3.5,3.8,4.5,0,0,0,0,0,0.88,93.9,2
11.2,2.2,23.3,1.1,62.2,25000,30,24000.0,150,6.5,148.0,430,5,4.3,3.8,3.0,3.8,4.3,0,0,1,0,0,0.96,84.9,2
11.2,2.2,23.3,1.1,62.2,25000,30,10000.0,100,5.4,123.0,300,5,3.8,2.8,2.0,4.5,3.0,0,0,0,0,0,0.4,66.0,1
11.2,2.2,23.3,1.1,62.2,25000,30,27000.0,158,6.5,148.0,504,5,4.3,3.8,2.5,3.8,3.8,0,0,1,0,0,1.08,75.3,2
11.2,2.2,23.3,1.1,62.2,25000,30,22000.0,136,6.5,148.0,380,5,4.3,3.5,3.5,3.5,4.0,0,0,0,0,0,0.88,84.5,2
11.2,2.2,23.3,1.1,62.2,25000,30,24000.0,163,6.5,148.0,370,5,4.3,3.8,3.0,3.5,4.2,0,0,0,0,0,0.96,82.8,2
11.2,2.2,23.3,1.1,62.2,25000,30,18000.0,116,5.8,132.0,335,5,4.0,3.2,2.5,4.0,4.0,0,0,0,0,0,0.72,77.5,2
11.2,2.2,23.3,1.1,62.2,25000,30,12000.0,69,5.2,119.0,185,4,3.5,2.5,1.5,4.5,4.0,0,0,0,0,0,0.48,73.7,1
11.2,2.2,23.3,1.1,62.2,25000,30,14000.0,100,6.2,141.0,520,5,3.5,3.0,2.0,4.2,2.8,0,0,0,0,1,0.56,63.1,1
11.2,2.2,23.3,1.1,62.2,25000,30,25000.0,118,13.0,0.0,185,4,3.8,2.8,2.5,4.5,4.5,1,0,0,0,0,1.0,84.8,2
11.2,2.2,23.3,1.1,62.2,25000,30,25000.0,136,5.8,132.0,211,4,4.0,3.3,3.5,3.5,4.5,0,0,0,0,0,1.0,89.1,2
11.2,2.2,23.3,1.1,62.2,25000,30,24000.0,150,7.0,160.0,345,5,4.5,3.5,3.5,3.5,3.2,0,0,0,0,0,0.96,69.0,1
11.2,2.2,23.3,1.1,62.2,25000,30,12000.0,83,5.2,119.0,265,5,3.5,2.8,2.5,4.8,3.0,0,0,0,0,0,0.48,61.1,1
11.2,2.2,23.3,1.1,62.2,25000,30,20000.0,129,6.5,148.0,375,5,3.8,3.2,2.5,4.0,3.2,0,0,1,0,0,0.8,72.5,1
11.2,2.2,23.3,1.1,62.2,25000,30,20000.0,150,6.5,148.0,393,5,3.8,3.3,2.2,3.8,3.2,0,0,1,0,0,0.8,69.2,1
11.2,2.2,23.3,1.1,62.2,25000,30,22000.0,130,7.0,160.0,351,5,3.5,3.0,2.5,3.5,3.5,0,0,1,0,0,0.88,74.2,1
32.0,4.8,0.1,36.5,26.5,60000,80,6500.0,73,6.4,149.0,510,5,3.0,2.5,1.5,4.8,2.0,0,0,0,0,1,0.108,68.4,1
32.0,4.8,0.1,36.5,26.5,60000,80,9800.0,91,6.0,137.0,528,5,3.4,3.0,1.5,4.7,2.8,0,0,0,0,1,0.163,74.3,1
32.0,4.8,0.1,36.5,26.5,60000,80,7200.0,73,6.2,144.0,328,5,3.2,2.5,1.8,4.6,2.5,0,0,0,0,0,0.12,60.3,1
32.0,4.8,0.1,36.5,26.5,60000,80,13500.0,91,6.1,139.0,328,5,3.4,3.0,2.0,4.5,3.2,0,0,0,0,0,0.225,67.6,1
32.0,4.8,0.1,36.5,26.5,60000,80,14000.0,115,5.7,150.0,445,5,3.0,3.0,2.0,4.2,2.8,0,0,1,0,0,0.233,62.2,1
32.0,4.8,0.1,36.5,26.5,60000,80,19500.0,130,6.8,155.0,445,5,3.5,3.2,2.2,4.0,3.5,0,0,1,0,0,0.325,74.2,1
32.0,4.8,0.1,36.5,26.5,60000,80,15800.0,110,6.4,146.0,708,7,3.2,3.2,1.5,4.3,3.0,0,0,0,0,0,0.263,71.8,1
32.0,4.8,0.1,36.5,26.5,60000,80,12000.0,65,14.5,0.0,290,4,2.8,2.2,1.2,4.9,2.5,1,0,0,0,0,0.2,65.9,1
32.0,4.8,0.1,36.5,26.5,60000,80,11500.0,100,5.8,132.0,391,5,4.2,3.5,2.5,4.3,3.5,0,0,0,0,0,0.192,72.2,1
32.0,4.8,0.1,36.5,26.5,60000,80,16000.0,140,4.3,98.0,391,5,4.2,3.8,2.8,4.7,3.8,0,1,0,0,0,0.267,86.2,2
32.0,4.8,0.1,36.5,26.5,60000,80,13000.0,115,4.8,128.0,384,5,4.0,3.5,2.8,4.2,3.3,0,0,0,0,0,0.217,72.1,1
32.0,4.8,0.1,36.5,26.5,60000,80,35000.0,220,16.1,0.0,440,5,4.5,4.0,3.2,4.5,4.2,1,0,0,0,0,0.583,84.0,2
32.0,4.8,0.1,36.5,26.5,60000,80,17500.0,130,6.4,147.0,422,5,4.0,3.5,2.2,4.0,3.5,0,0,1,0,0,0.292,66.2,1
32.0,4.8,0.1,36.5,26.5,60000,80,28000.0,200,4.6,105.0,500,5,4.3,4.0,3.0,4.3,3.8,0,1,1,0,0,0.467,89.0,2
32.0,4.8,0.1,36.5,26.5,60000,80,14500.0,100,5.9,136.0,309,5,4.2,3.5,2.5,4.2,4.0,0,0,0,0,0,0.242,78.3,2
32.0,4.8,0.1,36.5,26.5,60000,80,16500.0,100,5.8,132.0,309,5,4.2,3.5,2.5,4.2,4.2,0,0,0,0,0,0.275,72.2,1
32.0,4.8,0.1,36.5,26.5,60000,80,28000.0,136,15.2,0.0,265,5,4.2,3.5,3.0,4.5,4.2,1,0,0,0,0,0.467,78.2,2
32.0,4.8,0.1,36.5,26.5,60000,80,22000.0,130,6.1,139.0,412,5,4.3,3.8,3.0,4.0,4.3,0,0,0,0,0,0.367,81.2,2
32.0,4.8,0.1,36.5,26.5,60000,80,24000.0,130,5.2,138.0,520,5,4.3,4.0,2.5,4.2,4.0,0,0,1,0,0,0.4,95.7,2
32.0,4.8,0.1,36.5,26.5,60000,80,35000.0,225,1.4,32.0,520,5,4.5,4.2,3.0,4.5,4.5,0,1,1,0,0,0.583,100.0,2
32.0,4.8,0.1,36.5,26.5,60000,80,30000.0,130,5.5,144.0,780,7,4.2,4.0,2.0,4.0,3.8,0,0,1,0,0,0.5,83.5,2
32.0,4.8,0.1,36.5,26.5,60000,80,12000.0,83,5.8,132.0,300,5,3.5,3.2,1.5,4.5,3.0,0,0,0,0,0,0.2,67.1,1
32.0,4.8,0.1,36.5,26.5,60000,80,18000.0,110,6.2,142.0,410,5,3.5,3.3,1.8,4.2,3.2,0,0,1,0,0,0.3,68.9,1
32.0,4.8,0.1,36.5,26.5,60000,80,22000.0,130,6.0,137.0,380,5,4.0,4.0,2.2,4.0,3.8,0,0,0,0,0,0.367,74.2,1
32.0,4.8,0.1,36.5,26.5,60000,80,26000.0,130,5.5,144.0,580,5,4.2,4.2,2.0,4.0,3.5,0,0,1,0,0,0.433,82.0,2
32.0,4.8,0.1,36.5,26.5,60000,80,14000.0,100,5.8,132.0,309,5,4.0,3.3,2.5,4.3,3.3,0,0,0,0,0,0.233,68.5,1
32.0,4.8,0.1,36.5,26.5,60000,80,27000.0,136,15.2,0.0,267,5,4.0,3.3,2.8,4.5,3.5,1,0,0,0,0,0.45,78.1,2
32.0,4.8,0.1,36.5,26.5,60000,80,23000.0,130,6.1,139.0,422,5,4.2,3.8,3.0,4.0,4.0,0,0,0,0,0,0.383,79.3,2
32.0,4.8,0.1,36.5,26.5,60000,80,22000.0,130,6.5,148.0,350,5,4.0,3.5,2.5,3.8,4.0,0,0,1,0,0,0.367,74.7,1
32.0,4.8,0.1,36.5,26.5,60000,80,10500.0,100,5.9,136.0,292,5,3.8,3.0,3.0,4.3,3.2,0,0,0,0,0,0.175,69.2,1
32.0,4.8,0.1,36.5,26.5,60000,80,15000.0,125,6.0,137.0,375,5,4.2,3.5,3.3,4.0,3.5,0,0,0,0,0,0.25,69.3,1
32.0,4.8,0.1,36.5,26.5,60000,80,20000.0,120,4.7,123.0,575,5,4.2,3.8,2.8,4.5,3.3,0,0,0,0,0,0.333,90.5,2
32.0,4.8,0.1,36.5,26.5,60000,80,22000.0,125,5.4,124.0,456,5,4.3,3.5,2.8,4.3,4.0,0,1,1,0,0,0.367,87.9,2
32.0,4.8,0.1,36.5,26.5,60000,80,25000.0,190,1.4,32.0,475,5,4.3,3.8,2.8,4.5,3.5,0,1,1,0,0,0.417,87.6,2
32.0,4.8,0.1,36.5,26.5,60000,80,48000.0,269,18.1,0.0,402,5,4.5,4.0,4.0,4.0,4.5,1,0,1,0,0,0.8,90.7,2
32.0,4.8,0.1,36.5,26.5,60000,80,13000.0,95,5.7,130.0,351,5,4.2,3.5,2.5,4.3,3.5,0,0,0,0,0,0.217,71.2,1
32.0,4.8,0.1,36.5,26.5,60000,80,18000.0,110,5.6,128.0,351,5,4.3,3.5,2.8,4.3,3.7,0,0,0,0,0,0.3,76.4,2
32.0,4.8,0.1,36.5,26.5,60000,80,18500.0,130,6.0,137.0,381,5,4.5,4.0,3.5,4.0,4.0,0,0,0,0,0,0.308,81.0,2
32.0,4.8,0.1,36.5,26.5,60000,80,28000.0,150,5.8,132.0,381,5,4.5,4.2,3.5,4.0,4.2,0,0,0,0,0,0.467,81.6,2
32.0,4.8,0.1,36.5,26.5,60000,80,38000.0,245,7.4,168.0,381,5,4.5,3.8,4.5,3.2,4.5,0,0,0,0,0,0.633,78.2,2
32.0,4.8,0.1,36.5,26.5,60000,80,48000.0,320,8.0,183.0,381,5,4.5,3.8,4.8,2.8,4.5,0,0,0,0,0,0.8,74.1,1
32.0,4.8,0.1,36.5,26.5,60000,80,28000.0,150,5.5,144.0,615,5,4.5,4.2,2.5,4.0,3.8,0,0,1,0,0,0.467,85.9,2
32.0,4.8,0.1,36.5,26.5,60000,80,38000.0,150,7.0,160.0,615,5,4.5,4.3,2.8,3.8,4.2,0,0,1,0,0,0.633,90.0,2
32.0,4.8,0.1,36.5,26.5,60000,80,20000.0,150,5.0,132.0,650,5,4.5,4.3,3.0,4.3,3.8,0,0,0,0,0,0.333,90.7,2
32.0,4.8,0.1,36.5,26.5,60000,80,40000.0,272,7.2,164.0,690,5,4.8,4.5,3.5,3.5,4.2,0,0,0,0,0,0.667,90.7,2
32.0,4.8,0.1,36.5,26.5,60000,80,35000.0,200,5.5,144.0,563,5,4.5,4.5,3.5,4.0,4.8,0,0,0,0,1,0.583,90.5,2
32.0,4.8,0.1,36.5,26.5,60000,80,32000.0,204,15.8,0.0,385,5,4.3,3.8,3.0,4.5,3.8,1,0,0,0,0,0.533,85.3,2
32.0,4.8,0.1,36.5,26.5,60000,80,38000.0,204,17.0,0.0,543,5,4.5,4.0,2.8,4.3,4.0,1,0,1,0,0,0.633,94.3,2
32.0,4.8,0.1,36.5,26.5,60000,80,14500.0,110,5.5,126.0,380,5,4.0,3.3,2.5,4.5,3.2,0,0,0,0,0,0.242,71.2,1
32.0,4.8,0.1,36.5,26.5,60000,80,18000.0,150,4.8,126.0,640,5,4.5,4.0,3.0,4.5,3.5,0,0,0,0,0,0.3,90.2,2
32.0,4.8,0.1,36.5,26.5,60000,80,25000.0,150,6.2,141.0,640,5,4.5,4.2,3.0,4.2,3.8,0,0,0,0,0,0.417,87.8,2
32.0,4.8,0.1,36.5,26.5,60000,80,35000.0,245,7.1,161.0,640,5,4.5,3.8,4.3,3.2,4.2,0,0,0,0,0,0.583,82.3,2
32.0,4.8,0.1,36.5,26.5,60000,80,30000.0,150,5.0,132.0,660,5,4.5,4.5,2.8,4.3,4.0,0,0,0,0,0,0.5,96.4,2
32.0,4.8,0.1,36.5,26.5,60000,80,32000.0,150,5.8,152.0,720,7,4.5,4.2,2.2,4.0,3.5,0,0,1,0,0,0.533,81.5,2
32.0,4.8,0.1,36.5,26.5,60000,80,20000.0,110,6.0,137.0,400,5,4.2,3.5,2.2,4.2,3.5,0,0,1,0,0,0.333,76.3,2
32.0,4.8,0.1,36.5,26.5,60000,80,13500.0,110,5.6,128.0,355,5,4.0,3.2,2.8,4.3,3.5,0,0,0,0,0,0.225,72.5,1
32.0,4.8,0.1,36.5,26.5,60000,80,20000.0,150,6.0,137.0,380,5,4.3,3.5,3.5,4.0,4.0,0,0,0,0,0,0.333,80.6,2
32.0,4.8,0.1,36.5,26.5,60000,80,35000.0,300,7.5,170.0,380,5,4.3,3.5,4.7,3.0,4.3,0,0,0,0,0,0.583,71.3,1
32.0,4.8,0.1,36.5,26.5,60000,80,25000.0,150,5.6,147.0,510,5,4.3,3.8,2.8,4.2,3.5,0,0,1,0,0,0.417,84.0,2
32.0,4.8,0.1,36.5,26.5,60000,80,15000.0,116,3.8,87.0,286,5,4.5,3.3,2.2,4.8,3.2,0,1,0,0,0,0.25,82.6,2
32.0,4.8,0.1,36.5,26.5,60000,80,22000.0,116,4.4,101.0,320,5,4.5,3.5,2.0,4.7,3.5,0,1,1,0,0,0.367,85.6,2
32.0,4.8,0.1,36.5,26.5,60000,80,22000.0,140,4.5,103.0,361,5,4.5,3.8,3.0,4.7,3.8,0,1,0,0,0,0.367,93.3,2
32.0,4.8,0.1,36.5,26.5,60000,80,30000.0,197,5.0,114.0,433,5,4.8,4.0,2.5,4.5,3.8,0,1,1,0,0,0.5,89.0,2
32.0,4.8,0.1,36.5,26.5,60000,80,32000.0,222,5.6,128.0,580,5,4.8,4.0,2.5,4.3,3.5,0,1,1,0,0,0.533,88.7,2
32.0,4.8,0.1,36.5,26.5,60000,80,35000.0,218,4.9,112.0,493,5,4.8,4.5,2.8,4.5,3.8,0,1,0,0,1,0.583,95.2,2
32.0,4.8,0.1,36.5,26.5,60000,80,28000.0,200,4.8,110.0,310,5,4.5,3.5,3.0,4.5,4.2,0,1,1,0,0,0.467,90.6,2
32.0,4.8,0.1,36.5,26.5,60000,80,55000.0,340,8.5,194.0,290,2,4.0,3.0,4.8,2.5,4.8,0,0,0,1,0,0.917,72.7,1
32.0,4.8,0.1,36.5,26.5,60000,80,28000.0,182,6.5,148.0,404,5,4.5,3.8,3.5,3.8,4.0,0,0,0,0,0,0.467,76.1,2
32.0,4.8,0.1,36.5,26.5,60000,80,27000.0,131,5.4,122.0,319,5,4.3,3.5,2.2,4.5,3.5,0,1,1,0,0,0.45,85.4,2
32.0,4.8,0.1,36.5,26.5,60000,80,38000.0,184,6.0,137.0,587,5,4.5,4.0,2.5,4.2,3.5,0,1,1,0,0,0.633,92.0,2
32.0,4.8,0.1,36.5,26.5,60000,80,35000.0,184,6.2,141.0,380,5,4.5,3.8,3.0,4.0,4.0,0,1,1,0,0,0.583,84.2,2
32.0,4.8,0.1,36.5,26.5,60000,80,13000.0,100,5.8,132.0,351,5,4.0,3.2,2.5,4.3,3.5,0,0,0,0,0,0.217,72.5,1
32.0,4.8,0.1,36.5,26.5,60000,80,19000.0,160,6.5,148.0,395,5,4.3,3.5,3.0,4.0,3.5,0,0,0,0,0,0.317,73.3,1
32.0,4.8,0.1,36.5,26.5,60000,80,35000.0,280,8.0,183.0,395,5,4.0,3.2,4.7,2.8,4.0,0,0,0,0,0,0.583,67.3,1
32.0,4.8,0.1,36.5,26.5,60000,80,28000.0,230,5.5,126.0,546,5,4.5,4.0,2.8,4.3,4.2,0,1,1,0,0,0.467,94.8,2
32.0,4.8,0.1,36.5,26.5,60000,80,24000.0,120,6.2,141.0,466,5,4.3,3.5,2.2,4.0,3.8,0,0,1,0,0,0.4,74.3,1
32.0,4.8,0.1,36.5,26.5,60000,80,35000.0,204,14.7,0.0,466,5,4.3,3.5,3.0,4.5,3.8,1,0,1,0,0,0.583,83.2,2
32.0,4.8,0.1,36.5,26.5,60000,80,42000.0,325,16.8,0.0,527,5,4.8,4.3,3.5,4.3,4.8,1,0,1,0,0,0.7,100.0,2
32.0,4.8,0.1,36.5,26.5,60000,80,45000.0,325,14.3,0.0,401,5,4.8,4.3,3.5,4.5,4.8,1,0,0,0,1,0.75,96.9,2
32.0,4.8,0.1,36.5,26.5,60000,80,10500.0,67,4.8,109.0,255,5,3.2,2.5,1.5,4.8,2.8,0,0,0,0,0,0.175,68.2,1
32.0,4.8,0.1,36.5,26.5,60000,80,19000.0,160,6.5,148.0,395,5,4.2,3.5,3.0,4.0,3.5,0,0,0,0,0,0.317,74.4,1
32.0,4.8,0.1,36.5,26.5,60000,80,30000.0,230,5.5,126.0,543,5,4.5,4.0,2.8,4.3,4.3,0,1,1,0,0,0.5,94.2,2
32.0,4.8,0.1,36.5,26.5,60000,80,45000.0,325,16.5,0.0,490,5,4.8,4.2,4.0,4.3,4.8,1,0,1,0,0,0.75,95.4,2
32.0,4.8,0.1,36.5,26.5,60000,80,40000.0,245,8.5,194.0,406,5,4.2,4.0,4.2,3.0,4.5,0,0,0,0,1,0.667,80.1,2
32.0,4.8,0.1,36.5,26.5,60000,80,22000.0,150,6.5,148.0,358,5,4.3,3.8,3.5,3.8,4.5,0,0,0,0,0,0.367,78.1,2
32.0,4.8,0.1,36.5,26.5,60000,80,28000.0,165,7.1,163.0,506,5,4.3,4.0,3.0,3.5,4.0,0,0,1,0,0,0.467,80.7,2
32.0,4.8,0.1,36.5,26.5,60000,80,24000.0,150,6.5,148.0,430,5,4.3,3.8,3.0,3.8,4.3,0,0,1,0,0,0.4,82.0,2
32.0,4.8,0.1,36.5,26.5,60000,80,30000.0,184,6.8,155.0,130,2,3.5,3.0,4.5,3.5,4.8,0,0,0,1,0,0.5,74.7,1
32.0,4.8,0.1,36.5,26.5,60000,80,10000.0,100,5.4,123.0,300,5,3.8,2.8,2.0,4.5,3.0,0,0,0,0,0,0.167,69.1,1
32.0,4.8,0.1,36.5,26.5,60000,80,27000.0,158,6.5,148.0,504,5,4.3,3.8,2.5,3.8,3.8,0,0,1,0,0,0.45,81.2,2
32.0,4.8,0.1,36.5,26.5,60000,80,28000.0,150,15.5,0.0,435,5,4.0,3.5,2.5,4.5,3.0,1,0,0,0,0,0.467,78.7,2
32.0,4.8,0.1,36.5,26.5,60000,80,42000.0,242,16.5,0.0,468,5,4.5,4.2,3.0,4.2,4.2,1,0,1,0,0,0.7,89.6,2
32.0,4.8,0.1,36.5,26.5,60000,80,22000.0,136,6.5,148.0,380,5,4.3,3.5,3.5,3.5,4.0,0,0,0,0,0,0.367,69.9,1
32.0,4.8,0.1,36.5,26.5,60000,80,32000.0,170,6.8,155.0,380,5,4.5,3.8,3.8,3.3,4.3,0,0,0,0,0,0.533,79.3,2
32.0,4.8,0.1,36.5,26.5,60000,80,28000.0,190,5.2,137.0,480,5,4.5,4.2,4.0,4.0,4.5,0,0,0,0,1,0.467,88.1,2
32.0,4.8,0.1,36.5,26.5,60000,80,42000.0,245,7.0,159.0,480,5,4.8,4.3,4.2,3.5,4.5,0,0,0,0,1,0.7,85.3,2
32.0,4.8,0.1,36.5,26.5,60000,80,40000.0,190,5.5,144.0,530,5,4.8,4.8,3.5,3.8,4.8,0,0,0,0,1,0.667,96.8,2
32.0,4.8,0.1,36.5,26.5,60000,80,55000.0,299,7.5,171.0,520,5,5.0,4.8,4.0,3.3,4.8,0,0,0,0,1,0.917,89.6,2
32.0,4.8,0.1,36.5,26.5,60000,80,32000.0,136,6.8,155.0,540,5,4.5,4.0,3.0,3.5,4.0,0,0,1,0,0,0.533,81.2,2
32.0,4.8,0.1,36.5,26.5,60000,80,40000.0,190,5.8,152.0,550,5,4.8,4.3,3.2,3.8,4.3,0,0,1,0,0,0.667,91.4,2
32.0,4.8,0.1,36.5,26.5,60000,80,58000.0,286,6.8,179.0,650,5,5.0,4.8,3.5,3.2,4.5,0,0,1,0,0,0.967,82.6,2
32.0,4.8,0.1,36.5,26.5,60000,80,52000.0,286,17.5,0.0,510,5,4.8,4.2,3.5,4.0,4.3,1,0,1,0,0,0.867,91.8,2
32.0,4.8,0.1,36.5,26.5,60000,80,48000.0,340,16.1,0.0,470,5,4.8,4.2,4.2,4.0,4.8,1,0,0,0,1,0.8,93.7,2
32.0,4.8,0.1,36.5,26.5,60000,80,24000.0,163,6.5,148.0,370,5,4.3,3.8,3.0,3.5,4.2,0,0,0,0,0,0.4,74.3,1
32.0,4.8,0.1,36.5,26.5,60000,80,30000.0,163,6.3,144.0,370,5,4.5,4.0,3.0,3.5,4.3,0,0,0,0,0,0.5,77.2,2
32.0,4.8,0.1,36.5,26.5,60000,80,38000.0,204,6.8,155.0,455,5,4.8,4.5,3.5,3.5,4.8,0,0,0,0,1,0.633,88.7,2
32.0,4.8,0.1,36.5,26.5,60000,80,45000.0,313,2.0,46.0,455,5,5.0,4.8,3.8,4.2,4.8,0,1,0,0,1,0.75,99.3,2
32.0,4.8,0.1,36.5,26.5,60000,80,45000.0,220,5.5,144.0,540,5,5.0,4.8,3.2,3.8,4.8,0,0,0,0,1,0.75,98.6,2
32.0,4.8,0.1,36.5,26.5,60000,80,58000.0,313,2.0,46.0,540,5,5.0,5.0,3.5,4.0,5.0,0,1,0,0,1,0.967,100.0,2
32.0,4.8,0.1,36.5,26.5,60000,80,32000.0,163,6.8,155.0,435,5,4.5,4.0,2.8,3.5,4.2,0,0,1,0,0,0.533,76.5,2
32.0,4.8,0.1,36.5,26.5,60000,80,45000.0,204,7.2,164.0,600,5,4.8,4.5,3.0,3.3,4.5,0,0,1,0,0,0.75,89.1,2
32.0,4.8,0.1,36.5,26.5,60000,80,60000.0,272,7.0,184.0,630,5,5.0,4.8,3.0,3.0,4.5,0,0,1,0,0,1.0,85.7,2
32.0,4.8,0.1,36.5,26.5,60000,80,42000.0,190,17.0,0.0,340,5,4.5,4.0,2.8,4.2,4.2,1,0,1,0,0,0.7,91.7,2
32.0,4.8,0.1,36.5,26.5,60000,80,55000.0,408,21.3,0.0,500,5,4.8,4.3,3.5,3.5,4.3,1,0,1,0,0,0.917,84.9,2
32.0,4.8,0.1,36.5,26.5,60000,80,62000.0,408,9.0,206.0,455,5,4.8,4.2,4.8,2.5,4.8,0,0,0,0,1,1.033,79.6,2
32.0,4.8,0.1,36.5,26.5,60000,80,18000.0,116,5.8,132.0,335,5,4.0,3.2,2.5,4.0,4.0,0,0,0,0,0,0.3,71.5,1
32.0,4.8,0.1,36.5,26.5,60000,80,28000.0,150,6.2,141.0,380,5,4.5,3.8,3.2,3.8,4.3,0,0,0,0,1,0.467,80.3,2
32.0,4.8,0.1,36.5,26.5,60000,80,30000.0,163,5.2,137.0,460,5,4.5,4.3,3.5,4.0,4.5,0,0,0,0,1,0.5,88.8,2
32.0,4.8,0.1,36.5,26.5,60000,80,42000.0,204,6.8,155.0,460,5,4.8,4.5,3.5,3.5,4.5,0,0,0,0,1,0.7,86.9,2
32.0,4.8,0.1,36.5,26.5,60000,80,42000.0,204,5.5,144.0,530,5,4.8,4.8,3.2,3.8,4.8,0,0,0,0,1,0.7,95.8,2
32.0,4.8,0.1,36.5,26.5,60000,80,30000.0,150,6.8,155.0,530,5,4.5,4.0,2.8,3.5,4.2,0,0,1,0,0,0.5,81.9,2
32.0,4.8,0.1,36.5,26.5,60000,80,42000.0,204,6.0,158.0,520,5,4.8,4.3,3.0,3.5,4.3,0,0,1,0,0,0.7,87.5,2
32.0,4.8,0.1,36.5,26.5,60000,80,55000.0,286,7.2,189.0,705,7,5.0,4.8,3.0,3.0,4.5,0,0,1,0,0,0.917,86.9,2
32.0,4.8,0.1,36.5,26.5,60000,80,55000.0,400,8.5,194.0,321,5,4.5,3.5,4.8,2.5,4.5,0,0,0,0,1,0.917,68.0,1
32.0,4.8,0.1,36.5,26.5,60000,80,32000.0,163,7.0,160.0,452,5,4.8,4.0,2.5,3.5,4.0,0,0,1,0,0,0.533,75.0,2
32.0,4.8,0.1,36.5,26.5,60000,80,42000.0,197,6.2,163.0,483,5,5.0,4.5,2.8,3.5,4.3,0,0,1,0,0,0.7,84.8,2
32.0,4.8,0.1,36.5,26.5,60000,80,58000.0,303,2.4,55.0,640,7,5.0,4.8,2.5,4.0,4.5,0,1,1,0,0,0.967,97.9,2
32.0,4.8,0.1,36.5,26.5,60000,80,48000.0,408,17.8,0.0,413,5,5.0,4.0,3.5,4.0,4.5,1,0,1,0,0,0.8,90.2,2
32.0,4.8,0.1,36.5,26.5,60000,80,35000.0,197,7.0,160.0,442,5,5.0,4.3,3.5,3.5,4.5,0,0,0,0,1,0.583,82.3,2
32.0,4.8,0.1,36.5,26.5,60000,80,40000.0,325,14.0,0.0,561,5,4.8,3.8,4.2,4.5,4.5,1,0,0,0,1,0.667,94.3,2
32.0,4.8,0.1,36.5,26.5,60000,80,45000.0,325,15.0,0.0,854,5,4.8,3.8,3.8,4.3,4.3,1,0,1,0,0,0.75,91.3,2
32.0,4.8,0.1,36.5,26.5,60000,80,12000.0,69,5.2,119.0,185,4,3.5,2.5,1.5,4.5,4.0,0,0,0,0,0,0.2,68.3,1
32.0,4.8,0.1,36.5,26.5,60000,80,14000.0,100,6.2,141.0,520,5,3.5,3.0,2.0,4.2,2.8,0,0,0,0,1,0.233,67.2,1
32.0,4.8,0.1,36.5,26.5,60000,80,25000.0,118,13.0,0.0,185,4,3.8,2.8,2.5,4.5,4.5,1,0,0,0,0,0.417,80.1,2
32.0,4.8,0.1,36.5,26.5,60000,80,25000.0,136,5.8,132.0,211,4,4.0,3.3,3.5,3.5,4.5,0,0,0,0,0,0.417,74.3,1
32.0,4.8,0.1,36.5,26.5,60000,80,32000.0,136,6.8,155.0,450,5,4.2,3.5,3.0,3.2,4.2,0,0,1,0,0,0.533,73.4,1
32.0,4.8,0.1,36.5,26.5,60000,80,35000.0,200,7.2,164.0,480,5,4.3,3.8,4.2,3.0,4.8,0,0,0,0,1,0.583,76.2,2
32.0,4.8,0.1,36.5,26.5,60000,80,38000.0,200,7.5,171.0,525,5,4.3,3.8,3.5,3.0,4.5,0,0,1,0,0,0.633,82.5,2
32.0,4.8,0.1,36.5,26.5,60000,80,24000.0,150,7.0,160.0,345,5,4.5,3.5,3.5,3.5,3.2,0,0,0,0,0,0.4,69.2,1
32.0,4.8,0.1,36.5,26.5,60000,80,32000.0,150,7.5,171.0,520,5,4.8,3.8,2.5,3.3,3.0,0,0,1,0,0,0.533,70.3,1
32.0,4.8,0.1,36.5,26.5,60000,80,28000.0,150,7.2,164.0,385,5,4.5,3.5,3.0,3.3,3.2,0,0,1,0,0,0.467,68.7,1
32.0,4.8,0.1,36.5,26.5,60000,80,12000.0,83,5.2,119.0,265,5,3.5,2.8,2.5,4.8,3.0,0,0,0,0,0,0.2,74.6,1
32.0,4.8,0.1,36.5,26.5,60000,80,20000.0,129,6.5,148.0,375,5,3.8,3.2,2.5,4.0,3.2,0,0,1,0,0,0.333,70.1,1
32.0,4.8,0.1,36.5,26.5,60000,80,20000.0,150,6.5,148.0,393,5,3.8,3.3,2.2,3.8,3.2,0,0,1,0,0,0.333,72.1,1
32.0,4.8,0.1,36.5,26.5,60000,80,40000.0,252,1.8,41.0,469,5,4.5,4.0,2.8,4.5,3.5,0,1,1,0,0,0.667,91.8,2
32.0,4.8,0.1,36.5,26.5,60000,80,22000.0,130,7.0,160.0,351,5,3.5,3.0,2.5,3.5,3.5,0,0,1,0,0,0.367,66.0,1
32.0,4.8,0.1,36.5,26.5,60000,80,28000.0,130,5.8,152.0,438,5,3.8,3.3,2.5,3.8,3.3,0,0,1,0,0,0.467,71.9,1
32.0,4.8,0.1,36.5,26.5,60000,80,55000.0,272,10.0,228.0,548,5,3.5,2.8,3.5,2.5,4.0,0,0,1,0,0,0.917,70.9,1
32.0,4.8,0.1,36.5,26.5,60000,80,38000.0,163,6.2,163.0,602,5,4.3,4.0,2.5,3.2,4.0,0,0,1,0,0,0.633,81.8,2
32.0,4.8,0.1,36.5,26.5,60000,80,42000.0,163,6.5,171.0,591,5,4.3,4.2,2.8,3.0,4.8,0,0,1,0,0,0.7,87.3,2
32.0,4.8,0.1,36.5,26.5,60000,80,58000.0,265,8.8,201.0,488,5,4.8,4.2,4.3,2.5,4.8,0,0,1,0,0,0.967,75.8,2
32.0,4.8,0.1,36.5,26.5,60000,80,48000.0,204,6.8,179.0,619,5,4.5,4.2,3.2,3.2,4.5,0,0,1,0,0,0.8,83.8,2
32.0,4.8,0.1,36.5,26.5,60000,80,65000.0,400,22.0,0.0,505,5,4.8,4.0,4.0,3.2,4.8,1,0,1,0,0,1.083,87.7,2
32.0,4.8,0.1,36.5,26.5,60000,80,32000.0,184,4.8,110.0,320,5,4.8,3.8,2.5,4.5,4.0,0,1,1,0,0,0.533,91.5,2
32.0,4.8,0.1,36.5,26.5,60000,80,42000.0,244,5.8,132.0,520,5,5.0,4.5,2.8,4.2,4.5,0,1,1,0,0,0.7,97.4,2
32.0,4.8,0.1,36.5,26.5,60000,80,55000.0,308,6.0,137.0,612,5,5.0,4.8,3.0,3.8,4.5,0,1,1,0,0,0.917,95.6,2
32.0,4.8,0.1,36.5,26.5,60000,80,42000.0,218,4.8,110.0,454,5,5.0,4.8,2.5,4.5,4.5,0,1,0,0,1,0.7,100.0,2
32.0,4.8,0.1,36.5,26.5,60000,80,35000.0,204,15.5,0.0,385,5,4.3,3.5,3.5,4.2,4.3,1,0,0,0,0,0.583,80.5,2
32.0,4.8,0.1,36.5,26.5,60000,80,35000.0,245,7.5,171.0,420,5,4.3,3.5,4.0,3.0,4.5,0,0,1,0,0,0.583,76.2,2
32.0,4.8,0.1,36.5,26.5,60000,80,38000.0,300,7.5,170.0,380,5,4.3,3.5,4.7,2.8,4.5,0,0,0,0,0,0.633,76.4,2
32.0,4.8,0.1,36.5,26.5,60000,80,62000.0,300,8.0,183.0,150,2,4.0,3.0,4.8,2.5,4.8,0,0,0,1,0,1.033,66.3,1
32.0,4.8,0.1,36.5,26.5,60000,80,48000.0,258,7.5,171.0,281,2,4.0,3.2,4.5,2.8,4.8,0,0,0,1,0,0.8,77.2,2
32.0,4.8,0.1,36.5,26.5,60000,80,38000.0,245,8.0,183.0,330,5,4.5,4.0,4.0,3.0,4.3,0,0,0,0,1,0.633,78.6,2
32.0,4.8,0.1,36.5,26.5,60000,80,42000.0,245,8.5,194.0,542,5,4.8,4.2,3.5,3.0,4.5,0,0,1,0,0,0.7,85.3,2
32.0,4.8,0.1,36.5,26.5,60000,80,42000.0,408,15.5,0.0,405,5,4.8,4.0,4.0,4.2,4.5,1,0,0,0,1,0.7,91.9,2
38.1,43.1,2.2,13.0,3.6,100000,80,6500.0,73,6.4,149.0,510,5,3.0,2.5,1.5,4.8,2.0,0,0,0,0,1,0.065,53.5,0
38.1,43.1,2.2,13.0,3.6,100000,80,9800.0,91,6.0,137.0,528,5,3.4,3.0,1.5,4.7,2.8,0,0,0,0,1,0.098,57.6,1
38.1,43.1,2.2,13.0,3.6,100000,80,7200.0,73,6.2,144.0,328,5,3.2,2.5,1.8,4.6,2.5,0,0,0,0,0,0.072,45.5,0
38.1,43.1,2.2,13.0,3.6,100000,80,13500.0,91,6.1,139.0,328,5,3.4,3.0,2.0,4.5,3.2,0,0,0,0,0,0.135,48.4,0
38.1,43.1,2.2,13.0,3.6,100000,80,14000.0,115,5.7,150.0,445,5,3.0,3.0,2.0,4.2,2.8,0,0,1,0,0,0.14,52.0,0
38.1,43.1,2.2,13.0,3.6,100000,80,19500.0,130,6.8,155.0,445,5,3.5,3.2,2.2,4.0,3.5,0,0,1,0,0,0.195,57.0,1
38.1,43.1,2.2,13.0,3.6,100000,80,15800.0,110,6.4,146.0,708,7,3.2,3.2,1.5,4.3,3.0,0,0,0,0,0,0.158,54.3,0
38.1,43.1,2.2,13.0,3.6,100000,80,12000.0,65,14.5,0.0,290,4,2.8,2.2,1.2,4.9,2.5,1,0,0,0,0,0.12,43.8,0
38.1,43.1,2.2,13.0,3.6,100000,80,11500.0,100,5.8,132.0,391,5,4.2,3.5,2.5,4.3,3.5,0,0,0,0,0,0.115,60.8,1
38.1,43.1,2.2,13.0,3.6,100000,80,16000.0,140,4.3,98.0,391,5,4.2,3.8,2.8,4.7,3.8,0,1,0,0,0,0.16,68.2,1
38.1,43.1,2.2,13.0,3.6,100000,80,13000.0,115,4.8,128.0,384,5,4.0,3.5,2.8,4.2,3.3,0,0,0,0,0,0.13,63.3,1
38.1,43.1,2.2,13.0,3.6,100000,80,35000.0,220,16.1,0.0,440,5,4.5,4.0,3.2,4.5,4.2,1,0,0,0,0,0.35,79.1,2
38.1,43.1,2.2,13.0,3.6,100000,80,17500.0,130,6.4,147.0,422,5,4.0,3.5,2.2,4.0,3.5,0,0,1,0,0,0.175,55.5,1
38.1,43.1,2.2,13.0,3.6,100000,80,28000.0,200,4.6,105.0,500,5,4.3,4.0,3.0,4.3,3.8,0,1,1,0,0,0.28,71.0,1
38.1,43.1,2.2,13.0,3.6,100000,80,14500.0,100,5.9,136.0,309,5,4.2,3.5,2.5,4.2,4.0,0,0,0,0,0,0.145,67.4,1
38.1,43.1,2.2,13.0,3.6,100000,80,16500.0,100,5.8,132.0,309,5,4.2,3.5,2.5,4.2,4.2,0,0,0,0,0,0.165,58.5,1
38.1,43.1,2.2,13.0,3.6,100000,80,28000.0,136,15.2,0.0,265,5,4.2,3.5,3.0,4.5,4.2,1,0,0,0,0,0.28,62.5,1
38.1,43.1,2.2,13.0,3.6,100000,80,22000.0,130,6.1,139.0,412,5,4.3,3.8,3.0,4.0,4.3,0,0,0,0,0,0.22,71.1,1
38.1,43.1,2.2,13.0,3.6,100000,80,24000.0,130,5.2,138.0,520,5,4.3,4.0,2.5,4.2,4.0,0,0,1,0,0,0.24,72.2,1
38.1,43.1,2.2,13.0,3.6,100000,80,35000.0,225,1.4,32.0,520,5,4.5,4.2,3.0,4.5,4.5,0,1,1,0,0,0.35,86.2,2
38.1,43.1,2.2,13.0,3.6,100000,80,30000.0,130,5.5,144.0,780,7,4.2,4.0,2.0,4.0,3.8,0,0,1,0,0,0.3,71.4,1
38.1,43.1,2.2,13.0,3.6,100000,80,12000.0,83,5.8,132.0,300,5,3.5,3.2,1.5,4.5,3.0,0,0,0,0,0,0.12,48.1,0
38.1,43.1,2.2,13.0,3.6,100000,80,18000.0,110,6.2,142.0,410,5,3.5,3.3,1.8,4.2,3.2,0,0,1,0,0,0.18,54.2,0
38.1,43.1,2.2,13.0,3.6,100000,80,22000.0,130,6.0,137.0,380,5,4.0,4.0,2.2,4.0,3.8,0,0,0,0,0,0.22,63.3,1
38.1,43.1,2.2,13.0,3.6,100000,80,26000.0,130,5.5,144.0,580,5,4.2,4.2,2.0,4.0,3.5,0,0,1,0,0,0.26,71.2,1
38.1,43.1,2.2,13.0,3.6,100000,80,14000.0,100,5.8,132.0,309,5,4.0,3.3,2.5,4.3,3.3,0,0,0,0,0,0.14,56.7,1
38.1,43.1,2.2,13.0,3.6,100000,80,27000.0,136,15.2,0.0,267,5,4.0,3.3,2.8,4.5,3.5,1,0,0,0,0,0.27,64.8,1
38.1,43.1,2.2,13.0,3.6,100000,80,23000.0,130,6.1,139.0,422,5,4.2,3.8,3.0,4.0,4.0,0,0,0,0,0,0.23,67.7,1
38.1,43.1,2.2,13.0,3.6,100000,80,22000.0,130,6.5,148.0,350,5,4.0,3.5,2.5,3.8,4.0,0,0,1,0,0,0.22,62.1,1
38.1,43.1,2.2,13.0,3.6,100000,80,10500.0,100,5.9,136.0,292,5,3.8,3.0,3.0,4.3,3.2,0,0,0,0,0,0.105,60.9,1
38.1,43.1,2.2,13.0,3.6,100000,80,15000.0,125,6.0,137.0,375,5,4.2,3.5,3.3,4.0,3.5,0,0,0,0,0,0.15,64.1,1
38.1,43.1,2.2,13.0,3.6,100000,80,20000.0,120,4.7,123.0,575,5,4.2,3.8,2.8,4.5,3.3,0,0,0,0,0,0.2,73.9,1
38.1,43.1,2.2,13.0,3.6,100000,80,22000.0,125,5.4,124.0,456,5,4.3,3.5,2.8,4.3,4.0,0,1,1,0,0,0.22,64.2,1
38.1,43.1,2.2,13.0,3.6,100000,80,25000.0,190,1.4,32.0,475,5,4.3,3.8,2.8,4.5,3.5,0,1,1,0,0,0.25,66.0,1
38.1,43.1,2.2,13.0,3.6,100000,80,48000.0,269,18.1,0.0,402,5,4.5,4.0,4.0,4.0,4.5,1,0,1,0,0,0.48,89.4,2
38.1,43.1,2.2,13.0,3.6,100000,80,13000.0,95,5.7,130.0,351,5,4.2,3.5,2.5,4.3,3.5,0,0,0,0,0,0.13,62.3,1
38.1,43.1,2.2,13.0,3.6,100000,80,18000.0,110,5.6,128.0,351,5,4.3,3.5,2.8,4.3,3.7,0,0,0,0,0,0.18,63.7,1
38.1,43.1,2.2,13.0,3.6,100000,80,18500.0,130,6.0,137.0,381,5,4.5,4.0,3.5,4.0,4.0,0,0,0,0,0,0.185,75.1,2
38.1,43.1,2.2,13.0,3.6,100000,80,28000.0,150,5.8,132.0,381,5,4.5,4.2,3.5,4.0,4.2,0,0,0,0,0,0.28,77.4,2
38.1,43.1,2.2,13.0,3.6,100000,80,38000.0,245,7.4,168.0,381,5,4.5,3.8,4.5,3.2,4.5,0,0,0,0,0,0.38,88.9,2
38.1,43.1,2.2,13.0,3.6,100000,80,48000.0,320,8.0,183.0,381,5,4.5,3.8,4.8,2.8,4.5,0,0,0,0,0,0.48,86.8,2
38.1,43.1,2.2,13.0,3.6,100000,80,28000.0,150,5.5,144.0,615,5,4.5,4.2,2.5,4.0,3.8,0,0,1,0,0,0.28,73.7,1
38.1,43.1,2.2,13.0,3.6,100000,80,38000.0,150,7.0,160.0,615,5,4.5,4.3,2.8,3.8,4.2,0,0,1,0,0,0.38,78.2,2
38.1,43.1,2.2,13.0,3.6,100000,80,20000.0,150,5.0,132.0,650,5,4.5,4.3,3.0,4.3,3.8,0,0,0,0,0,0.2,81.0,2
38.1,43.1,2.2,13.0,3.6,100000,80,40000.0,272,7.2,164.0,690,5,4.8,4.5,3.5,3.5,4.2,0,0,0,0,0,0.4,89.4,2
38.1,43.1,2.2,13.0,3.6,100000,80,35000.0,200,5.5,144.0,563,5,4.5,4.5,3.5,4.0,4.8,0,0,0,0,1,0.35,85.6,2
38.1,43.1,2.2,13.0,3.6,100000,80,32000.0,204,15.8,0.0,385,5,4.3,3.8,3.0,4.5,3.8,1,0,0,0,0,0.32,74.9,1
38.1,43.1,2.2,13.0,3.6,100000,80,38000.0,204,17.0,0.0,543,5,4.5,4.0,2.8,4.3,4.0,1,0,1,0,0,0.38,82.0,2
38.1,43.1,2.2,13.0,3.6,100000,80,14500.0,110,5.5,126.0,380,5,4.0,3.3,2.5,4.5,3.2,0,0,0,0,0,0.145,60.4,1
38.1,43.1,2.2,13.0,3.6,100000,80,18000.0,150,4.8,126.0,640,5,4.5,4.0,3.0,4.5,3.5,0,0,0,0,0,0.18,76.5,2
38.1,43.1,2.2,13.0,3.6,100000,80,25000.0,150,6.2,141.0,640,5,4.5,4.2,3.0,4.2,3.8,0,0,0,0,0,0.25,77.2,2
38.1,43.1,2.2,13.0,3.6,100000,80,35000.0,245,7.1,161.0,640,5,4.5,3.8,4.3,3.2,4.2,0,0,0,0,0,0.35,91.7,2
38.1,43.1,2.2,13.0,3.6,100000,80,30000.0,150,5.0,132.0,660,5,4.5,4.5,2.8,4.3,4.0,0,0,0,0,0,0.3,80.0,2
38.1,43.1,2.2,13.0,3.6,100000,80,32000.0,150,5.8,152.0,720,7,4.5,4.2,2.2,4.0,3.5,0,0,1,0,0,0.32,70.1,1
38.1,43.1,2.2,13.0,3.6,100000,80,20000.0,110,6.0,137.0,400,5,4.2,3.5,2.2,4.2,3.5,0,0,1,0,0,0.2,58.0,1
38.1,43.1,2.2,13.0,3.6,100000,80,13500.0,110,5.6,128.0,355,5,4.0,3.2,2.8,4.3,3.5,0,0,0,0,0,0.135,62.9,1
38.1,43.1,2.2,13.0,3.6,100000,80,20000.0,150,6.0,137.0,380,5,4.3,3.5,3.5,4.0,4.0,0,0,0,0,0,0.2,70.0,1
38.1,43.1,2.2,13.0,3.6,100000,80,35000.0,300,7.5,170.0,380,5,4.3,3.5,4.7,3.0,4.3,0,0,0,0,0,0.35,81.3,2
38.1,43.1,2.2,13.0,3.6,100000,80,25000.0,150,5.6,147.0,510,5,4.3,3.8,2.8,4.2,3.5,0,0,1,0,0,0.25,73.6,1
38.1,43.1,2.2,13.0,3.6,100000,80,15000.0,116,3.8,87.0,286,5,4.5,3.3,2.2,4.8,3.2,0,1,0,0,0,0.15,61.6,1
38.1,43.1,2.2,13.0,3.6,100000,80,22000.0,116,4.4,101.0,320,5,4.5,3.5,2.0,4.7,3.5,0,1,1,0,0,0.22,58.2,1
38.1,43.1,2.2,13.0,3.6,100000,80,22000.0,140,4.5,103.0,361,5,4.5,3.8,3.0,4.7,3.8,0,1,0,0,0,0.22,69.4,1
38.1,43.1,2.2,13.0,3.6,100000,80,30000.0,197,5.0,114.0,433,5,4.8,4.0,2.5,4.5,3.8,0,1,1,0,0,0.3,69.6,1
38.1,43.1,2.2,13.0,3.6,100000,80,32000.0,222,5.6,128.0,580,5,4.8,4.0,2.5,4.3,3.5,0,1,1,0,0,0.32,80.1,2
38.1,43.1,2.2,13.0,3.6,100000,80,35000.0,218,4.9,112.0,493,5,4.8,4.5,2.8,4.5,3.8,0,1,0,0,1,0.35,79.6,2
38.1,43.1,2.2,13.0,3.6,100000,80,28000.0,200,4.8,110.0,310,5,4.5,3.5,3.0,4.5,4.2,0,1,1,0,0,0.28,68.1,1
38.1,43.1,2.2,13.0,3.6,100000,80,55000.0,340,8.5,194.0,290,2,4.0,3.0,4.8,2.5,4.8,0,0,0,1,0,0.55,85.9,2
38.1,43.1,2.2,13.0,3.6,100000,80,28000.0,182,6.5,148.0,404,5,4.5,3.8,3.5,3.8,4.0,0,0,0,0,0,0.28,73.3,1
38.1,43.1,2.2,13.0,3.6,100000,80,27000.0,131,5.4,122.0,319,5,4.3,3.5,2.2,4.5,3.5,0,1,1,0,0,0.27,61.6,1
38.1,43.1,2.2,13.0,3.6,100000,80,38000.0,184,6.0,137.0,587,5,4.5,4.0,2.5,4.2,3.5,0,1,1,0,0,0.38,72.8,1
38.1,43.1,2.2,13.0,3.6,100000,80,35000.0,184,6.2,141.0,380,5,4.5,3.8,3.0,4.0,4.0,0,1,1,0,0,0.35,68.9,1
38.1,43.1,2.2,13.0,3.6,100000,80,13000.0,100,5.8,132.0,351,5,4.0,3.2,2.5,4.3,3.5,0,0,0,0,0,0.13,56.9,1
38.1,43.1,2.2,13.0,3.6,100000,80,19000.0,160,6.5,148.0,395,5,4.3,3.5,3.0,4.0,3.5,0,0,0,0,0,0.19,63.4,1
38.1,43.1,2.2,13.0,3.6,100000,80,35000.0,280,8.0,183.0,395,5,4.0,3.2,4.7,2.8,4.0,0,0,0,0,0,0.35,80.4,2
38.1,43.1,2.2,13.0,3.6,100000,80,28000.0,230,5.5,126.0,546,5,4.5,4.0,2.8,4.3,4.2,0,1,1,0,0,0.28,78.9,2
38.1,43.1,2.2,13.0,3.6,100000,80,24000.0,120,6.2,141.0,466,5,4.3,3.5,2.2,4.0,3.8,0,0,1,0,0,0.24,59.0,1
38.1,43.1,2.2,13.0,3.6,100000,80,35000.0,204,14.7,0.0,466,5,4.3,3.5,3.0,4.5,3.8,1,0,1,0,0,0.35,76.2,2
38.1,43.1,2.2,13.0,3.6,100000,80,42000.0,325,16.8,0.0,527,5,4.8,4.3,3.5,4.3,4.8,1,0,1,0,0,0.42,93.1,2
38.1,43.1,2.2,13.0,3.6,100000,80,45000.0,325,14.3,0.0,401,5,4.8,4.3,3.5,4.5,4.8,1,0,0,0,1,0.45,86.4,2
38.1,43.1,2.2,13.0,3.6,100000,80,10500.0,67,4.8,109.0,255,5,3.2,2.5,1.5,4.8,2.8,0,0,0,0,0,0.105,42.1,0
38.1,43.1,2.2,13.0,3.6,100000,80,19000.0,160,6.5,148.0,395,5,4.2,3.5,3.0,4.0,3.5,0,0,0,0,0,0.19,62.9,1
38.1,43.1,2.2,13.0,3.6,100000,80,30000.0,230,5.5,126.0,543,5,4.5,4.0,2.8,4.3,4.3,0,1,1,0,0,0.3,83.0,2
38.1,43.1,2.2,13.0,3.6,100000,80,45000.0,325,16.5,0.0,490,5,4.8,4.2,4.0,4.3,4.8,1,0,1,0,0,0.45,91.6,2
38.1,43.1,2.2,13.0,3.6,100000,80,40000.0,245,8.5,194.0,406,5,4.2,4.0,4.2,3.0,4.5,0,0,0,0,1,0.4,87.4,2
38.1,43.1,2.2,13.0,3.6,100000,80,22000.0,150,6.5,148.0,358,5,4.3,3.8,3.5,3.8,4.5,0,0,0,0,0,0.22,73.7,1
38.1,43.1,2.2,13.0,3.6,100000,80,28000.0,165,7.1,163.0,506,5,4.3,4.0,3.0,3.5,4.0,0,0,1,0,0,0.28,72.8,1
38.1,43.1,2.2,13.0,3.6,100000,80,24000.0,150,6.5,148.0,430,5,4.3,3.8,3.0,3.8,4.3,0,0,1,0,0,0.24,72.8,1
38.1,43.1,2.2,13.0,3.6,100000,80,30000.0,184,6.8,155.0,130,2,3.5,3.0,4.5,3.5,4.8,0,0,0,1,0,0.3,80.4,2
38.1,43.1,2.2,13.0,3.6,100000,80,10000.0,100,5.4,123.0,300,5,3.8,2.8,2.0,4.5,3.0,0,0,0,0,0,0.1,46.1,0
38.1,43.1,2.2,13.0,3.6,100000,80,27000.0,158,6.5,148.0,504,5,4.3,3.8,2.5,3.8,3.8,0,0,1,0,0,0.27,71.6,1
38.1,43.1,2.2,13.0,3.6,100000,80,28000.0,150,15.5,0.0,435,5,4.0,3.5,2.5,4.5,3.0,1,0,0,0,0,0.28,59.3,1
38.1,43.1,2.2,13.0,3.6,100000,80,42000.0,242,16.5,0.0,468,5,4.5,4.2,3.0,4.2,4.2,1,0,1,0,0,0.42,78.7,2
38.1,43.1,2.2,13.0,3.6,100000,80,22000.0,136,6.5,148.0,380,5,4.3,3.5,3.5,3.5,4.0,0,0,0,0,0,0.22,68.8,1
38.1,43.1,2.2,13.0,3.6,100000,80,32000.0,170,6.8,155.0,380,5,4.5,3.8,3.8,3.3,4.3,0,0,0,0,0,0.32,71.9,1
38.1,43.1,2.2,13.0,3.6,100000,80,28000.0,190,5.2,137.0,480,5,4.5,4.2,4.0,4.0,4.5,0,0,0,0,1,0.28,79.7,2
38.1,43.1,2.2,13.0,3.6,100000,80,42000.0,245,7.0,159.0,480,5,4.8,4.3,4.2,3.5,4.5,0,0,0,0,1,0.42,93.5,2
38.1,43.1,2.2,13.0,3.6,100000,80,40000.0,190,5.5,144.0,530,5,4.8,4.8,3.5,3.8,4.8,0,0,0,0,1,0.4,89.3,2
38.1,43.1,2.2,13.0,3.6,100000,80,55000.0,299,7.5,171.0,520,5,5.0,4.8,4.0,3.3,4.8,0,0,0,0,1,0.55,97.9,2
38.1,43.1,2.2,13.0,3.6,100000,80,32000.0,136,6.8,155.0,540,5,4.5,4.0,3.0,3.5,4.0,0,0,1,0,0,0.32,75.0,2
38.1,43.1,2.2,13.0,3.6,100000,80,40000.0,190,5.8,152.0,550,5,4.8,4.3,3.2,3.8,4.3,0,0,1,0,0,0.4,78.4,2
38.1,43.1,2.2,13.0,3.6,100000,80,58000.0,286,6.8,179.0,650,5,5.0,4.8,3.5,3.2,4.5,0,0,1,0,0,0.58,92.9,2
38.1,43.1,2.2,13.0,3.6,100000,80,52000.0,286,17.5,0.0,510,5,4.8,4.2,3.5,4.0,4.3,1,0,1,0,0,0.52,90.6,2
38.1,43.1,2.2,13.0,3.6,100000,80,48000.0,340,16.1,0.0,470,5,4.8,4.2,4.2,4.0,4.8,1,0,0,0,1,0.48,92.9,2
38.1,43.1,2.2,13.0,3.6,100000,80,72000.0,480,9.0,205.0,480,5,4.5,3.8,5.0,2.2,4.8,0,0,0,0,1,0.72,93.6,2
38.1,43.1,2.2,13.0,3.6,100000,80,78000.0,480,9.2,210.0,440,4,4.5,3.5,5.0,2.0,4.8,0,0,0,1,0,0.78,89.5,2
38.1,43.1,2.2,13.0,3.6,100000,80,90000.0,510,9.5,217.0,440,4,4.5,3.5,5.0,1.8,5.0,0,0,0,1,0,0.9,95.9,2
38.1,43.1,2.2,13.0,3.6,100000,80,24000.0,163,6.5,148.0,370,5,4.3,3.8,3.0,3.5,4.2,0,0,0,0,0,0.24,66.8,1
38.1,43.1,2.2,13.0,3.6,100000,80,30000.0,163,6.3,144.0,370,5,4.5,4.0,3.0,3.5,4.3,0,0,0,0,0,0.3,70.2,1
38.1,43.1,2.2,13.0,3.6,100000,80,38000.0,204,6.8,155.0,455,5,4.8,4.5,3.5,3.5,4.8,0,0,0,0,1,0.38,85.8,2
38.1,43.1,2.2,13.0,3.6,100000,80,45000.0,313,2.0,46.0,455,5,5.0,4.8,3.8,4.2,4.8,0,1,0,0,1,0.45,93.2,2
38.1,43.1,2.2,13.0,3.6,100000,80,45000.0,220,5.5,144.0,540,5,5.0,4.8,3.2,3.8,4.8,0,0,0,0,1,0.45,92.8,2
38.1,43.1,2.2,13.0,3.6,100000,80,58000.0,313,2.0,46.0,540,5,5.0,5.0,3.5,4.0,5.0,0,1,0,0,1,0.58,95.8,2
38.1,43.1,2.2,13.0,3.6,100000,80,32000.0,163,6.8,155.0,435,5,4.5,4.0,2.8,3.5,4.2,0,0,1,0,0,0.32,72.4,1
38.1,43.1,2.2,13.0,3.6,100000,80,45000.0,204,7.2,164.0,600,5,4.8,4.5,3.0,3.3,4.5,0,0,1,0,0,0.45,85.4,2
38.1,43.1,2.2,13.0,3.6,100000,80,60000.0,272,7.0,184.0,630,5,5.0,4.8,3.0,3.0,4.5,0,0,1,0,0,0.6,89.5,2
38.1,43.1,2.2,13.0,3.6,100000,80,42000.0,190,17.0,0.0,340,5,4.5,4.0,2.8,4.2,4.2,1,0,1,0,0,0.42,73.8,1
38.1,43.1,2.2,13.0,3.6,100000,80,55000.0,408,21.3,0.0,500,5,4.8,4.3,3.5,3.5,4.3,1,0,1,0,0,0.55,85.5,2
38.1,43.1,2.2,13.0,3.6,100000,80,62000.0,408,9.0,206.0,455,5,4.8,4.2,4.8,2.5,4.8,0,0,0,0,1,0.62,95.1,2
38.1,43.1,2.2,13.0,3.6,100000,80,85000.0,680,6.9,157.0,350,5,4.8,4.0,5.0,2.5,5.0,0,1,0,0,1,0.85,94.3,2
38.1,43.1,2.2,13.0,3.6,100000,80,18000.0,116,5.8,132.0,335,5,4.0,3.2,2.5,4.0,4.0,0,0,0,0,0,0.18,58.7,1
38.1,43.1,2.2,13.0,3.6,100000,80,28000.0,150,6.2,141.0,380,5,4.5,3.8,3.2,3.8,4.3,0,0,0,0,1,0.28,70.7,1
38.1,43.1,2.2,13.0,3.6,100000,80,30000.0,163,5.2,137.0,460,5,4.5,4.3,3.5,4.0,4.5,0,0,0,0,1,0.3,79.4,2
38.1,43.1,2.2,13.0,3.6,100000,80,42000.0,204,6.8,155.0,460,5,4.8,4.5,3.5,3.5,4.5,0,0,0,0,1,0.42,84.2,2
38.1,43.1,2.2,13.0,3.6,100000,80,42000.0,204,5.5,144.0,530,5,4.8,4.8,3.2,3.8,4.8,0,0,0,0,1,0.42,91.4,2
38.1,43.1,2.2,13.0,3.6,100000,80,30000.0,150,6.8,155.0,530,5,4.5,4.0,2.8,3.5,4.2,0,0,1,0,0,0.3,75.8,2
38.1,43.1,2.2,13.0,3.6,100000,80,42000.0,204,6.0,158.0,520,5,4.8,4.3,3.0,3.5,4.3,0,0,1,0,0,0.42,83.2,2
38.1,43.1,2.2,13.0,3.6,100000,80,55000.0,286,7.2,189.0,705,7,5.0,4.8,3.0,3.0,4.5,0,0,1,0,0,0.55,85.5,2
38.1,43.1,2.2,13.0,3.6,100000,80,85000.0,476,19.6,0.0,405,4,5.0,4.5,4.8,3.5,5.0,1,0,0,0,1,0.85,98.9,2
38.1,43.1,2.2,13.0,3.6,100000,80,82000.0,450,9.8,224.0,465,4,4.5,3.8,4.8,2.0,5.0,0,0,0,1,0,0.82,92.9,2
38.1,43.1,2.2,13.0,3.6,100000,80,85000.0,450,9.8,224.0,465,5,4.5,4.0,4.8,2.0,5.0,0,0,0,0,1,0.85,91.0,2
38.1,43.1,2.2,13.0,3.6,100000,80,55000.0,400,8.5,194.0,321,5,4.5,3.5,4.8,2.5,4.5,0,0,0,0,1,0.55,91.2,2
38.1,43.1,2.2,13.0,3.6,100000,80,32000.0,163,7.0,160.0,452,5,4.8,4.0,2.5,3.5,4.0,0,0,1,0,0,0.32,67.3,1
38.1,43.1,2.2,13.0,3.6,100000,80,42000.0,197,6.2,163.0,483,5,5.0,4.5,2.8,3.5,4.3,0,0,1,0,0,0.42,70.0,1
38.1,43.1,2.2,13.0,3.6,100000,80,58000.0,303,2.4,55.0,640,7,5.0,4.8,2.5,4.0,4.5,0,1,1,0,0,0.58,84.9,2
38.1,43.1,2.2,13.0,3.6,100000,80,48000.0,408,17.8,0.0,413,5,5.0,4.0,3.5,4.0,4.5,1,0,1,0,0,0.48,83.3,2
38.1,43.1,2.2,13.0,3.6,100000,80,35000.0,197,7.0,160.0,442,5,5.0,4.3,3.5,3.5,4.5,0,0,0,0,1,0.35,81.7,2
38.1,43.1,2.2,13.0,3.6,100000,80,40000.0,325,14.0,0.0,561,5,4.8,3.8,4.2,4.5,4.5,1,0,0,0,1,0.4,93.8,2
38.1,43.1,2.2,13.0,3.6,100000,80,45000.0,325,15.0,0.0,854,5,4.8,3.8,3.8,4.3,4.3,1,0,1,0,0,0.45,87.4,2
38.1,43.1,2.2,13.0,3.6,100000,80,85000.0,670,16.8,0.0,793,5,4.8,4.5,4.8,3.8,4.8,1,0,0,0,1,0.85,100.0,2
38.1,43.1,2.2,13.0,3.6,100000,80,95000.0,670,18.5,0.0,935,7,4.8,4.5,4.0,3.5,4.5,1,0,1,0,0,0.95,94.9,2
38.1,43.1,2.2,13.0,3.6,100000,80,12000.0,69,5.2,119.0,185,4,3.5,2.5,1.5,4.5,4.0,0,0,0,0,0,0.12,40.8,0
38.1,43.1,2.2,13.0,3.6,100000,80,14000.0,100,6.2,141.0,520,5,3.5,3.0,2.0,4.2,2.8,0,0,0,0,1,0.14,60.3,1
38.1,43.1,2.2,13.0,3.6,100000,80,25000.0,118,13.0,0.0,185,4,3.8,2.8,2.5,4.5,4.5,1,0,0,0,0,0.25,54.8,0
38.1,43.1,2.2,13.0,3.6,100000,80,25000.0,136,5.8,132.0,211,4,4.0,3.3,3.5,3.5,4.5,0,0,0,0,0,0.25,69.3,1
38.1,43.1,2.2,13.0,3.6,100000,80,32000.0,136,6.8,155.0,450,5,4.2,3.5,3.0,3.2,4.2,0,0,1,0,0,0.32,68.5,1
38.1,43.1,2.2,13.0,3.6,100000,80,35000.0,200,7.2,164.0,480,5,4.3,3.8,4.2,3.0,4.8,0,0,0,0,1,0.35,81.6,2
38.1,43.1,2.2,13.0,3.6,100000,80,38000.0,200,7.5,171.0,525,5,4.3,3.8,3.5,3.0,4.5,0,0,1,0,0,0.38,80.4,2
38.1,43.1,2.2,13.0,3.6,100000,80,75000.0,510,9.5,217.0,480,5,4.0,3.5,5.0,2.0,5.0,0,0,0,0,1,0.75,91.5,2
38.1,43.1,2.2,13.0,3.6,100000,80,24000.0,150,7.0,160.0,345,5,4.5,3.5,3.5,3.5,3.2,0,0,0,0,0,0.24,68.6,1
38.1,43.1,2.2,13.0,3.6,100000,80,32000.0,150,7.5,171.0,520,5,4.8,3.8,2.5,3.3,3.0,0,0,1,0,0,0.32,69.0,1
38.1,43.1,2.2,13.0,3.6,100000,80,28000.0,150,7.2,164.0,385,5,4.5,3.5,3.0,3.3,3.2,0,0,1,0,0,0.28,65.1,1
38.1,43.1,2.2,13.0,3.6,100000,80,12000.0,83,5.2,119.0,265,5,3.5,2.8,2.5,4.8,3.0,0,0,0,0,0,0.12,54.9,0
38.1,43.1,2.2,13.0,3.6,100000,80,20000.0,129,6.5,148.0,375,5,3.8,3.2,2.5,4.0,3.2,0,0,1,0,0,0.2,58.6,1
38.1,43.1,2.2,13.0,3.6,100000,80,20000.0,150,6.5,148.0,393,5,3.8,3.3,2.2,3.8,3.2,0,0,1,0,0,0.2,60.9,1
38.1,43.1,2.2,13.0,3.6,100000,80,40000.0,252,1.8,41.0,469,5,4.5,4.0,2.8,4.5,3.5,0,1,1,0,0,0.4,76.2,2
38.1,43.1,2.2,13.0,3.6,100000,80,22000.0,130,7.0,160.0,351,5,3.5,3.0,2.5,3.5,3.5,0,0,1,0,0,0.22,56.9,1
38.1,43.1,2.2,13.0,3.6,100000,80,28000.0,130,5.8,152.0,438,5,3.8,3.3,2.5,3.8,3.3,0,0,1,0,0,0.28,59.9,1
38.1,43.1,2.2,13.0,3.6,100000,80,55000.0,272,10.0,228.0,548,5,3.5,2.8,3.5,2.5,4.0,0,0,1,0,0,0.55,72.8,1
38.1,43.1,2.2,13.0,3.6,100000,80,38000.0,163,6.2,163.0,602,5,4.3,4.0,2.5,3.2,4.0,0,0,1,0,0,0.38,72.2,1
38.1,43.1,2.2,13.0,3.6,100000,80,42000.0,163,6.5,171.0,591,5,4.3,4.2,2.8,3.0,4.8,0,0,1,0,0,0.42,76.5,2
38.1,43.1,2.2,13.0,3.6,100000,80,80000.0,350,8.0,210.0,780,5,4.8,4.8,3.5,2.5,5.0,0,0,1,0,0,0.8,91.1,2
38.1,43.1,2.2,13.0,3.6,100000,80,58000.0,265,8.8,201.0,488,5,4.8,4.2,4.3,2.5,4.8,0,0,1,0,0,0.58,88.3,2
38.1,43.1,2.2,13.0,3.6,100000,80,72000.0,340,9.5,216.0,745,5,5.0,4.5,4.0,2.2,4.8,0,0,1,0,0,0.72,92.0,2
38.1,43.1,2.2,13.0,3.6,100000,80,110000.0,385,9.0,205.0,132,4,4.5,3.5,5.0,2.0,5.0,0,0,0,1,0,1.1,90.1,2
38.1,43.1,2.2,13.0,3.6,100000,80,90000.0,408,19.5,0.0,366,4,5.0,4.5,4.8,3.5,5.0,1,0,0,0,1,0.9,100.0,2
38.1,43.1,2.2,13.0,3.6,100000,80,95000.0,353,9.5,216.0,495,4,5.0,4.8,4.2,2.5,5.0,0,0,0,0,1,0.95,92.2,2
38.1,43.1,2.2,13.0,3.6,100000,80,70000.0,350,10.0,228.0,500,5,4.2,4.2,4.2,2.0,5.0,0,0,0,0,1,0.7,90.2,2
38.1,43.1,2.2,13.0,3.6,100000,80,78000.0,350,10.5,239.0,580,5,4.2,4.2,3.5,1.8,4.8,0,0,1,0,0,0.78,85.6,2
38.1,43.1,2.2,13.0,3.6,100000,80,48000.0,204,6.8,179.0,619,5,4.5,4.2,3.2,3.2,4.5,0,0,1,0,0,0.48,86.0,2
38.1,43.1,2.2,13.0,3.6,100000,80,65000.0,400,22.0,0.0,505,5,4.8,4.0,4.0,3.2,4.8,1,0,1,0,0,0.65,91.0,2
38.1,43.1,2.2,13.0,3.6,100000,80,75000.0,450,10.0,228.0,310,2,4.0,3.2,4.8,1.8,5.0,0,0,0,1,0,0.75,89.6,2
38.1,43.1,2.2,13.0,3.6,100000,80,32000.0,184,4.8,110.0,320,5,4.8,3.8,2.5,4.5,4.0,0,1,1,0,0,0.32,68.1,1
38.1,43.1,2.2,13.0,3.6,100000,80,42000.0,244,5.8,132.0,520,5,5.0,4.5,2.8,4.2,4.5,0,1,1,0,0,0.42,82.4,2
38.1,43.1,2.2,13.0,3.6,100000,80,55000.0,308,6.0,137.0,612,5,5.0,4.8,3.0,3.8,4.5,0,1,1,0,0,0.55,88.1,2
38.1,43.1,2.2,13.0,3.6,100000,80,42000.0,218,4.8,110.0,454,5,5.0,4.8,2.5,4.5,4.5,0,1,0,0,1,0.42,81.4,2
38.1,43.1,2.2,13.0,3.6,100000,80,95000.0,471,10.0,228.0,197,4,4.5,4.0,4.5,2.0,5.0,0,0,0,1,0,0.95,87.4,2
38.1,43.1,2.2,13.0,3.6,100000,80,35000.0,204,15.5,0.0,385,5,4.3,3.5,3.5,4.2,4.3,1,0,0,0,0,0.35,78.2,2
38.1,43.1,2.2,13.0,3.6,100000,80,35000.0,245,7.5,171.0,420,5,4.3,3.5,4.0,3.0,4.5,0,0,1,0,0,0.35,83.3,2
38.1,43.1,2.2,13.0,3.6,100000,80,38000.0,300,7.5,170.0,380,5,4.3,3.5,4.7,2.8,4.5,0,0,0,0,0,0.38,84.2,2
38.1,43.1,2.2,13.0,3.6,100000,80,62000.0,300,8.0,183.0,150,2,4.0,3.0,4.8,2.5,4.8,0,0,0,1,0,0.62,85.6,2
38.1,43.1,2.2,13.0,3.6,100000,80,48000.0,258,7.5,171.0,281,2,4.0,3.2,4.5,2.8,4.8,0,0,0,1,0,0.48,81.4,2
38.1,43.1,2.2,13.0,3.6,100000,80,110000.0,449,9.0,206.0,550,5,5.0,5.0,3.5,2.5,5.0,0,0,0,0,1,1.1,90.6,2
38.1,43.1,2.2,13.0,3.6,100000,80,100000.0,400,8.5,194.0,540,5,5.0,5.0,3.5,2.5,5.0,0,0,0,0,1,1.0,87.8,2
38.1,43.1,2.2,13.0,3.6,100000,80,90000.0,340,8.0,183.0,505,5,5.0,5.0,3.2,2.8,5.0,0,0,0,0,1,0.9,91.3,2
38.1,43.1,2.2,13.0,3.6,100000,80,38000.0,245,8.0,183.0,330,5,4.5,4.0,4.0,3.0,4.3,0,0,0,0,1,0.38,87.3,2
38.1,43.1,2.2,13.0,3.6,100000,80,42000.0,245,8.5,194.0,542,5,4.8,4.2,3.5,3.0,4.5,0,0,1,0,0,0.42,84.7,2
38.1,43.1,2.2,13.0,3.6,100000,80,42000.0,408,15.5,0.0,405,5,4.8,4.0,4.0,4.2,4.5,1,0,0,0,1,0.42,89.5,2
52.3,25.7,10.6,1.7,9.8,60000,50,6500.0,73,6.4,149.0,510,5,3.0,2.5,1.5,4.8,2.0,0,0,0,0,1,0.108,46.3,0
52.3,25.7,10.6,1.7,9.8,60000,50,9800.0,91,6.0,137.0,528,5,3.4,3.0,1.5,4.7,2.8,0,0,0,0,1,0.163,57.6,1
52.3,25.7,10.6,1.7,9.8,60000,50,7200.0,73,6.2,144.0,328,5,3.2,2.5,1.8,4.6,2.5,0,0,0,0,0,0.12,49.6,0
52.3,25.7,10.6,1.7,9.8,60000,50,13500.0,91,6.1,139.0,328,5,3.4,3.0,2.0,4.5,3.2,0,0,0,0,0,0.225,54.4,0
52.3,25.7,10.6,1.7,9.8,60000,50,14000.0,115,5.7,150.0,445,5,3.0,3.0,2.0,4.2,2.8,0,0,1,0,0,0.233,55.5,1
52.3,25.7,10.6,1.7,9.8,60000,50,19500.0,130,6.8,155.0,445,5,3.5,3.2,2.2,4.0,3.5,0,0,1,0,0,0.325,64.9,1
52.3,25.7,10.6,1.7,9.8,60000,50,15800.0,110,6.4,146.0,708,7,3.2,3.2,1.5,4.3,3.0,0,0,0,0,0,0.263,58.7,1
52.3,25.7,10.6,1.7,9.8,60000,50,12000.0,65,14.5,0.0,290,4,2.8,2.2,1.2,4.9,2.5,1,0,0,0,0,0.2,35.6,0
52.3,25.7,10.6,1.7,9.8,60000,50,11500.0,100,5.8,132.0,391,5,4.2,3.5,2.5,4.3,3.5,0,0,0,0,0,0.192,65.3,1
52.3,25.7,10.6,1.7,9.8,60000,50,16000.0,140,4.3,98.0,391,5,4.2,3.8,2.8,4.7,3.8,0,1,0,0,0,0.267,68.1,1
52.3,25.7,10.6,1.7,9.8,60000,50,13000.0,115,4.8,128.0,384,5,4.0,3.5,2.8,4.2,3.3,0,0,0,0,0,0.217,63.6,1
52.3,25.7,10.6,1.7,9.8,60000,50,35000.0,220,16.1,0.0,440,5,4.5,4.0,3.2,4.5,4.2,1,0,0,0,0,0.583,78.2,2
52.3,25.7,10.6,1.7,9.8,60000,50,17500.0,130,6.4,147.0,422,5,4.0,3.5,2.2,4.0,3.5,0,0,1,0,0,0.292,64.8,1
52.3,25.7,10.6,1.7,9.8,60000,50,28000.0,200,4.6,105.0,500,5,4.3,4.0,3.0,4.3,3.8,0,1,1,0,0,0.467,77.6,2
52.3,25.7,10.6,1.7,9.8,60000,50,14500.0,100,5.9,136.0,309,5,4.2,3.5,2.5,4.2,4.0,0,0,0,0,0,0.242,65.9,1
52.3,25.7,10.6,1.7,9.8,60000,50,16500.0,100,5.8,132.0,309,5,4.2,3.5,2.5,4.2,4.2,0,0,0,0,0,0.275,63.6,1
52.3,25.7,10.6,1.7,9.8,60000,50,28000.0,136,15.2,0.0,265,5,4.2,3.5,3.0,4.5,4.2,1,0,0,0,0,0.467,70.6,1
52.3,25.7,10.6,1.7,9.8,60000,50,22000.0,130,6.1,139.0,412,5,4.3,3.8,3.0,4.0,4.3,0,0,0,0,0,0.367,75.8,2
52.3,25.7,10.6,1.7,9.8,60000,50,24000.0,130,5.2,138.0,520,5,4.3,4.0,2.5,4.2,4.0,0,0,1,0,0,0.4,82.6,2
52.3,25.7,10.6,1.7,9.8,60000,50,35000.0,225,1.4,32.0,520,5,4.5,4.2,3.0,4.5,4.5,0,1,1,0,0,0.583,89.5,2
52.3,25.7,10.6,1.7,9.8,60000,50,30000.0,130,5.5,144.0,780,7,4.2,4.0,2.0,4.0,3.8,0,0,1,0,0,0.5,76.7,2
52.3,25.7,10.6,1.7,9.8,60000,50,12000.0,83,5.8,132.0,300,5,3.5,3.2,1.5,4.5,3.0,0,0,0,0,0,0.2,54.7,0
52.3,25.7,10.6,1.7,9.8,60000,50,18000.0,110,6.2,142.0,410,5,3.5,3.3,1.8,4.2,3.2,0,0,1,0,0,0.3,64.9,1
52.3,25.7,10.6,1.7,9.8,60000,50,22000.0,130,6.0,137.0,380,5,4.0,4.0,2.2,4.0,3.8,0,0,0,0,0,0.367,69.1,1
52.3,25.7,10.6,1.7,9.8,60000,50,26000.0,130,5.5,144.0,580,5,4.2,4.2,2.0,4.0,3.5,0,0,1,0,0,0.433,78.6,2
52.3,25.7,10.6,1.7,9.8,60000,50,14000.0,100,5.8,132.0,309,5,4.0,3.3,2.5,4.3,3.3,0,0,0,0,0,0.233,62.3,1
52.3,25.7,10.6,1.7,9.8,60000,50,27000.0,136,15.2,0.0,267,5,4.0,3.3,2.8,4.5,3.5,1,0,0,0,0,0.45,68.7,1
52.3,25.7,10.6,1.7,9.8,60000,50,23000.0,130,6.1,139.0,422,5,4.2,3.8,3.0,4.0,4.0,0,0,0,0,0,0.383,71.0,1
52.3,25.7,10.6,1.7,9.8,60000,50,22000.0,130,6.5,148.0,350,5,4.0,3.5,2.5,3.8,4.0,0,0,1,0,0,0.367,67.2,1
52.3,25.7,10.6,1.7,9.8,60000,50,10500.0,100,5.9,136.0,292,5,3.8,3.0,3.0,4.3,3.2,0,0,0,0,0,0.175,59.6,1
52.3,25.7,10.6,1.7,9.8,60000,50,15000.0,125,6.0,137.0,375,5,4.2,3.5,3.3,4.0,3.5,0,0,0,0,0,0.25,68.5,1
52.3,25.7,10.6,1.7,9.8,60000,50,20000.0,120,4.7,123.0,575,5,4.2,3.8,2.8,4.5,3.3,0,0,0,0,0,0.333,79.3,2
52.3,25.7,10.6,1.7,9.8,60000,50,22000.0,125,5.4,124.0,456,5,4.3,3.5,2.8,4.3,4.0,0,1,1,0,0,0.367,72.5,1
52.3,25.7,10.6,1.7,9.8,60000,50,25000.0,190,1.4,32.0,475,5,4.3,3.8,2.8,4.5,3.5,0,1,1,0,0,0.417,73.3,1
52.3,25.7,10.6,1.7,9.8,60000,50,48000.0,269,18.1,0.0,402,5,4.5,4.0,4.0,4.0,4.5,1,0,1,0,0,0.8,88.0,2
52.3,25.7,10.6,1.7,9.8,60000,50,13000.0,95,5.7,130.0,351,5,4.2,3.5,2.5,4.3,3.5,0,0,0,0,0,0.217,64.3,1
52.3,25.7,10.6,1.7,9.8,60000,50,18000.0,110,5.6,128.0,351,5,4.3,3.5,2.8,4.3,3.7,0,0,0,0,0,0.3,72.3,1
52.3,25.7,10.6,1.7,9.8,60000,50,18500.0,130,6.0,137.0,381,5,4.5,4.0,3.5,4.0,4.0,0,0,0,0,0,0.308,78.9,2
52.3,25.7,10.6,1.7,9.8,60000,50,28000.0,150,5.8,132.0,381,5,4.5,4.2,3.5,4.0,4.2,0,0,0,0,0,0.467,80.3,2
52.3,25.7,10.6,1.7,9.8,60000,50,38000.0,245,7.4,168.0,381,5,4.5,3.8,4.5,3.2,4.5,0,0,0,0,0,0.633,86.2,2
52.3,25.7,10.6,1.7,9.8,60000,50,48000.0,320,8.0,183.0,381,5,4.5,3.8,4.8,2.8,4.5,0,0,0,0,0,0.8,87.1,2
52.3,25.7,10.6,1.7,9.8,60000,50,28000.0,150,5.5,144.0,615,5,4.5,4.2,2.5,4.0,3.8,0,0,1,0,0,0.467,78.0,2
52.3,25.7,10.6,1.7,9.8,60000,50,38000.0,150,7.0,160.0,615,5,4.5,4.3,2.8,3.8,4.2,0,0,1,0,0,0.633,87.4,2
52.3,25.7,10.6,1.7,9.8,60000,50,20000.0,150,5.0,132.0,650,5,4.5,4.3,3.0,4.3,3.8,0,0,0,0,0,0.333,84.6,2
52.3,25.7,10.6,1.7,9.8,60000,50,40000.0,272,7.2,164.0,690,5,4.8,4.5,3.5,3.5,4.2,0,0,0,0,0,0.667,92.6,2
52.3,25.7,10.6,1.7,9.8,60000,50,35000.0,200,5.5,144.0,563,5,4.5,4.5,3.5,4.0,4.8,0,0,0,0,1,0.583,93.4,2
52.3,25.7,10.6,1.7,9.8,60000,50,32000.0,204,15.8,0.0,385,5,4.3,3.8,3.0,4.5,3.8,1,0,0,0,0,0.533,71.7,1
52.3,25.7,10.6,1.7,9.8,60000,50,38000.0,204,17.0,0.0,543,5,4.5,4.0,2.8,4.3,4.0,1,0,1,0,0,0.633,85.0,2
52.3,25.7,10.6,1.7,9.8,60000,50,14500.0,110,5.5,126.0,380,5,4.0,3.3,2.5,4.5,3.2,0,0,0,0,0,0.242,60.4,1
52.3,25.7,10.6,1.7,9.8,60000,50,18000.0,150,4.8,126.0,640,5,4.5,4.0,3.0,4.5,3.5,0,0,0,0,0,0.3,81.4,2
52.3,25.7,10.6,1.7,9.8,60000,50,25000.0,150,6.2,141.0,640,5,4.5,4.2,3.0,4.2,3.8,0,0,0,0,0,0.417,84.6,2
52.3,25.7,10.6,1.7,9.8,60000,50,35000.0,245,7.1,161.0,640,5,4.5,3.8,4.3,3.2,4.2,0,0,0,0,0,0.583,84.1,2
52.3,25.7,10.6,1.7,9.8,60000,50,30000.0,150,5.0,132.0,660,5,4.5,4.5,2.8,4.3,4.0,0,0,0,0,0,0.5,86.7,2
52.3,25.7,10.6,1.7,9.8,60000,50,32000.0,150,5.8,152.0,720,7,4.5,4.2,2.2,4.0,3.5,0,0,1,0,0,0.533,83.6,2
52.3,25.7,10.6,1.7,9.8,60000,50,20000.0,110,6.0,137.0,400,5,4.2,3.5,2.2,4.2,3.5,0,0,1,0,0,0.333,64.0,1
52.3,25.7,10.6,1.7,9.8,60000,50,13500.0,110,5.6,128.0,355,5,4.0,3.2,2.8,4.3,3.5,0,0,0,0,0,0.225,61.6,1
52.3,25.7,10.6,1.7,9.8,60000,50,20000.0,150,6.0,137.0,380,5,4.3,3.5,3.5,4.0,4.0,0,0,0,0,0,0.333,75.2,2
52.3,25.7,10.6,1.7,9.8,60000,50,35000.0,300,7.5,170.0,380,5,4.3,3.5,4.7,3.0,4.3,0,0,0,0,0,0.583,79.9,2
52.3,25.7,10.6,1.7,9.8,60000,50,25000.0,150,5.6,147.0,510,5,4.3,3.8,2.8,4.2,3.5,0,0,1,0,0,0.417,78.9,2
52.3,25.7,10.6,1.7,9.8,60000,50,15000.0,116,3.8,87.0,286,5,4.5,3.3,2.2,4.8,3.2,0,1,0,0,0,0.25,55.5,1
52.3,25.7,10.6,1.7,9.8,60000,50,22000.0,116,4.4,101.0,320,5,4.5,3.5,2.0,4.7,3.5,0,1,1,0,0,0.367,68.1,1
52.3,25.7,10.6,1.7,9.8,60000,50,22000.0,140,4.5,103.0,361,5,4.5,3.8,3.0,4.7,3.8,0,1,0,0,0,0.367,72.2,1
52.3,25.7,10.6,1.7,9.8,60000,50,30000.0,197,5.0,114.0,433,5,4.8,4.0,2.5,4.5,3.8,0,1,1,0,0,0.5,76.5,2
52.3,25.7,10.6,1.7,9.8,60000,50,32000.0,222,5.6,128.0,580,5,4.8,4.0,2.5,4.3,3.5,0,1,1,0,0,0.533,79.1,2
52.3,25.7,10.6,1.7,9.8,60000,50,35000.0,218,4.9,112.0,493,5,4.8,4.5,2.8,4.5,3.8,0,1,0,0,1,0.583,87.2,2
52.3,25.7,10.6,1.7,9.8,60000,50,28000.0,200,4.8,110.0,310,5,4.5,3.5,3.0,4.5,4.2,0,1,1,0,0,0.467,74.4,1
52.3,25.7,10.6,1.7,9.8,60000,50,55000.0,340,8.5,194.0,290,2,4.0,3.0,4.8,2.5,4.8,0,0,0,1,0,0.917,74.6,1
52.3,25.7,10.6,1.7,9.8,60000,50,28000.0,182,6.5,148.0,404,5,4.5,3.8,3.5,3.8,4.0,0,0,0,0,0,0.467,73.4,1
52.3,25.7,10.6,1.7,9.8,60000,50,27000.0,131,5.4,122.0,319,5,4.3,3.5,2.2,4.5,3.5,0,1,1,0,0,0.45,67.7,1
52.3,25.7,10.6,1.7,9.8,60000,50,38000.0,184,6.0,137.0,587,5,4.5,4.0,2.5,4.2,3.5,0,1,1,0,0,0.633,83.2,2
52.3,25.7,10.6,1.7,9.8,60000,50,35000.0,184,6.2,141.0,380,5,4.5,3.8,3.0,4.0,4.0,0,1,1,0,0,0.583,75.7,2
52.3,25.7,10.6,1.7,9.8,60000,50,13000.0,100,5.8,132.0,351,5,4.0,3.2,2.5,4.3,3.5,0,0,0,0,0,0.217,59.1,1
52.3,25.7,10.6,1.7,9.8,60000,50,19000.0,160,6.5,148.0,395,5,4.3,3.5,3.0,4.0,3.5,0,0,0,0,0,0.317,68.2,1
52.3,25.7,10.6,1.7,9.8,60000,50,35000.0,280,8.0,183.0,395,5,4.0,3.2,4.7,2.8,4.0,0,0,0,0,0,0.583,76.0,2
52.3,25.7,10.6,1.7,9.8,60000,50,28000.0,230,5.5,126.0,546,5,4.5,4.0,2.8,4.3,4.2,0,1,1,0,0,0.467,83.0,2
52.3,25.7,10.6,1.7,9.8,60000,50,24000.0,120,6.2,141.0,466,5,4.3,3.5,2.2,4.0,3.8,0,0,1,0,0,0.4,70.6,1
52.3,25.7,10.6,1.7,9.8,60000,50,35000.0,204,14.7,0.0,466,5,4.3,3.5,3.0,4.5,3.8,1,0,1,0,0,0.583,70.1,1
52.3,25.7,10.6,1.7,9.8,60000,50,42000.0,325,16.8,0.0,527,5,4.8,4.3,3.5,4.3,4.8,1,0,1,0,0,0.7,94.1,2
52.3,25.7,10.6,1.7,9.8,60000,50,45000.0,325,14.3,0.0,401,5,4.8,4.3,3.5,4.5,4.8,1,0,0,0,1,0.75,88.8,2
52.3,25.7,10.6,1.7,9.8,60000,50,10500.0,67,4.8,109.0,255,5,3.2,2.5,1.5,4.8,2.8,0,0,0,0,0,0.175,44.6,0
52.3,25.7,10.6,1.7,9.8,60000,50,19000.0,160,6.5,148.0,395,5,4.2,3.5,3.0,4.0,3.5,0,0,0,0,0,0.317,70.0,1
52.3,25.7,10.6,1.7,9.8,60000,50,30000.0,230,5.5,126.0,543,5,4.5,4.0,2.8,4.3,4.3,0,1,1,0,0,0.5,82.5,2
52.3,25.7,10.6,1.7,9.8,60000,50,45000.0,325,16.5,0.0,490,5,4.8,4.2,4.0,4.3,4.8,1,0,1,0,0,0.75,91.6,2
52.3,25.7,10.6,1.7,9.8,60000,50,40000.0,245,8.5,194.0,406,5,4.2,4.0,4.2,3.0,4.5,0,0,0,0,1,0.667,85.1,2
52.3,25.7,10.6,1.7,9.8,60000,50,22000.0,150,6.5,148.0,358,5,4.3,3.8,3.5,3.8,4.5,0,0,0,0,0,0.367,75.5,2
52.3,25.7,10.6,1.7,9.8,60000,50,28000.0,165,7.1,163.0,506,5,4.3,4.0,3.0,3.5,4.0,0,0,1,0,0,0.467,84.4,2
52.3,25.7,10.6,1.7,9.8,60000,50,24000.0,150,6.5,148.0,430,5,4.3,3.8,3.0,3.8,4.3,0,0,1,0,0,0.4,75.6,2
52.3,25.7,10.6,1.7,9.8,60000,50,30000.0,184,6.8,155.0,130,2,3.5,3.0,4.5,3.5,4.8,0,0,0,1,0,0.5,73.1,1
52.3,25.7,10.6,1.7,9.8,60000,50,10000.0,100,5.4,123.0,300,5,3.8,2.8,2.0,4.5,3.0,0,0,0,0,0,0.167,54.1,0
52.3,25.7,10.6,1.7,9.8,60000,50,27000.0,158,6.5,148.0,504,5,4.3,3.8,2.5,3.8,3.8,0,0,1,0,0,0.45,77.4,2
52.3,25.7,10.6,1.7,9.8,60000,50,28000.0,150,15.5,0.0,435,5,4.0,3.5,2.5,4.5,3.0,1,0,0,0,0,0.467,66.4,1
52.3,25.7,10.6,1.7,9.8,60000,50,42000.0,242,16.5,0.0,468,5,4.5,4.2,3.0,4.2,4.2,1,0,1,0,0,0.7,85.3,2
52.3,25.7,10.6,1.7,9.8,60000,50,22000.0,136,6.5,148.0,380,5,4.3,3.5,3.5,3.5,4.0,0,0,0,0,0,0.367,68.5,1
52.3,25.7,10.6,1.7,9.8,60000,50,32000.0,170,6.8,155.0,380,5,4.5,3.8,3.8,3.3,4.3,0,0,0,0,0,0.533,77.4,2
52.3,25.7,10.6,1.7,9.8,60000,50,28000.0,190,5.2,137.0,480,5,4.5,4.2,4.0,4.0,4.5,0,0,0,0,1,0.467,87.1,2
52.3,25.7,10.6,1.7,9.8,60000,50,42000.0,245,7.0,159.0,480,5,4.8,4.3,4.2,3.5,4.5,0,0,0,0,1,0.7,94.5,2
52.3,25.7,10.6,1.7,9.8,60000,50,40000.0,190,5.5,144.0,530,5,4.8,4.8,3.5,3.8,4.8,0,0,0,0,1,0.667,98.2,2
52.3,25.7,10.6,1.7,9.8,60000,50,55000.0,299,7.5,171.0,520,5,5.0,4.8,4.0,3.3,4.8,0,0,0,0,1,0.917,96.2,2
52.3,25.7,10.6,1.7,9.8,60000,50,32000.0,136,6.8,155.0,540,5,4.5,4.0,3.0,3.5,4.0,0,0,1,0,0,0.533,80.2,2
52.3,25.7,10.6,1.7,9.8,60000,50,40000.0,190,5.8,152.0,550,5,4.8,4.3,3.2,3.8,4.3,0,0,1,0,0,0.667,92.1,2
52.3,25.7,10.6,1.7,9.8,60000,50,58000.0,286,6.8,179.0,650,5,5.0,4.8,3.5,3.2,4.5,0,0,1,0,0,0.967,94.3,2
52.3,25.7,10.6,1.7,9.8,60000,50,52000.0,286,17.5,0.0,510,5,4.8,4.2,3.5,4.0,4.3,1,0,1,0,0,0.867,90.9,2
52.3,25.7,10.6,1.7,9.8,60000,50,48000.0,340,16.1,0.0,470,5,4.8,4.2,4.2,4.0,4.8,1,0,0,0,1,0.8,92.7,2
52.3,25.7,10.6,1.7,9.8,60000,50,24000.0,163,6.5,148.0,370,5,4.3,3.8,3.0,3.5,4.2,0,0,0,0,0,0.4,67.9,1
52.3,25.7,10.6,1.7,9.8,60000,50,30000.0,163,6.3,144.0,370,5,4.5,4.0,3.0,3.5,4.3,0,0,0,0,0,0.5,80.4,2
52.3,25.7,10.6,1.7,9.8,60000,50,38000.0,204,6.8,155.0,455,5,4.8,4.5,3.5,3.5,4.8,0,0,0,0,1,0.633,89.4,2
52.3,25.7,10.6,1.7,9.8,60000,50,45000.0,313,2.0,46.0,455,5,5.0,4.8,3.8,4.2,4.8,0,1,0,0,1,0.75,96.7,2
52.3,25.7,10.6,1.7,9.8,60000,50,45000.0,220,5.5,144.0,540,5,5.0,4.8,3.2,3.8,4.8,0,0,0,0,1,0.75,93.5,2
52.3,25.7,10.6,1.7,9.8,60000,50,58000.0,313,2.0,46.0,540,5,5.0,5.0,3.5,4.0,5.0,0,1,0,0,1,0.967,97.2,2
52.3,25.7,10.6,1.7,9.8,60000,50,32000.0,163,6.8,155.0,435,5,4.5,4.0,2.8,3.5,4.2,0,0,1,0,0,0.533,79.7,2
52.3,25.7,10.6,1.7,9.8,60000,50,45000.0,204,7.2,164.0,600,5,4.8,4.5,3.0,3.3,4.5,0,0,1,0,0,0.75,87.8,2
52.3,25.7,10.6,1.7,9.8,60000,50,60000.0,272,7.0,184.0,630,5,5.0,4.8,3.0,3.0,4.5,0,0,1,0,0,1.0,94.3,2
52.3,25.7,10.6,1.7,9.8,60000,50,42000.0,190,17.0,0.0,340,5,4.5,4.0,2.8,4.2,4.2,1,0,1,0,0,0.7,79.9,2
52.3,25.7,10.6,1.7,9.8,60000,50,55000.0,408,21.3,0.0,500,5,4.8,4.3,3.5,3.5,4.3,1,0,1,0,0,0.917,85.7,2
52.3,25.7,10.6,1.7,9.8,60000,50,62000.0,408,9.0,206.0,455,5,4.8,4.2,4.8,2.5,4.8,0,0,0,0,1,1.033,92.4,2
52.3,25.7,10.6,1.7,9.8,60000,50,18000.0,116,5.8,132.0,335,5,4.0,3.2,2.5,4.0,4.0,0,0,0,0,0,0.3,64.9,1
52.3,25.7,10.6,1.7,9.8,60000,50,28000.0,150,6.2,141.0,380,5,4.5,3.8,3.2,3.8,4.3,0,0,0,0,1,0.467,75.7,2
52.3,25.7,10.6,1.7,9.8,60000,50,30000.0,163,5.2,137.0,460,5,4.5,4.3,3.5,4.0,4.5,0,0,0,0,1,0.5,84.0,2
52.3,25.7,10.6,1.7,9.8,60000,50,42000.0,204,6.8,155.0,460,5,4.8,4.5,3.5,3.5,4.5,0,0,0,0,1,0.7,87.3,2
52.3,25.7,10.6,1.7,9.8,60000,50,42000.0,204,5.5,144.0,530,5,4.8,4.8,3.2,3.8,4.8,0,0,0,0,1,0.7,97.5,2
52.3,25.7,10.6,1.7,9.8,60000,50,30000.0,150,6.8,155.0,530,5,4.5,4.0,2.8,3.5,4.2,0,0,1,0,0,0.5,84.6,2
52.3,25.7,10.6,1.7,9.8,60000,50,42000.0,204,6.0,158.0,520,5,4.8,4.3,3.0,3.5,4.3,0,0,1,0,0,0.7,85.5,2
52.3,25.7,10.6,1.7,9.8,60000,50,55000.0,286,7.2,189.0,705,7,5.0,4.8,3.0,3.0,4.5,0,0,1,0,0,0.917,90.5,2
52.3,25.7,10.6,1.7,9.8,60000,50,55000.0,400,8.5,194.0,321,5,4.5,3.5,4.8,2.5,4.5,0,0,0,0,1,0.917,82.1,2
52.3,25.7,10.6,1.7,9.8,60000,50,32000.0,163,7.0,160.0,452,5,4.8,4.0,2.5,3.5,4.0,0,0,1,0,0,0.533,76.2,2
52.3,25.7,10.6,1.7,9.8,60000,50,42000.0,197,6.2,163.0,483,5,5.0,4.5,2.8,3.5,4.3,0,0,1,0,0,0.7,88.4,2
52.3,25.7,10.6,1.7,9.8,60000,50,58000.0,303,2.4,55.0,640,7,5.0,4.8,2.5,4.0,4.5,0,1,1,0,0,0.967,89.5,2
52.3,25.7,10.6,1.7,9.8,60000,50,48000.0,408,17.8,0.0,413,5,5.0,4.0,3.5,4.0,4.5,1,0,1,0,0,0.8,85.0,2
52.3,25.7,10.6,1.7,9.8,60000,50,35000.0,197,7.0,160.0,442,5,5.0,4.3,3.5,3.5,4.5,0,0,0,0,1,0.583,87.8,2
52.3,25.7,10.6,1.7,9.8,60000,50,40000.0,325,14.0,0.0,561,5,4.8,3.8,4.2,4.5,4.5,1,0,0,0,1,0.667,92.2,2
52.3,25.7,10.6,1.7,9.8,60000,50,45000.0,325,15.0,0.0,854,5,4.8,3.8,3.8,4.3,4.3,1,0,1,0,0,0.75,89.4,2
52.3,25.7,10.6,1.7,9.8,60000,50,12000.0,69,5.2,119.0,185,4,3.5,2.5,1.5,4.5,4.0,0,0,0,0,0,0.2,47.9,0
52.3,25.7,10.6,1.7,9.8,60000,50,14000.0,100,6.2,141.0,520,5,3.5,3.0,2.0,4.2,2.8,0,0,0,0,1,0.233,61.0,1
52.3,25.7,10.6,1.7,9.8,60000,50,25000.0,118,13.0,0.0,185,4,3.8,2.8,2.5,4.5,4.5,1,0,0,0,0,0.417,59.2,1
52.3,25.7,10.6,1.7,9.8,60000,50,25000.0,136,5.8,132.0,211,4,4.0,3.3,3.5,3.5,4.5,0,0,0,0,0,0.417,69.4,1
52.3,25.7,10.6,1.7,9.8,60000,50,32000.0,136,6.8,155.0,450,5,4.2,3.5,3.0,3.2,4.2,0,0,1,0,0,0.533,73.7,1
52.3,25.7,10.6,1.7,9.8,60000,50,35000.0,200,7.2,164.0,480,5,4.3,3.8,4.2,3.0,4.8,0,0,0,0,1,0.583,79.6,2
52.3,25.7,10.6,1.7,9.8,60000,50,38000.0,200,7.5,171.0,525,5,4.3,3.8,3.5,3.0,4.5,0,0,1,0,0,0.633,85.9,2
52.3,25.7,10.6,1.7,9.8,60000,50,24000.0,150,7.0,160.0,345,5,4.5,3.5,3.5,3.5,3.2,0,0,0,0,0,0.4,71.0,1
52.3,25.7,10.6,1.7,9.8,60000,50,32000.0,150,7.5,171.0,520,5,4.8,3.8,2.5,3.3,3.0,0,0,1,0,0,0.533,73.0,1
52.3,25.7,10.6,1.7,9.8,60000,50,28000.0,150,7.2,164.0,385,5,4.5,3.5,3.0,3.3,3.2,0,0,1,0,0,0.467,69.1,1
52.3,25.7,10.6,1.7,9.8,60000,50,12000.0,83,5.2,119.0,265,5,3.5,2.8,2.5,4.8,3.0,0,0,0,0,0,0.2,53.9,0
52.3,25.7,10.6,1.7,9.8,60000,50,20000.0,129,6.5,148.0,375,5,3.8,3.2,2.5,4.0,3.2,0,0,1,0,0,0.333,66.1,1
52.3,25.7,10.6,1.7,9.8,60000,50,20000.0,150,6.5,148.0,393,5,3.8,3.3,2.2,3.8,3.2,0,0,1,0,0,0.333,62.1,1
52.3,25.7,10.6,1.7,9.8,60000,50,40000.0,252,1.8,41.0,469,5,4.5,4.0,2.8,4.5,3.5,0,1,1,0,0,0.667,81.6,2
52.3,25.7,10.6,1.7,9.8,60000,50,22000.0,130,7.0,160.0,351,5,3.5,3.0,2.5,3.5,3.5,0,0,1,0,0,0.367,61.8,1
52.3,25.7,10.6,1.7,9.8,60000,50,28000.0,130,5.8,152.0,438,5,3.8,3.3,2.5,3.8,3.3,0,0,1,0,0,0.467,67.8,1
52.3,25.7,10.6,1.7,9.8,60000,50,55000.0,272,10.0,228.0,548,5,3.5,2.8,3.5,2.5,4.0,0,0,1,0,0,0.917,68.2,1
52.3,25.7,10.6,1.7,9.8,60000,50,38000.0,163,6.2,163.0,602,5,4.3,4.0,2.5,3.2,4.0,0,0,1,0,0,0.633,81.6,2
52.3,25.7,10.6,1.7,9.8,60000,50,42000.0,163,6.5,171.0,591,5,4.3,4.2,2.8,3.0,4.8,0,0,1,0,0,0.7,87.6,2
52.3,25.7,10.6,1.7,9.8,60000,50,58000.0,265,8.8,201.0,488,5,4.8,4.2,4.3,2.5,4.8,0,0,1,0,0,0.967,88.1,2
52.3,25.7,10.6,1.7,9.8,60000,50,48000.0,204,6.8,179.0,619,5,4.5,4.2,3.2,3.2,4.5,0,0,1,0,0,0.8,90.7,2
52.3,25.7,10.6,1.7,9.8,60000,50,65000.0,400,22.0,0.0,505,5,4.8,4.0,4.0,3.2,4.8,1,0,1,0,0,1.083,84.7,2
52.3,25.7,10.6,1.7,9.8,60000,50,32000.0,184,4.8,110.0,320,5,4.8,3.8,2.5,4.5,4.0,0,1,1,0,0,0.533,79.0,2
52.3,25.7,10.6,1.7,9.8,60000,50,42000.0,244,5.8,132.0,520,5,5.0,4.5,2.8,4.2,4.5,0,1,1,0,0,0.7,93.0,2
52.3,25.7,10.6,1.7,9.8,60000,50,55000.0,308,6.0,137.0,612,5,5.0,4.8,3.0,3.8,4.5,0,1,1,0,0,0.917,92.0,2
52.3,25.7,10.6,1.7,9.8,60000,50,42000.0,218,4.8,110.0,454,5,5.0,4.8,2.5,4.5,4.5,0,1,0,0,1,0.7,87.9,2
52.3,25.7,10.6,1.7,9.8,60000,50,35000.0,204,15.5,0.0,385,5,4.3,3.5,3.5,4.2,4.3,1,0,0,0,0,0.583,71.8,1
52.3,25.7,10.6,1.7,9.8,60000,50,35000.0,245,7.5,171.0,420,5,4.3,3.5,4.0,3.0,4.5,0,0,1,0,0,0.583,79.4,2
52.3,25.7,10.6,1.7,9.8,60000,50,38000.0,300,7.5,170.0,380,5,4.3,3.5,4.7,2.8,4.5,0,0,0,0,0,0.633,84.6,2
52.3,25.7,10.6,1.7,9.8,60000,50,62000.0,300,8.0,183.0,150,2,4.0,3.0,4.8,2.5,4.8,0,0,0,1,0,1.033,74.5,1
52.3,25.7,10.6,1.7,9.8,60000,50,48000.0,258,7.5,171.0,281,2,4.0,3.2,4.5,2.8,4.8,0,0,0,1,0,0.8,80.7,2
52.3,25.7,10.6,1.7,9.8,60000,50,38000.0,245,8.0,183.0,330,5,4.5,4.0,4.0,3.0,4.3,0,0,0,0,1,0.633,84.6,2
52.3,25.7,10.6,1.7,9.8,60000,50,42000.0,245,8.5,194.0,542,5,4.8,4.2,3.5,3.0,4.5,0,0,1,0,0,0.7,88.8,2
52.3,25.7,10.6,1.7,9.8,60000,50,42000.0,408,15.5,0.0,405,5,4.8,4.0,4.0,4.2,4.5,1,0,0,0,1,0.7,91.5,2
7.1,23.6,18.3,39.4,11.5,100000,30,6500.0,73,6.4,149.0,510,5,3.0,2.5,1.5,4.8,2.0,0,0,0,0,1,0.065,58.9,1
7.1,23.6,18.3,39.4,11.5,100000,30,9800.0,91,6.0,137.0,528,5,3.4,3.0,1.5,4.7,2.8,0,0,0,0,1,0.098,61.9,1
7.1,23.6,18.3,39.4,11.5,100000,30,7200.0,73,6.2,144.0,328,5,3.2,2.5,1.8,4.6,2.5,0,0,0,0,0,0.072,64.5,1
7.1,23.6,18.3,39.4,11.5,100000,30,13500.0,91,6.1,139.0,328,5,3.4,3.0,2.0,4.5,3.2,0,0,0,0,0,0.135,67.1,1
7.1,23.6,18.3,39.4,11.5,100000,30,14000.0,115,5.7,150.0,445,5,3.0,3.0,2.0,4.2,2.8,0,0,1,0,0,0.14,60.3,1
7.1,23.6,18.3,39.4,11.5,100000,30,19500.0,130,6.8,155.0,445,5,3.5,3.2,2.2,4.0,3.5,0,0,1,0,0,0.195,62.0,1
7.1,23.6,18.3,39.4,11.5,100000,30,15800.0,110,6.4,146.0,708,7,3.2,3.2,1.5,4.3,3.0,0,0,0,0,0,0.158,64.0,1
7.1,23.6,18.3,39.4,11.5,100000,30,12000.0,65,14.5,0.0,290,4,2.8,2.2,1.2,4.9,2.5,1,0,0,0,0,0.12,60.0,1
7.1,23.6,18.3,39.4,11.5,100000,30,11500.0,100,5.8,132.0,391,5,4.2,3.5,2.5,4.3,3.5,0,0,0,0,0,0.115,69.9,1
7.1,23.6,18.3,39.4,11.5,100000,30,16000.0,140,4.3,98.0,391,5,4.2,3.8,2.8,4.7,3.8,0,1,0,0,0,0.16,85.2,2
7.1,23.6,18.3,39.4,11.5,100000,30,13000.0,115,4.8,128.0,384,5,4.0,3.5,2.8,4.2,3.3,0,0,0,0,0,0.13,79.1,2
7.1,23.6,18.3,39.4,11.5,100000,30,35000.0,220,16.1,0.0,440,5,4.5,4.0,3.2,4.5,4.2,1,0,0,0,0,0.35,86.1,2
7.1,23.6,18.3,39.4,11.5,100000,30,17500.0,130,6.4,147.0,422,5,4.0,3.5,2.2,4.0,3.5,0,0,1,0,0,0.175,67.5,1
7.1,23.6,18.3,39.4,11.5,100000,30,28000.0,200,4.6,105.0,500,5,4.3,4.0,3.0,4.3,3.8,0,1,1,0,0,0.28,82.1,2
7.1,23.6,18.3,39.4,11.5,100000,30,14500.0,100,5.9,136.0,309,5,4.2,3.5,2.5,4.2,4.0,0,0,0,0,0,0.145,72.6,1
7.1,23.6,18.3,39.4,11.5,100000,30,16500.0,100,5.8,132.0,309,5,4.2,3.5,2.5,4.2,4.2,0,0,0,0,0,0.165,72.1,1
7.1,23.6,18.3,39.4,11.5,100000,30,28000.0,136,15.2,0.0,265,5,4.2,3.5,3.0,4.5,4.2,1,0,0,0,0,0.28,76.4,2
7.1,23.6,18.3,39.4,11.5,100000,30,22000.0,130,6.1,139.0,412,5,4.3,3.8,3.0,4.0,4.3,0,0,0,0,0,0.22,75.3,2
7.1,23.6,18.3,39.4,11.5,100000,30,24000.0,130,5.2,138.0,520,5,4.3,4.0,2.5,4.2,4.0,0,0,1,0,0,0.24,79.5,2
7.1,23.6,18.3,39.4,11.5,100000,30,35000.0,225,1.4,32.0,520,5,4.5,4.2,3.0,4.5,4.5,0,1,1,0,0,0.35,92.0,2
7.1,23.6,18.3,39.4,11.5,100000,30,30000.0,130,5.5,144.0,780,7,4.2,4.0,2.0,4.0,3.8,0,0,1,0,0,0.3,70.8,1
7.1,23.6,18.3,39.4,11.5,100000,30,12000.0,83,5.8,132.0,300,5,3.5,3.2,1.5,4.5,3.0,0,0,0,0,0,0.12,61.9,1
7.1,23.6,18.3,39.4,11.5,100000,30,18000.0,110,6.2,142.0,410,5,3.5,3.3,1.8,4.2,3.2,0,0,1,0,0,0.18,58.8,1
7.1,23.6,18.3,39.4,11.5,100000,30,22000.0,130,6.0,137.0,380,5,4.0,4.0,2.2,4.0,3.8,0,0,0,0,0,0.22,68.3,1
7.1,23.6,18.3,39.4,11.5,100000,30,26000.0,130,5.5,144.0,580,5,4.2,4.2,2.0,4.0,3.5,0,0,1,0,0,0.26,69.5,1
7.1,23.6,18.3,39.4,11.5,100000,30,14000.0,100,5.8,132.0,309,5,4.0,3.3,2.5,4.3,3.3,0,0,0,0,0,0.14,71.6,1
7.1,23.6,18.3,39.4,11.5,100000,30,27000.0,136,15.2,0.0,267,5,4.0,3.3,2.8,4.5,3.5,1,0,0,0,0,0.27,77.7,2
7.1,23.6,18.3,39.4,11.5,100000,30,23000.0,130,6.1,139.0,422,5,4.2,3.8,3.0,4.0,4.0,0,0,0,0,0,0.23,72.5,1
7.1,23.6,18.3,39.4,11.5,100000,30,22000.0,130,6.5,148.0,350,5,4.0,3.5,2.5,3.8,4.0,0,0,1,0,0,0.22,69.7,1
7.1,23.6,18.3,39.4,11.5,100000,30,10500.0,100,5.9,136.0,292,5,3.8,3.0,3.0,4.3,3.2,0,0,0,0,0,0.105,72.4,1
7.1,23.6,18.3,39.4,11.5,100000,30,15000.0,125,6.0,137.0,375,5,4.2,3.5,3.3,4.0,3.5,0,0,0,0,0,0.15,71.6,1
7.1,23.6,18.3,39.4,11.5,100000,30,20000.0,120,4.7,123.0,575,5,4.2,3.8,2.8,4.5,3.3,0,0,0,0,0,0.2,80.4,2
7.1,23.6,18.3,39.4,11.5,100000,30,22000.0,125,5.4,124.0,456,5,4.3,3.5,2.8,4.3,4.0,0,1,1,0,0,0.22,80.9,2
7.1,23.6,18.3,39.4,11.5,100000,30,25000.0,190,1.4,32.0,475,5,4.3,3.8,2.8,4.5,3.5,0,1,1,0,0,0.25,83.9,2
7.1,23.6,18.3,39.4,11.5,100000,30,48000.0,269,18.1,0.0,402,5,4.5,4.0,4.0,4.0,4.5,1,0,1,0,0,0.48,83.3,2
7.1,23.6,18.3,39.4,11.5,100000,30,13000.0,95,5.7,130.0,351,5,4.2,3.5,2.5,4.3,3.5,0,0,0,0,0,0.13,68.6,1
7.1,23.6,18.3,39.4,11.5,100000,30,18000.0,110,5.6,128.0,351,5,4.3,3.5,2.8,4.3,3.7,0,0,0,0,0,0.18,75.4,2
7.1,23.6,18.3,39.4,11.5,100000,30,18500.0,130,6.0,137.0,381,5,4.5,4.0,3.5,4.0,4.0,0,0,0,0,0,0.185,78.3,2
7.1,23.6,18.3,39.4,11.5,100000,30,28000.0,150,5.8,132.0,381,5,4.5,4.2,3.5,4.0,4.2,0,0,0,0,0,0.28,78.4,2
7.1,23.6,18.3,39.4,11.5,100000,30,38000.0,245,7.4,168.0,381,5,4.5,3.8,4.5,3.2,4.5,0,0,0,0,0,0.38,78.8,2
7.1,23.6,18.3,39.4,11.5,100000,30,48000.0,320,8.0,183.0,381,5,4.5,3.8,4.8,2.8,4.5,0,0,0,0,0,0.48,72.2,1
7.1,23.6,18.3,39.4,11.5,100000,30,28000.0,150,5.5,144.0,615,5,4.5,4.2,2.5,4.0,3.8,0,0,1,0,0,0.28,71.3,1
7.1,23.6,18.3,39.4,11.5,100000,30,38000.0,150,7.0,160.0,615,5,4.5,4.3,2.8,3.8,4.2,0,0,1,0,0,0.38,76.3,2
7.1,23.6,18.3,39.4,11.5,100000,30,20000.0,150,5.0,132.0,650,5,4.5,4.3,3.0,4.3,3.8,0,0,0,0,0,0.2,80.3,2
7.1,23.6,18.3,39.4,11.5,100000,30,40000.0,272,7.2,164.0,690,5,4.8,4.5,3.5,3.5,4.2,0,0,0,0,0,0.4,76.3,2
7.1,23.6,18.3,39.4,11.5,100000,30,35000.0,200,5.5,144.0,563,5,4.5,4.5,3.5,4.0,4.8,0,0,0,0,1,0.35,84.8,2
7.1,23.6,18.3,39.4,11.5,100000,30,32000.0,204,15.8,0.0,385,5,4.3,3.8,3.0,4.5,3.8,1,0,0,0,0,0.32,82.4,2
7.1,23.6,18.3,39.4,11.5,100000,30,38000.0,204,17.0,0.0,543,5,4.5,4.0,2.8,4.3,4.0,1,0,1,0,0,0.38,82.4,2
7.1,23.6,18.3,39.4,11.5,100000,30,14500.0,110,5.5,126.0,380,5,4.0,3.3,2.5,4.5,3.2,0,0,0,0,0,0.145,72.5,1
7.1,23.6,18.3,39.4,11.5,100000,30,18000.0,150,4.8,126.0,640,5,4.5,4.0,3.0,4.5,3.5,0,0,0,0,0,0.18,79.8,2
7.1,23.6,18.3,39.4,11.5,100000,30,25000.0,150,6.2,141.0,640,5,4.5,4.2,3.0,4.2,3.8,0,0,0,0,0,0.25,75.8,2
7.1,23.6,18.3,39.4,11.5,100000,30,35000.0,245,7.1,161.0,640,5,4.5,3.8,4.3,3.2,4.2,0,0,0,0,0,0.35,79.7,2
7.1,23.6,18.3,39.4,11.5,100000,30,30000.0,150,5.0,132.0,660,5,4.5,4.5,2.8,4.3,4.0,0,0,0,0,0,0.3,87.8,2
7.1,23.6,18.3,39.4,11.5,100000,30,32000.0,150,5.8,152.0,720,7,4.5,4.2,2.2,4.0,3.5,0,0,1,0,0,0.32,72.5,1
7.1,23.6,18.3,39.4,11.5,100000,30,20000.0,110,6.0,137.0,400,5,4.2,3.5,2.2,4.2,3.5,0,0,1,0,0,0.2,68.4,1
7.1,23.6,18.3,39.4,11.5,100000,30,13500.0,110,5.6,128.0,355,5,4.0,3.2,2.8,4.3,3.5,0,0,0,0,0,0.135,71.9,1
7.1,23.6,18.3,39.4,11.5,100000,30,20000.0,150,6.0,137.0,380,5,4.3,3.5,3.5,4.0,4.0,0,0,0,0,0,0.2,75.4,2
7.1,23.6,18.3,39.4,11.5,100000,30,35000.0,300,7.5,170.0,380,5,4.3,3.5,4.7,3.0,4.3,0,0,0,0,0,0.35,79.2,2
7.1,23.6,18.3,39.4,11.5,100000,30,25000.0,150,5.6,147.0,510,5,4.3,3.8,2.8,4.2,3.5,0,0,1,0,0,0.25,70.5,1
7.1,23.6,18.3,39.4,11.5,100000,30,15000.0,116,3.8,87.0,286,5,4.5,3.3,2.2,4.8,3.2,0,1,0,0,0,0.15,81.2,2
7.1,23.6,18.3,39.4,11.5,100000,30,22000.0,116,4.4,101.0,320,5,4.5,3.5,2.0,4.7,3.5,0,1,1,0,0,0.22,78.7,2
7.1,23.6,18.3,39.4,11.5,100000,30,22000.0,140,4.5,103.0,361,5,4.5,3.8,3.0,4.7,3.8,0,1,0,0,0,0.22,84.8,2
7.1,23.6,18.3,39.4,11.5,100000,30,30000.0,197,5.0,114.0,433,5,4.8,4.0,2.5,4.5,3.8,0,1,1,0,0,0.3,88.0,2
7.1,23.6,18.3,39.4,11.5,100000,30,32000.0,222,5.6,128.0,580,5,4.8,4.0,2.5,4.3,3.5,0,1,1,0,0,0.32,81.6,2
7.1,23.6,18.3,39.4,11.5,100000,30,35000.0,218,4.9,112.0,493,5,4.8,4.5,2.8,4.5,3.8,0,1,0,0,1,0.35,88.1,2
7.1,23.6,18.3,39.4,11.5,100000,30,28000.0,200,4.8,110.0,310,5,4.5,3.5,3.0,4.5,4.2,0,1,1,0,0,0.28,87.3,2
7.1,23.6,18.3,39.4,11.5,100000,30,55000.0,340,8.5,194.0,290,2,4.0,3.0,4.8,2.5,4.8,0,0,0,1,0,0.55,74.5,1
7.1,23.6,18.3,39.4,11.5,100000,30,28000.0,182,6.5,148.0,404,5,4.5,3.8,3.5,3.8,4.0,0,0,0,0,0,0.28,78.4,2
7.1,23.6,18.3,39.4,11.5,100000,30,27000.0,131,5.4,122.0,319,5,4.3,3.5,2.2,4.5,3.5,0,1,1,0,0,0.27,79.7,2
7.1,23.6,18.3,39.4,11.5,100000,30,38000.0,184,6.0,137.0,587,5,4.5,4.0,2.5,4.2,3.5,0,1,1,0,0,0.38,76.8,2
7.1,23.6,18.3,39.4,11.5,100000,30,35000.0,184,6.2,141.0,380,5,4.5,3.8,3.0,4.0,4.0,0,1,1,0,0,0.35,77.7,2
7.1,23.6,18.3,39.4,11.5,100000,30,13000.0,100,5.8,132.0,351,5,4.0,3.2,2.5,4.3,3.5,0,0,0,0,0,0.13,67.7,1
7.1,23.6,18.3,39.4,11.5,100000,30,19000.0,160,6.5,148.0,395,5,4.3,3.5,3.0,4.0,3.5,0,0,0,0,0,0.19,73.9,1
7.1,23.6,18.3,39.4,11.5,100000,30,35000.0,280,8.0,183.0,395,5,4.0,3.2,4.7,2.8,4.0,0,0,0,0,0,0.35,69.6,1
7.1,23.6,18.3,39.4,11.5,100000,30,28000.0,230,5.5,126.0,546,5,4.5,4.0,2.8,4.3,4.2,0,1,1,0,0,0.28,81.3,2
7.1,23.6,18.3,39.4,11.5,100000,30,24000.0,120,6.2,141.0,466,5,4.3,3.5,2.2,4.0,3.8,0,0,1,0,0,0.24,66.6,1
7.1,23.6,18.3,39.4,11.5,100000,30,35000.0,204,14.7,0.0,466,5,4.3,3.5,3.0,4.5,3.8,1,0,1,0,0,0.35,80.7,2
7.1,23.6,18.3,39.4,11.5,100000,30,42000.0,325,16.8,0.0,527,5,4.8,4.3,3.5,4.3,4.8,1,0,1,0,0,0.42,87.8,2
7.1,23.6,18.3,39.4,11.5,100000,30,45000.0,325,14.3,0.0,401,5,4.8,4.3,3.5,4.5,4.8,1,0,0,0,1,0.45,88.3,2
7.1,23.6,18.3,39.4,11.5,100000,30,10500.0,67,4.8,109.0,255,5,3.2,2.5,1.5,4.8,2.8,0,0,0,0,0,0.105,70.5,1
7.1,23.6,18.3,39.4,11.5,100000,30,19000.0,160,6.5,148.0,395,5,4.2,3.5,3.0,4.0,3.5,0,0,0,0,0,0.19,74.7,1
7.1,23.6,18.3,39.4,11.5,100000,30,30000.0,230,5.5,126.0,543,5,4.5,4.0,2.8,4.3,4.3,0,1,1,0,0,0.3,80.8,2
7.1,23.6,18.3,39.4,11.5,100000,30,45000.0,325,16.5,0.0,490,5,4.8,4.2,4.0,4.3,4.8,1,0,1,0,0,0.45,89.5,2
7.1,23.6,18.3,39.4,11.5,100000,30,40000.0,245,8.5,194.0,406,5,4.2,4.0,4.2,3.0,4.5,0,0,0,0,1,0.4,74.5,1
7.1,23.6,18.3,39.4,11.5,100000,30,22000.0,150,6.5,148.0,358,5,4.3,3.8,3.5,3.8,4.5,0,0,0,0,0,0.22,76.0,2
7.1,23.6,18.3,39.4,11.5,100000,30,28000.0,165,7.1,163.0,506,5,4.3,4.0,3.0,3.5,4.0,0,0,1,0,0,0.28,69.1,1
7.1,23.6,18.3,39.4,11.5,100000,30,24000.0,150,6.5,148.0,430,5,4.3,3.8,3.0,3.8,4.3,0,0,1,0,0,0.24,74.9,1
7.1,23.6,18.3,39.4,11.5,100000,30,30000.0,184,6.8,155.0,130,2,3.5,3.0,4.5,3.5,4.8,0,0,0,1,0,0.3,79.2,2
7.1,23.6,18.3,39.4,11.5,100000,30,10000.0,100,5.4,123.0,300,5,3.8,2.8,2.0,4.5,3.0,0,0,0,0,0,0.1,69.3,1
7.1,23.6,18.3,39.4,11.5,100000,30,27000.0,158,6.5,148.0,504,5,4.3,3.8,2.5,3.8,3.8,0,0,1,0,0,0.27,69.7,1
7.1,23.6,18.3,39.4,11.5,100000,30,28000.0,150,15.5,0.0,435,5,4.0,3.5,2.5,4.5,3.0,1,0,0,0,0,0.28,76.8,2
7.1,23.6,18.3,39.4,11.5,100000,30,42000.0,242,16.5,0.0,468,5,4.5,4.2,3.0,4.2,4.2,1,0,1,0,0,0.42,81.4,2
7.1,23.6,18.3,39.4,11.5,100000,30,22000.0,136,6.5,148.0,380,5,4.3,3.5,3.5,3.5,4.0,0,0,0,0,0,0.22,70.4,1
7.1,23.6,18.3,39.4,11.5,100000,30,32000.0,170,6.8,155.0,380,5,4.5,3.8,3.8,3.3,4.3,0,0,0,0,0,0.32,74.6,1
7.1,23.6,18.3,39.4,11.5,100000,30,28000.0,190,5.2,137.0,480,5,4.5,4.2,4.0,4.0,4.5,0,0,0,0,1,0.28,84.2,2
7.1,23.6,18.3,39.4,11.5,100000,30,42000.0,245,7.0,159.0,480,5,4.8,4.3,4.2,3.5,4.5,0,0,0,0,1,0.42,78.1,2
7.1,23.6,18.3,39.4,11.5,100000,30,40000.0,190,5.5,144.0,530,5,4.8,4.8,3.5,3.8,4.8,0,0,0,0,1,0.4,79.2,2
7.1,23.6,18.3,39.4,11.5,100000,30,55000.0,299,7.5,171.0,520,5,5.0,4.8,4.0,3.3,4.8,0,0,0,0,1,0.55,81.2,2
7.1,23.6,18.3,39.4,11.5,100000,30,32000.0,136,6.8,155.0,540,5,4.5,4.0,3.0,3.5,4.0,0,0,1,0,0,0.32,76.1,2
7.1,23.6,18.3,39.4,11.5,100000,30,40000.0,190,5.8,152.0,550,5,4.8,4.3,3.2,3.8,4.3,0,0,1,0,0,0.4,77.4,2
7.1,23.6,18.3,39.4,11.5,100000,30,58000.0,286,6.8,179.0,650,5,5.0,4.8,3.5,3.2,4.5,0,0,1,0,0,0.58,75.9,2
7.1,23.6,18.3,39.4,11.5,100000,30,52000.0,286,17.5,0.0,510,5,4.8,4.2,3.5,4.0,4.3,1,0,1,0,0,0.52,87.9,2
7.1,23.6,18.3,39.4,11.5,100000,30,48000.0,340,16.1,0.0,470,5,4.8,4.2,4.2,4.0,4.8,1,0,0,0,1,0.48,86.7,2
7.1,23.6,18.3,39.4,11.5,100000,30,72000.0,480,9.0,205.0,480,5,4.5,3.8,5.0,2.2,4.8,0,0,0,0,1,0.72,73.5,1
7.1,23.6,18.3,39.4,11.5,100000,30,78000.0,480,9.2,210.0,440,4,4.5,3.5,5.0,2.0,4.8,0,0,0,1,0,0.78,73.2,1
7.1,23.6,18.3,39.4,11.5,100000,30,90000.0,510,9.5,217.0,440,4,4.5,3.5,5.0,1.8,5.0,0,0,0,1,0,0.9,72.4,1
7.1,23.6,18.3,39.4,11.5,100000,30,24000.0,163,6.5,148.0,370,5,4.3,3.8,3.0,3.5,4.2,0,0,0,0,0,0.24,66.0,1
7.1,23.6,18.3,39.4,11.5,100000,30,30000.0,163,6.3,144.0,370,5,4.5,4.0,3.0,3.5,4.3,0,0,0,0,0,0.3,73.5,1
7.1,23.6,18.3,39.4,11.5,100000,30,38000.0,204,6.8,155.0,455,5,4.8,4.5,3.5,3.5,4.8,0,0,0,0,1,0.38,81.0,2
7.1,23.6,18.3,39.4,11.5,100000,30,45000.0,313,2.0,46.0,455,5,5.0,4.8,3.8,4.2,4.8,0,1,0,0,1,0.45,92.6,2
7.1,23.6,18.3,39.4,11.5,100000,30,45000.0,220,5.5,144.0,540,5,5.0,4.8,3.2,3.8,4.8,0,0,0,0,1,0.45,81.4,2
7.1,23.6,18.3,39.4,11.5,100000,30,58000.0,313,2.0,46.0,540,5,5.0,5.0,3.5,4.0,5.0,0,1,0,0,1,0.58,93.7,2
7.1,23.6,18.3,39.4,11.5,100000,30,32000.0,163,6.8,155.0,435,5,4.5,4.0,2.8,3.5,4.2,0,0,1,0,0,0.32,72.4,1
7.1,23.6,18.3,39.4,11.5,100000,30,45000.0,204,7.2,164.0,600,5,4.8,4.5,3.0,3.3,4.5,0,0,1,0,0,0.45,74.8,1
7.1,23.6,18.3,39.4,11.5,100000,30,60000.0,272,7.0,184.0,630,5,5.0,4.8,3.0,3.0,4.5,0,0,1,0,0,0.6,76.7,2
7.1,23.6,18.3,39.4,11.5,100000,30,42000.0,190,17.0,0.0,340,5,4.5,4.0,2.8,4.2,4.2,1,0,1,0,0,0.42,79.5,2
7.1,23.6,18.3,39.4,11.5,100000,30,55000.0,408,21.3,0.0,500,5,4.8,4.3,3.5,3.5,4.3,1,0,1,0,0,0.55,83.7,2
7.1,23.6,18.3,39.4,11.5,100000,30,62000.0,408,9.0,206.0,455,5,4.8,4.2,4.8,2.5,4.8,0,0,0,0,1,0.62,82.4,2
7.1,23.6,18.3,39.4,11.5,100000,30,85000.0,680,6.9,157.0,350,5,4.8,4.0,5.0,2.5,5.0,0,1,0,0,1,0.85,86.4,2
7.1,23.6,18.3,39.4,11.5,100000,30,18000.0,116,5.8,132.0,335,5,4.0,3.2,2.5,4.0,4.0,0,0,0,0,0,0.18,70.7,1
7.1,23.6,18.3,39.4,11.5,100000,30,28000.0,150,6.2,141.0,380,5,4.5,3.8,3.2,3.8,4.3,0,0,0,0,1,0.28,70.7,1
7.1,23.6,18.3,39.4,11.5,100000,30,30000.0,163,5.2,137.0,460,5,4.5,4.3,3.5,4.0,4.5,0,0,0,0,1,0.3,87.8,2
7.1,23.6,18.3,39.4,11.5,100000,30,42000.0,204,6.8,155.0,460,5,4.8,4.5,3.5,3.5,4.5,0,0,0,0,1,0.42,79.7,2
7.1,23.6,18.3,39.4,11.5,100000,30,42000.0,204,5.5,144.0,530,5,4.8,4.8,3.2,3.8,4.8,0,0,0,0,1,0.42,77.4,2
7.1,23.6,18.3,39.4,11.5,100000,30,30000.0,150,6.8,155.0,530,5,4.5,4.0,2.8,3.5,4.2,0,0,1,0,0,0.3,72.2,1
7.1,23.6,18.3,39.4,11.5,100000,30,42000.0,204,6.0,158.0,520,5,4.8,4.3,3.0,3.5,4.3,0,0,1,0,0,0.42,75.9,2
7.1,23.6,18.3,39.4,11.5,100000,30,55000.0,286,7.2,189.0,705,7,5.0,4.8,3.0,3.0,4.5,0,0,1,0,0,0.55,76.6,2
7.1,23.6,18.3,39.4,11.5,100000,30,85000.0,476,19.6,0.0,405,4,5.0,4.5,4.8,3.5,5.0,1,0,0,0,1,0.85,93.9,2
7.1,23.6,18.3,39.4,11.5,100000,30,82000.0,450,9.8,224.0,465,4,4.5,3.8,4.8,2.0,5.0,0,0,0,1,0,0.82,73.1,1
7.1,23.6,18.3,39.4,11.5,100000,30,85000.0,450,9.8,224.0,465,5,4.5,4.0,4.8,2.0,5.0,0,0,0,0,1,0.85,78.5,2
7.1,23.6,18.3,39.4,11.5,100000,30,55000.0,400,8.5,194.0,321,5,4.5,3.5,4.8,2.5,4.5,0,0,0,0,1,0.55,74.2,1
7.1,23.6,18.3,39.4,11.5,100000,30,32000.0,163,7.0,160.0,452,5,4.8,4.0,2.5,3.5,4.0,0,0,1,0,0,0.32,71.3,1
7.1,23.6,18.3,39.4,11.5,100000,30,42000.0,197,6.2,163.0,483,5,5.0,4.5,2.8,3.5,4.3,0,0,1,0,0,0.42,74.7,1
7.1,23.6,18.3,39.4,11.5,100000,30,58000.0,303,2.4,55.0,640,7,5.0,4.8,2.5,4.0,4.5,0,1,1,0,0,0.58,83.5,2
7.1,23.6,18.3,39.4,11.5,100000,30,48000.0,408,17.8,0.0,413,5,5.0,4.0,3.5,4.0,4.5,1,0,1,0,0,0.48,85.2,2
7.1,23.6,18.3,39.4,11.5,100000,30,35000.0,197,7.0,160.0,442,5,5.0,4.3,3.5,3.5,4.5,0,0,0,0,1,0.35,79.9,2
7.1,23.6,18.3,39.4,11.5,100000,30,40000.0,325,14.0,0.0,561,5,4.8,3.8,4.2,4.5,4.5,1,0,0,0,1,0.4,90.8,2
7.1,23.6,18.3,39.4,11.5,100000,30,45000.0,325,15.0,0.0,854,5,4.8,3.8,3.8,4.3,4.3,1,0,1,0,0,0.45,88.5,2
7.1,23.6,18.3,39.4,11.5,100000,30,85000.0,670,16.8,0.0,793,5,4.8,4.5,4.8,3.8,4.8,1,0,0,0,1,0.85,91.9,2
7.1,23.6,18.3,39.4,11.5,100000,30,95000.0,670,18.5,0.0,935,7,4.8,4.5,4.0,3.5,4.5,1,0,1,0,0,0.95,83.5,2
7.1,23.6,18.3,39.4,11.5,100000,30,12000.0,69,5.2,119.0,185,4,3.5,2.5,1.5,4.5,4.0,0,0,0,0,0,0.12,70.7,1
7.1,23.6,18.3,39.4,11.5,100000,30,14000.0,100,6.2,141.0,520,5,3.5,3.0,2.0,4.2,2.8,0,0,0,0,1,0.14,63.4,1
7.1,23.6,18.3,39.4,11.5,100000,30,25000.0,118,13.0,0.0,185,4,3.8,2.8,2.5,4.5,4.5,1,0,0,0,0,0.25,72.3,1
7.1,23.6,18.3,39.4,11.5,100000,30,25000.0,136,5.8,132.0,211,4,4.0,3.3,3.5,3.5,4.5,0,0,0,0,0,0.25,69.9,1
7.1,23.6,18.3,39.4,11.5,100000,30,32000.0,136,6.8,155.0,450,5,4.2,3.5,3.0,3.2,4.2,0,0,1,0,0,0.32,72.7,1
7.1,23.6,18.3,39.4,11.5,100000,30,35000.0,200,7.2,164.0,480,5,4.3,3.8,4.2,3.0,4.8,0,0,0,0,1,0.35,74.7,1
7.1,23.6,18.3,39.4,11.5,100000,30,38000.0,200,7.5,171.0,525,5,4.3,3.8,3.5,3.0,4.5,0,0,1,0,0,0.38,71.7,1
7.1,23.6,18.3,39.4,11.5,100000,30,75000.0,510,9.5,217.0,480,5,4.0,3.5,5.0,2.0,5.0,0,0,0,0,1,0.75,73.3,1
7.1,23.6,18.3,39.4,11.5,100000,30,24000.0,150,7.0,160.0,345,5,4.5,3.5,3.5,3.5,3.2,0,0,0,0,0,0.24,73.0,1
7.1,23.6,18.3,39.4,11.5,100000,30,32000.0,150,7.5,171.0,520,5,4.8,3.8,2.5,3.3,3.0,0,0,1,0,0,0.32,70.2,1
7.1,23.6,18.3,39.4,11.5,100000,30,28000.0,150,7.2,164.0,385,5,4.5,3.5,3.0,3.3,3.2,0,0,1,0,0,0.28,67.6,1
7.1,23.6,18.3,39.4,11.5,100000,30,12000.0,83,5.2,119.0,265,5,3.5,2.8,2.5,4.8,3.0,0,0,0,0,0,0.12,73.4,1
7.1,23.6,18.3,39.4,11.5,100000,30,20000.0,129,6.5,148.0,375,5,3.8,3.2,2.5,4.0,3.2,0,0,1,0,0,0.2,66.9,1
7.1,23.6,18.3,39.4,11.5,100000,30,20000.0,150,6.5,148.0,393,5,3.8,3.3,2.2,3.8,3.2,0,0,1,0,0,0.2,64.4,1
7.1,23.6,18.3,39.4,11.5,100000,30,40000.0,252,1.8,41.0,469,5,4.5,4.0,2.8,4.5,3.5,0,1,1,0,0,0.4,85.5,2
7.1,23.6,18.3,39.4,11.5,100000,30,22000.0,130,7.0,160.0,351,5,3.5,3.0,2.5,3.5,3.5,0,0,1,0,0,0.22,59.8,1
7.1,23.6,18.3,39.4,11.5,100000,30,28000.0,130,5.8,152.0,438,5,3.8,3.3,2.5,3.8,3.3,0,0,1,0,0,0.28,68.3,1
7.1,23.6,18.3,39.4,11.5,100000,30,55000.0,272,10.0,228.0,548,5,3.5,2.8,3.5,2.5,4.0,0,0,1,0,0,0.55,61.6,1
7.1,23.6,18.3,39.4,11.5,100000,30,38000.0,163,6.2,163.0,602,5,4.3,4.0,2.5,3.2,4.0,0,0,1,0,0,0.38,70.9,1
7.1,23.6,18.3,39.4,11.5,100000,30,42000.0,163,6.5,171.0,591,5,4.3,4.2,2.8,3.0,4.8,0,0,1,0,0,0.42,71.6,1
7.1,23.6,18.3,39.4,11.5,100000,30,80000.0,350,8.0,210.0,780,5,4.8,4.8,3.5,2.5,5.0,0,0,1,0,0,0.8,75.9,2
7.1,23.6,18.3,39.4,11.5,100000,30,58000.0,265,8.8,201.0,488,5,4.8,4.2,4.3,2.5,4.8,0,0,1,0,0,0.58,75.5,2
7.1,23.6,18.3,39.4,11.5,100000,30,72000.0,340,9.5,216.0,745,5,5.0,4.5,4.0,2.2,4.8,0,0,1,0,0,0.72,72.1,1
7.1,23.6,18.3,39.4,11.5,100000,30,110000.0,385,9.0,205.0,132,4,4.5,3.5,5.0,2.0,5.0,0,0,0,1,0,1.1,72.7,1
7.1,23.6,18.3,39.4,11.5,100000,30,90000.0,408,19.5,0.0,366,4,5.0,4.5,4.8,3.5,5.0,1,0,0,0,1,0.9,95.3,2
7.1,23.6,18.3,39.4,11.5,100000,30,95000.0,353,9.5,216.0,495,4,5.0,4.8,4.2,2.5,5.0,0,0,0,0,1,0.95,77.5,2
7.1,23.6,18.3,39.4,11.5,100000,30,70000.0,350,10.0,228.0,500,5,4.2,4.2,4.2,2.0,5.0,0,0,0,0,1,0.7,71.7,1
7.1,23.6,18.3,39.4,11.5,100000,30,78000.0,350,10.5,239.0,580,5,4.2,4.2,3.5,1.8,4.8,0,0,1,0,0,0.78,69.5,1
7.1,23.6,18.3,39.4,11.5,100000,30,48000.0,204,6.8,179.0,619,5,4.5,4.2,3.2,3.2,4.5,0,0,1,0,0,0.48,72.7,1
7.1,23.6,18.3,39.4,11.5,100000,30,65000.0,400,22.0,0.0,505,5,4.8,4.0,4.0,3.2,4.8,1,0,1,0,0,0.65,83.1,2
7.1,23.6,18.3,39.4,11.5,100000,30,75000.0,450,10.0,228.0,310,2,4.0,3.2,4.8,1.8,5.0,0,0,0,1,0,0.75,70.8,1
7.1,23.6,18.3,39.4,11.5,100000,30,32000.0,184,4.8,110.0,320,5,4.8,3.8,2.5,4.5,4.0,0,1,1,0,0,0.32,89.0,2
7.1,23.6,18.3,39.4,11.5,100000,30,42000.0,244,5.8,132.0,520,5,5.0,4.5,2.8,4.2,4.5,0,1,1,0,0,0.42,80.9,2
7.1,23.6,18.3,39.4,11.5,100000,30,55000.0,308,6.0,137.0,612,5,5.0,4.8,3.0,3.8,4.5,0,1,1,0,0,0.55,83.1,2
7.1,23.6,18.3,39.4,11.5,100000,30,42000.0,218,4.8,110.0,454,5,5.0,4.8,2.5,4.5,4.5,0,1,0,0,1,0.42,92.3,2
7.1,23.6,18.3,39.4,11.5,100000,30,95000.0,471,10.0,228.0,197,4,4.5,4.0,4.5,2.0,5.0,0,0,0,1,0,0.95,70.1,1
7.1,23.6,18.3,39.4,11.5,100000,30,35000.0,204,15.5,0.0,385,5,4.3,3.5,3.5,4.2,4.3,1,0,0,0,0,0.35,85.4,2
7.1,23.6,18.3,39.4,11.5,100000,30,35000.0,245,7.5,171.0,420,5,4.3,3.5,4.0,3.0,4.5,0,0,1,0,0,0.35,74.9,1
7.1,23.6,18.3,39.4,11.5,100000,30,38000.0,300,7.5,170.0,380,5,4.3,3.5,4.7,2.8,4.5,0,0,0,0,0,0.38,79.6,2
7.1,23.6,18.3,39.4,11.5,100000,30,62000.0,300,8.0,183.0,150,2,4.0,3.0,4.8,2.5,4.8,0,0,0,1,0,0.62,73.8,1
7.1,23.6,18.3,39.4,11.5,100000,30,48000.0,258,7.5,171.0,281,2,4.0,3.2,4.5,2.8,4.8,0,0,0,1,0,0.48,75.2,2
7.1,23.6,18.3,39.4,11.5,100000,30,110000.0,449,9.0,206.0,550,5,5.0,5.0,3.5,2.5,5.0,0,0,0,0,1,1.1,71.1,1
7.1,23.6,18.3,39.4,11.5,100000,30,100000.0,400,8.5,194.0,540,5,5.0,5.0,3.5,2.5,5.0,0,0,0,0,1,1.0,69.9,1
7.1,23.6,18.3,39.4,11.5,100000,30,90000.0,340,8.0,183.0,505,5,5.0,5.0,3.2,2.8,5.0,0,0,0,0,1,0.9,73.0,1
7.1,23.6,18.3,39.4,11.5,100000,30,38000.0,245,8.0,183.0,330,5,4.5,4.0,4.0,3.0,4.3,0,0,0,0,1,0.38,75.6,2
7.1,23.6,18.3,39.4,11.5,100000,30,42000.0,245,8.5,194.0,542,5,4.8,4.2,3.5,3.0,4.5,0,0,1,0,0,0.42,74.4,1
7.1,23.6,18.3,39.4,11.5,100000,30,42000.0,408,15.5,0.0,405,5,4.8,4.0,4.0,4.2,4.5,1,0,0,0,1,0.42,87.6,2
2.5,24.5,28.0,16.1,28.9,15000,150,6500.0,73,6.4,149.0,510,5,3.0,2.5,1.5,4.8,2.0,0,0,0,0,1,0.433,48.9,0
2.5,24.5,28.0,16.1,28.9,15000,150,9800.0,91,6.0,137.0,528,5,3.4,3.0,1.5,4.7,2.8,0,0,0,0,1,0.653,62.3,1
2.5,24.5,28.0,16.1,28.9,15000,150,7200.0,73,6.2,144.0,328,5,3.2,2.5,1.8,4.6,2.5,0,0,0,0,0,0.48,53.4,0
2.5,24.5,28.0,16.1,28.9,15000,150,13500.0,91,6.1,139.0,328,5,3.4,3.0,2.0,4.5,3.2,0,0,0,0,0,0.9,66.3,1
2.5,24.5,28.0,16.1,28.9,15000,150,14000.0,115,5.7,150.0,445,5,3.0,3.0,2.0,4.2,2.8,0,0,1,0,0,0.933,56.4,1
2.5,24.5,28.0,16.1,28.9,15000,150,15800.0,110,6.4,146.0,708,7,3.2,3.2,1.5,4.3,3.0,0,0,0,0,0,1.053,57.1,1
2.5,24.5,28.0,16.1,28.9,15000,150,12000.0,65,14.5,0.0,290,4,2.8,2.2,1.2,4.9,2.5,1,0,0,0,0,0.8,53.8,0
2.5,24.5,28.0,16.1,28.9,15000,150,11500.0,100,5.8,132.0,391,5,4.2,3.5,2.5,4.3,3.5,0,0,0,0,0,0.767,72.1,1
2.5,24.5,28.0,16.1,28.9,15000,150,16000.0,140,4.3,98.0,391,5,4.2,3.8,2.8,4.7,3.8,0,1,0,0,0,1.067,77.9,2
2.5,24.5,28.0,16.1,28.9,15000,150,13000.0,115,4.8,128.0,384,5,4.0,3.5,2.8,4.2,3.3,0,0,0,0,0,0.867,72.9,1
2.5,24.5,28.0,16.1,28.9,15000,150,14500.0,100,5.9,136.0,309,5,4.2,3.5,2.5,4.2,4.0,0,0,0,0,0,0.967,73.6,1
2.5,24.5,28.0,16.1,28.9,15000,150,16500.0,100,5.8,132.0,309,5,4.2,3.5,2.5,4.2,4.2,0,0,0,0,0,1.1,76.9,2
2.5,24.5,28.0,16.1,28.9,15000,150,12000.0,83,5.8,132.0,300,5,3.5,3.2,1.5,4.5,3.0,0,0,0,0,0,0.8,64.1,1
2.5,24.5,28.0,16.1,28.9,15000,150,14000.0,100,5.8,132.0,309,5,4.0,3.3,2.5,4.3,3.3,0,0,0,0,0,0.933,70.4,1
2.5,24.5,28.0,16.1,28.9,15000,150,10500.0,100,5.9,136.0,292,5,3.8,3.0,3.0,4.3,3.2,0,0,0,0,0,0.7,74.8,1
2.5,24.5,28.0,16.1,28.9,15000,150,15000.0,125,6.0,137.0,375,5,4.2,3.5,3.3,4.0,3.5,0,0,0,0,0,1.0,73.9,1
2.5,24.5,28.0,16.1,28.9,15000,150,13000.0,95,5.7,130.0,351,5,4.2,3.5,2.5,4.3,3.5,0,0,0,0,0,0.867,73.4,1
2.5,24.5,28.0,16.1,28.9,15000,150,14500.0,110,5.5,126.0,380,5,4.0,3.3,2.5,4.5,3.2,0,0,0,0,0,0.967,67.1,1
2.5,24.5,28.0,16.1,28.9,15000,150,13500.0,110,5.6,128.0,355,5,4.0,3.2,2.8,4.3,3.5,0,0,0,0,0,0.9,73.1,1
2.5,24.5,28.0,16.1,28.9,15000,150,15000.0,116,3.8,87.0,286,5,4.5,3.3,2.2,4.8,3.2,0,1,0,0,0,1.0,77.5,2
2.5,24.5,28.0,16.1,28.9,15000,150,13000.0,100,5.8,132.0,351,5,4.0,3.2,2.5,4.3,3.5,0,0,0,0,0,0.867,75.8,2
2.5,24.5,28.0,16.1,28.9,15000,150,10500.0,67,4.8,109.0,255,5,3.2,2.5,1.5,4.8,2.8,0,0,0,0,0,0.7,58.5,1
2.5,24.5,28.0,16.1,28.9,15000,150,10000.0,100,5.4,123.0,300,5,3.8,2.8,2.0,4.5,3.0,0,0,0,0,0,0.667,64.7,1
2.5,24.5,28.0,16.1,28.9,15000,150,12000.0,69,5.2,119.0,185,4,3.5,2.5,1.5,4.5,4.0,0,0,0,0,0,0.8,69.8,1
2.5,24.5,28.0,16.1,28.9,15000,150,14000.0,100,6.2,141.0,520,5,3.5,3.0,2.0,4.2,2.8,0,0,0,0,1,0.933,61.7,1
2.5,24.5,28.0,16.1,28.9,15000,150,12000.0,83,5.2,119.0,265,5,3.5,2.8,2.5,4.8,3.0,0,0,0,0,0,0.8,70.1,1
32.1,34.9,26.3,1.2,5.4,100000,80,6500.0,73,6.4,149.0,510,5,3.0,2.5,1.5,4.8,2.0,0,0,0,0,1,0.065,48.1,0
32.1,34.9,26.3,1.2,5.4,100000,80,9800.0,91,6.0,137.0,528,5,3.4,3.0,1.5,4.7,2.8,0,0,0,0,1,0.098,52.0,0
32.1,34.9,26.3,1.2,5.4,100000,80,7200.0,73,6.2,144.0,328,5,3.2,2.5,1.8,4.6,2.5,0,0,0,0,0,0.072,49.1,0
32.1,34.9,26.3,1.2,5.4,100000,80,13500.0,91,6.1,139.0,328,5,3.4,3.0,2.0,4.5,3.2,0,0,0,0,0,0.135,50.8,0
32.1,34.9,26.3,1.2,5.4,100000,80,14000.0,115,5.7,150.0,445,5,3.0,3.0,2.0,4.2,2.8,0,0,1,0,0,0.14,50.5,0
32.1,34.9,26.3,1.2,5.4,100000,80,19500.0,130,6.8,155.0,445,5,3.5,3.2,2.2,4.0,3.5,0,0,1,0,0,0.195,59.3,1
32.1,34.9,26.3,1.2,5.4,100000,80,15800.0,110,6.4,146.0,708,7,3.2,3.2,1.5,4.3,3.0,0,0,0,0,0,0.158,54.5,0
32.1,34.9,26.3,1.2,5.4,100000,80,12000.0,65,14.5,0.0,290,4,2.8,2.2,1.2,4.9,2.5,1,0,0,0,0,0.12,38.7,0
32.1,34.9,26.3,1.2,5.4,100000,80,11500.0,100,5.8,132.0,391,5,4.2,3.5,2.5,4.3,3.5,0,0,0,0,0,0.115,59.5,1
32.1,34.9,26.3,1.2,5.4,100000,80,16000.0,140,4.3,98.0,391,5,4.2,3.8,2.8,4.7,3.8,0,1,0,0,0,0.16,68.8,1
32.1,34.9,26.3,1.2,5.4,100000,80,13000.0,115,4.8,128.0,384,5,4.0,3.5,2.8,4.2,3.3,0,0,0,0,0,0.13,65.1,1
32.1,34.9,26.3,1.2,5.4,100000,80,35000.0,220,16.1,0.0,440,5,4.5,4.0,3.2,4.5,4.2,1,0,0,0,0,0.35,81.3,2
32.1,34.9,26.3,1.2,5.4,100000,80,17500.0,130,6.4,147.0,422,5,4.0,3.5,2.2,4.0,3.5,0,0,1,0,0,0.175,58.5,1
32.1,34.9,26.3,1.2,5.4,100000,80,28000.0,200,4.6,105.0,500,5,4.3,4.0,3.0,4.3,3.8,0,1,1,0,0,0.28,72.9,1
32.1,34.9,26.3,1.2,5.4,100000,80,14500.0,100,5.9,136.0,309,5,4.2,3.5,2.5,4.2,4.0,0,0,0,0,0,0.145,64.3,1
32.1,34.9,26.3,1.2,5.4,100000,80,16500.0,100,5.8,132.0,309,5,4.2,3.5,2.5,4.2,4.2,0,0,0,0,0,0.165,63.8,1
32.1,34.9,26.3,1.2,5.4,100000,80,28000.0,136,15.2,0.0,265,5,4.2,3.5,3.0,4.5,4.2,1,0,0,0,0,0.28,64.4,1
32.1,34.9,26.3,1.2,5.4,100000,80,22000.0,130,6.1,139.0,412,5,4.3,3.8,3.0,4.0,4.3,0,0,0,0,0,0.22,73.7,1
32.1,34.9,26.3,1.2,5.4,100000,80,24000.0,130,5.2,138.0,520,5,4.3,4.0,2.5,4.2,4.0,0,0,1,0,0,0.24,72.8,1
32.1,34.9,26.3,1.2,5.4,100000,80,35000.0,225,1.4,32.0,520,5,4.5,4.2,3.0,4.5,4.5,0,1,1,0,0,0.35,88.1,2
32.1,34.9,26.3,1.2,5.4,100000,80,30000.0,130,5.5,144.0,780,7,4.2,4.0,2.0,4.0,3.8,0,0,1,0,0,0.3,68.0,1
32.1,34.9,26.3,1.2,5.4,100000,80,12000.0,83,5.8,132.0,300,5,3.5,3.2,1.5,4.5,3.0,0,0,0,0,0,0.12,53.9,0
32.1,34.9,26.3,1.2,5.4,100000,80,18000.0,110,6.2,142.0,410,5,3.5,3.3,1.8,4.2,3.2,0,0,1,0,0,0.18,54.7,0
32.1,34.9,26.3,1.2,5.4,100000,80,22000.0,130,6.0,137.0,380,5,4.0,4.0,2.2,4.0,3.8,0,0,0,0,0,0.22,64.3,1
32.1,34.9,26.3,1.2,5.4,100000,80,26000.0,130,5.5,144.0,580,5,4.2,4.2,2.0,4.0,3.5,0,0,1,0,0,0.26,73.0,1
32.1,34.9,26.3,1.2,5.4,100000,80,14000.0,100,5.8,132.0,309,5,4.0,3.3,2.5,4.3,3.3,0,0,0,0,0,0.14,59.9,1
32.1,34.9,26.3,1.2,5.4,100000,80,27000.0,136,15.2,0.0,267,5,4.0,3.3,2.8,4.5,3.5,1,0,0,0,0,0.27,65.6,1
32.1,34.9,26.3,1.2,5.4,100000,80,23000.0,130,6.1,139.0,422,5,4.2,3.8,3.0,4.0,4.0,0,0,0,0,0,0.23,65.6,1
32.1,34.9,26.3,1.2,5.4,100000,80,22000.0,130,6.5,148.0,350,5,4.0,3.5,2.5,3.8,4.0,0,0,1,0,0,0.22,66.3,1
32.1,34.9,26.3,1.2,5.4,100000,80,10500.0,100,5.9,136.0,292,5,3.8,3.0,3.0,4.3,3.2,0,0,0,0,0,0.105,64.8,1
32.1,34.9,26.3,1.2,5.4,100000,80,15000.0,125,6.0,137.0,375,5,4.2,3.5,3.3,4.0,3.5,0,0,0,0,0,0.15,68.2,1
32.1,34.9,26.3,1.2,5.4,100000,80,20000.0,120,4.7,123.0,575,5,4.2,3.8,2.8,4.5,3.3,0,0,0,0,0,0.2,75.9,2
32.1,34.9,26.3,1.2,5.4,100000,80,22000.0,125,5.4,124.0,456,5,4.3,3.5,2.8,4.3,4.0,0,1,1,0,0,0.22,72.7,1
32.1,34.9,26.3,1.2,5.4,100000,80,25000.0,190,1.4,32.0,475,5,4.3,3.8,2.8,4.5,3.5,0,1,1,0,0,0.25,69.9,1
32.1,34.9,26.3,1.2,5.4,100000,80,48000.0,269,18.1,0.0,402,5,4.5,4.0,4.0,4.0,4.5,1,0,1,0,0,0.48,89.4,2
32.1,34.9,26.3,1.2,5.4,100000,80,13000.0,95,5.7,130.0,351,5,4.2,3.5,2.5,4.3,3.5,0,0,0,0,0,0.13,62.0,1
32.1,34.9,26.3,1.2,5.4,100000,80,18000.0,110,5.6,128.0,351,5,4.3,3.5,2.8,4.3,3.7,0,0,0,0,0,0.18,65.6,1
32.1,34.9,26.3,1.2,5.4,100000,80,18500.0,130,6.0,137.0,381,5,4.5,4.0,3.5,4.0,4.0,0,0,0,0,0,0.185,74.4,1
32.1,34.9,26.3,1.2,5.4,100000,80,28000.0,150,5.8,132.0,381,5,4.5,4.2,3.5,4.0,4.2,0,0,0,0,0,0.28,75.8,2
32.1,34.9,26.3,1.2,5.4,100000,80,38000.0,245,7.4,168.0,381,5,4.5,3.8,4.5,3.2,4.5,0,0,0,0,0,0.38,92.5,2
32.1,34.9,26.3,1.2,5.4,100000,80,48000.0,320,8.0,183.0,381,5,4.5,3.8,4.8,2.8,4.5,0,0,0,0,0,0.48,90.5,2
32.1,34.9,26.3,1.2,5.4,100000,80,28000.0,150,5.5,144.0,615,5,4.5,4.2,2.5,4.0,3.8,0,0,1,0,0,0.28,76.7,2
32.1,34.9,26.3,1.2,5.4,100000,80,38000.0,150,7.0,160.0,615,5,4.5,4.3,2.8,3.8,4.2,0,0,1,0,0,0.38,82.3,2
32.1,34.9,26.3,1.2,5.4,100000,80,20000.0,150,5.0,132.0,650,5,4.5,4.3,3.0,4.3,3.8,0,0,0,0,0,0.2,83.3,2
32.1,34.9,26.3,1.2,5.4,100000,80,40000.0,272,7.2,164.0,690,5,4.8,4.5,3.5,3.5,4.2,0,0,0,0,0,0.4,93.9,2
32.1,34.9,26.3,1.2,5.4,100000,80,35000.0,200,5.5,144.0,563,5,4.5,4.5,3.5,4.0,4.8,0,0,0,0,1,0.35,89.9,2
32.1,34.9,26.3,1.2,5.4,100000,80,32000.0,204,15.8,0.0,385,5,4.3,3.8,3.0,4.5,3.8,1,0,0,0,0,0.32,79.7,2
32.1,34.9,26.3,1.2,5.4,100000,80,38000.0,204,17.0,0.0,543,5,4.5,4.0,2.8,4.3,4.0,1,0,1,0,0,0.38,88.2,2
32.1,34.9,26.3,1.2,5.4,100000,80,14500.0,110,5.5,126.0,380,5,4.0,3.3,2.5,4.5,3.2,0,0,0,0,0,0.145,60.2,1
32.1,34.9,26.3,1.2,5.4,100000,80,18000.0,150,4.8,126.0,640,5,4.5,4.0,3.0,4.5,3.5,0,0,0,0,0,0.18,76.9,2
32.1,34.9,26.3,1.2,5.4,100000,80,25000.0,150,6.2,141.0,640,5,4.5,4.2,3.0,4.2,3.8,0,0,0,0,0,0.25,77.6,2
32.1,34.9,26.3,1.2,5.4,100000,80,35000.0,245,7.1,161.0,640,5,4.5,3.8,4.3,3.2,4.2,0,0,0,0,0,0.35,98.9,2
32.1,34.9,26.3,1.2,5.4,100000,80,30000.0,150,5.0,132.0,660,5,4.5,4.5,2.8,4.3,4.0,0,0,0,0,0,0.3,86.2,2
32.1,34.9,26.3,1.2,5.4,100000,80,32000.0,150,5.8,152.0,720,7,4.5,4.2,2.2,4.0,3.5,0,0,1,0,0,0.32,76.6,2
32.1,34.9,26.3,1.2,5.4,100000,80,20000.0,110,6.0,137.0,400,5,4.2,3.5,2.2,4.2,3.5,0,0,1,0,0,0.2,67.6,1
32.1,34.9,26.3,1.2,5.4,100000,80,13500.0,110,5.6,128.0,355,5,4.0,3.2,2.8,4.3,3.5,0,0,0,0,0,0.135,62.7,1
32.1,34.9,26.3,1.2,5.4,100000,80,20000.0,150,6.0,137.0,380,5,4.3,3.5,3.5,4.0,4.0,0,0,0,0,0,0.2,73.2,1
32.1,34.9,26.3,1.2,5.4,100000,80,35000.0,300,7.5,170.0,380,5,4.3,3.5,4.7,3.0,4.3,0,0,0,0,0,0.35,88.3,2
32.1,34.9,26.3,1.2,5.4,100000,80,25000.0,150,5.6,147.0,510,5,4.3,3.8,2.8,4.2,3.5,0,0,1,0,0,0.25,75.1,2
32.1,34.9,26.3,1.2,5.4,100000,80,15000.0,116,3.8,87.0,286,5,4.5,3.3,2.2,4.8,3.2,0,1,0,0,0,0.15,62.4,1
32.1,34.9,26.3,1.2,5.4,100000,80,22000.0,116,4.4,101.0,320,5,4.5,3.5,2.0,4.7,3.5,0,1,1,0,0,0.22,63.2,1
32.1,34.9,26.3,1.2,5.4,100000,80,22000.0,140,4.5,103.0,361,5,4.5,3.8,3.0,4.7,3.8,0,1,0,0,0,0.22,73.4,1
32.1,34.9,26.3,1.2,5.4,100000,80,30000.0,197,5.0,114.0,433,5,4.8,4.0,2.5,4.5,3.8,0,1,1,0,0,0.3,77.0,2
32.1,34.9,26.3,1.2,5.4,100000,80,32000.0,222,5.6,128.0,580,5,4.8,4.0,2.5,4.3,3.5,0,1,1,0,0,0.32,86.2,2
32.1,34.9,26.3,1.2,5.4,100000,80,35000.0,218,4.9,112.0,493,5,4.8,4.5,2.8,4.5,3.8,0,1,0,0,1,0.35,86.5,2
32.1,34.9,26.3,1.2,5.4,100000,80,28000.0,200,4.8,110.0,310,5,4.5,3.5,3.0,4.5,4.2,0,1,1,0,0,0.28,69.9,1
32.1,34.9,26.3,1.2,5.4,100000,80,55000.0,340,8.5,194.0,290,2,4.0,3.0,4.8,2.5,4.8,0,0,0,1,0,0.55,91.0,2
32.1,34.9,26.3,1.2,5.4,100000,80,28000.0,182,6.5,148.0,404,5,4.5,3.8,3.5,3.8,4.0,0,0,0,0,0,0.28,74.2,1
32.1,34.9,26.3,1.2,5.4,100000,80,27000.0,131,5.4,122.0,319,5,4.3,3.5,2.2,4.5,3.5,0,1,1,0,0,0.27,65.0,1
32.1,34.9,26.3,1.2,5.4,100000,80,38000.0,184,6.0,137.0,587,5,4.5,4.0,2.5,4.2,3.5,0,1,1,0,0,0.38,78.9,2
32.1,34.9,26.3,1.2,5.4,100000,80,35000.0,184,6.2,141.0,380,5,4.5,3.8,3.0,4.0,4.0,0,1,1,0,0,0.35,77.0,2
32.1,34.9,26.3,1.2,5.4,100000,80,13000.0,100,5.8,132.0,351,5,4.0,3.2,2.5,4.3,3.5,0,0,0,0,0,0.13,62.7,1
32.1,34.9,26.3,1.2,5.4,100000,80,19000.0,160,6.5,148.0,395,5,4.3,3.5,3.0,4.0,3.5,0,0,0,0,0,0.19,69.9,1
32.1,34.9,26.3,1.2,5.4,100000,80,35000.0,280,8.0,183.0,395,5,4.0,3.2,4.7,2.8,4.0,0,0,0,0,0,0.35,83.9,2
32.1,34.9,26.3,1.2,5.4,100000,80,28000.0,230,5.5,126.0,546,5,4.5,4.0,2.8,4.3,4.2,0,1,1,0,0,0.28,85.7,2
32.1,34.9,26.3,1.2,5.4,100000,80,24000.0,120,6.2,141.0,466,5,4.3,3.5,2.2,4.0,3.8,0,0,1,0,0,0.24,64.0,1
32.1,34.9,26.3,1.2,5.4,100000,80,35000.0,204,14.7,0.0,466,5,4.3,3.5,3.0,4.5,3.8,1,0,1,0,0,0.35,78.9,2
32.1,34.9,26.3,1.2,5.4,100000,80,42000.0,325,16.8,0.0,527,5,4.8,4.3,3.5,4.3,4.8,1,0,1,0,0,0.42,93.7,2
32.1,34.9,26.3,1.2,5.4,100000,80,45000.0,325,14.3,0.0,401,5,4.8,4.3,3.5,4.5,4.8,1,0,0,0,1,0.45,89.2,2
32.1,34.9,26.3,1.2,5.4,100000,80,10500.0,67,4.8,109.0,255,5,3.2,2.5,1.5,4.8,2.8,0,0,0,0,0,0.105,46.6,0
32.1,34.9,26.3,1.2,5.4,100000,80,19000.0,160,6.5,148.0,395,5,4.2,3.5,3.0,4.0,3.5,0,0,0,0,0,0.19,73.5,1
32.1,34.9,26.3,1.2,5.4,100000,80,30000.0,230,5.5,126.0,543,5,4.5,4.0,2.8,4.3,4.3,0,1,1,0,0,0.3,84.8,2
32.1,34.9,26.3,1.2,5.4,100000,80,45000.0,325,16.5,0.0,490,5,4.8,4.2,4.0,4.3,4.8,1,0,1,0,0,0.45,95.8,2
32.1,34.9,26.3,1.2,5.4,100000,80,40000.0,245,8.5,194.0,406,5,4.2,4.0,4.2,3.0,4.5,0,0,0,0,1,0.4,89.0,2
32.1,34.9,26.3,1.2,5.4,100000,80,22000.0,150,6.5,148.0,358,5,4.3,3.8,3.5,3.8,4.5,0,0,0,0,0,0.22,74.2,1
32.1,34.9,26.3,1.2,5.4,100000,80,28000.0,165,7.1,163.0,506,5,4.3,4.0,3.0,3.5,4.0,0,0,1,0,0,0.28,80.9,2
32.1,34.9,26.3,1.2,5.4,100000,80,24000.0,150,6.5,148.0,430,5,4.3,3.8,3.0,3.8,4.3,0,0,1,0,0,0.24,70.4,1
32.1,34.9,26.3,1.2,5.4,100000,80,30000.0,184,6.8,155.0,130,2,3.5,3.0,4.5,3.5,4.8,0,0,0,1,0,0.3,75.4,2
32.1,34.9,26.3,1.2,5.4,100000,80,10000.0,100,5.4,123.0,300,5,3.8,2.8,2.0,4.5,3.0,0,0,0,0,0,0.1,53.1,0
32.1,34.9,26.3,1.2,5.4,100000,80,27000.0,158,6.5,148.0,504,5,4.3,3.8,2.5,3.8,3.8,0,0,1,0,0,0.27,73.8,1
32.1,34.9,26.3,1.2,5.4,100000,80,28000.0,150,15.5,0.0,435,5,4.0,3.5,2.5,4.5,3.0,1,0,0,0,0,0.28,63.2,1
32.1,34.9,26.3,1.2,5.4,100000,80,42000.0,242,16.5,0.0,468,5,4.5,4.2,3.0,4.2,4.2,1,0,1,0,0,0.42,84.8,2
32.1,34.9,26.3,1.2,5.4,100000,80,22000.0,136,6.5,148.0,380,5,4.3,3.5,3.5,3.5,4.0,0,0,0,0,0,0.22,71.7,1
32.1,34.9,26.3,1.2,5.4,100000,80,32000.0,170,6.8,155.0,380,5,4.5,3.8,3.8,3.3,4.3,0,0,0,0,0,0.32,81.6,2
32.1,34.9,26.3,1.2,5.4,100000,80,28000.0,190,5.2,137.0,480,5,4.5,4.2,4.0,4.0,4.5,0,0,0,0,1,0.28,77.5,2
32.1,34.9,26.3,1.2,5.4,100000,80,42000.0,245,7.0,159.0,480,5,4.8,4.3,4.2,3.5,4.5,0,0,0,0,1,0.42,93.4,2
32.1,34.9,26.3,1.2,5.4,100000,80,40000.0,190,5.5,144.0,530,5,4.8,4.8,3.5,3.8,4.8,0,0,0,0,1,0.4,92.4,2
32.1,34.9,26.3,1.2,5.4,100000,80,55000.0,299,7.5,171.0,520,5,5.0,4.8,4.0,3.3,4.8,0,0,0,0,1,0.55,100.0,2
32.1,34.9,26.3,1.2,5.4,100000,80,32000.0,136,6.8,155.0,540,5,4.5,4.0,3.0,3.5,4.0,0,0,1,0,0,0.32,84.4,2
32.1,34.9,26.3,1.2,5.4,100000,80,40000.0,190,5.8,152.0,550,5,4.8,4.3,3.2,3.8,4.3,0,0,1,0,0,0.4,85.0,2
32.1,34.9,26.3,1.2,5.4,100000,80,58000.0,286,6.8,179.0,650,5,5.0,4.8,3.5,3.2,4.5,0,0,1,0,0,0.58,100.0,2
32.1,34.9,26.3,1.2,5.4,100000,80,52000.0,286,17.5,0.0,510,5,4.8,4.2,3.5,4.0,4.3,1,0,1,0,0,0.52,92.3,2
32.1,34.9,26.3,1.2,5.4,100000,80,48000.0,340,16.1,0.0,470,5,4.8,4.2,4.2,4.0,4.8,1,0,0,0,1,0.48,94.4,2
32.1,34.9,26.3,1.2,5.4,100000,80,72000.0,480,9.0,205.0,480,5,4.5,3.8,5.0,2.2,4.8,0,0,0,0,1,0.72,99.8,2
32.1,34.9,26.3,1.2,5.4,100000,80,78000.0,480,9.2,210.0,440,4,4.5,3.5,5.0,2.0,4.8,0,0,0,1,0,0.78,97.3,2
32.1,34.9,26.3,1.2,5.4,100000,80,90000.0,510,9.5,217.0,440,4,4.5,3.5,5.0,1.8,5.0,0,0,0,1,0,0.9,100.0,2
32.1,34.9,26.3,1.2,5.4,100000,80,24000.0,163,6.5,148.0,370,5,4.3,3.8,3.0,3.5,4.2,0,0,0,0,0,0.24,69.5,1
32.1,34.9,26.3,1.2,5.4,100000,80,30000.0,163,6.3,144.0,370,5,4.5,4.0,3.0,3.5,4.3,0,0,0,0,0,0.3,75.0,2
32.1,34.9,26.3,1.2,5.4,100000,80,38000.0,204,6.8,155.0,455,5,4.8,4.5,3.5,3.5,4.8,0,0,0,0,1,0.38,93.7,2
32.1,34.9,26.3,1.2,5.4,100000,80,45000.0,313,2.0,46.0,455,5,5.0,4.8,3.8,4.2,4.8,0,1,0,0,1,0.45,95.3,2
32.1,34.9,26.3,1.2,5.4,100000,80,45000.0,220,5.5,144.0,540,5,5.0,4.8,3.2,3.8,4.8,0,0,0,0,1,0.45,97.0,2
32.1,34.9,26.3,1.2,5.4,100000,80,58000.0,313,2.0,46.0,540,5,5.0,5.0,3.5,4.0,5.0,0,1,0,0,1,0.58,96.9,2
32.1,34.9,26.3,1.2,5.4,100000,80,32000.0,163,6.8,155.0,435,5,4.5,4.0,2.8,3.5,4.2,0,0,1,0,0,0.32,79.9,2
32.1,34.9,26.3,1.2,5.4,100000,80,45000.0,204,7.2,164.0,600,5,4.8,4.5,3.0,3.3,4.5,0,0,1,0,0,0.45,94.1,2
32.1,34.9,26.3,1.2,5.4,100000,80,60000.0,272,7.0,184.0,630,5,5.0,4.8,3.0,3.0,4.5,0,0,1,0,0,0.6,100.0,2
32.1,34.9,26.3,1.2,5.4,100000,80,42000.0,190,17.0,0.0,340,5,4.5,4.0,2.8,4.2,4.2,1,0,1,0,0,0.42,79.1,2
32.1,34.9,26.3,1.2,5.4,100000,80,55000.0,408,21.3,0.0,500,5,4.8,4.3,3.5,3.5,4.3,1,0,1,0,0,0.55,87.5,2
32.1,34.9,26.3,1.2,5.4,100000,80,62000.0,408,9.0,206.0,455,5,4.8,4.2,4.8,2.5,4.8,0,0,0,0,1,0.62,100.0,2
32.1,34.9,26.3,1.2,5.4,100000,80,85000.0,680,6.9,157.0,350,5,4.8,4.0,5.0,2.5,5.0,0,1,0,0,1,0.85,100.0,2
32.1,34.9,26.3,1.2,5.4,100000,80,18000.0,116,5.8,132.0,335,5,4.0,3.2,2.5,4.0,4.0,0,0,0,0,0,0.18,64.5,1
32.1,34.9,26.3,1.2,5.4,100000,80,28000.0,150,6.2,141.0,380,5,4.5,3.8,3.2,3.8,4.3,0,0,0,0,1,0.28,72.8,1
32.1,34.9,26.3,1.2,5.4,100000,80,30000.0,163,5.2,137.0,460,5,4.5,4.3,3.5,4.0,4.5,0,0,0,0,1,0.3,81.2,2
32.1,34.9,26.3,1.2,5.4,100000,80,42000.0,204,6.8,155.0,460,5,4.8,4.5,3.5,3.5,4.5,0,0,0,0,1,0.42,88.0,2
32.1,34.9,26.3,1.2,5.4,100000,80,42000.0,204,5.5,144.0,530,5,4.8,4.8,3.2,3.8,4.8,0,0,0,0,1,0.42,94.5,2
32.1,34.9,26.3,1.2,5.4,100000,80,30000.0,150,6.8,155.0,530,5,4.5,4.0,2.8,3.5,4.2,0,0,1,0,0,0.3,78.9,2
32.1,34.9,26.3,1.2,5.4,100000,80,42000.0,204,6.0,158.0,520,5,4.8,4.3,3.0,3.5,4.3,0,0,1,0,0,0.42,87.8,2
32.1,34.9,26.3,1.2,5.4,100000,80,55000.0,286,7.2,189.0,705,7,5.0,4.8,3.0,3.0,4.5,0,0,1,0,0,0.55,98.6,2
32.1,34.9,26.3,1.2,5.4,100000,80,85000.0,476,19.6,0.0,405,4,5.0,4.5,4.8,3.5,5.0,1,0,0,0,1,0.85,100.0,2
32.1,34.9,26.3,1.2,5.4,100000,80,82000.0,450,9.8,224.0,465,4,4.5,3.8,4.8,2.0,5.0,0,0,0,1,0,0.82,99.3,2
32.1,34.9,26.3,1.2,5.4,100000,80,85000.0,450,9.8,224.0,465,5,4.5,4.0,4.8,2.0,5.0,0,0,0,0,1,0.85,100.0,2
32.1,34.9,26.3,1.2,5.4,100000,80,55000.0,400,8.5,194.0,321,5,4.5,3.5,4.8,2.5,4.5,0,0,0,0,1,0.55,92.6,2
32.1,34.9,26.3,1.2,5.4,100000,80,32000.0,163,7.0,160.0,452,5,4.8,4.0,2.5,3.5,4.0,0,0,1,0,0,0.32,74.0,1
32.1,34.9,26.3,1.2,5.4,100000,80,42000.0,197,6.2,163.0,483,5,5.0,4.5,2.8,3.5,4.3,0,0,1,0,0,0.42,78.8,2
32.1,34.9,26.3,1.2,5.4,100000,80,58000.0,303,2.4,55.0,640,7,5.0,4.8,2.5,4.0,4.5,0,1,1,0,0,0.58,89.8,2
32.1,34.9,26.3,1.2,5.4,100000,80,48000.0,408,17.8,0.0,413,5,5.0,4.0,3.5,4.0,4.5,1,0,1,0,0,0.48,92.2,2
32.1,34.9,26.3,1.2,5.4,100000,80,35000.0,197,7.0,160.0,442,5,5.0,4.3,3.5,3.5,4.5,0,0,0,0,1,0.35,83.5,2
32.1,34.9,26.3,1.2,5.4,100000,80,40000.0,325,14.0,0.0,561,5,4.8,3.8,4.2,4.5,4.5,1,0,0,0,1,0.4,96.6,2
32.1,34.9,26.3,1.2,5.4,100000,80,45000.0,325,15.0,0.0,854,5,4.8,3.8,3.8,4.3,4.3,1,0,1,0,0,0.45,94.9,2
32.1,34.9,26.3,1.2,5.4,100000,80,85000.0,670,16.8,0.0,793,5,4.8,4.5,4.8,3.8,4.8,1,0,0,0,1,0.85,100.0,2
32.1,34.9,26.3,1.2,5.4,100000,80,95000.0,670,18.5,0.0,935,7,4.8,4.5,4.0,3.5,4.5,1,0,1,0,0,0.95,99.6,2
32.1,34.9,26.3,1.2,5.4,100000,80,12000.0,69,5.2,119.0,185,4,3.5,2.5,1.5,4.5,4.0,0,0,0,0,0,0.12,48.6,0
32.1,34.9,26.3,1.2,5.4,100000,80,14000.0,100,6.2,141.0,520,5,3.5,3.0,2.0,4.2,2.8,0,0,0,0,1,0.14,59.4,1
32.1,34.9,26.3,1.2,5.4,100000,80,25000.0,118,13.0,0.0,185,4,3.8,2.8,2.5,4.5,4.5,1,0,0,0,0,0.25,61.6,1
32.1,34.9,26.3,1.2,5.4,100000,80,25000.0,136,5.8,132.0,211,4,4.0,3.3,3.5,3.5,4.5,0,0,0,0,0,0.25,67.3,1
32.1,34.9,26.3,1.2,5.4,100000,80,32000.0,136,6.8,155.0,450,5,4.2,3.5,3.0,3.2,4.2,0,0,1,0,0,0.32,73.3,1
32.1,34.9,26.3,1.2,5.4,100000,80,35000.0,200,7.2,164.0,480,5,4.3,3.8,4.2,3.0,4.8,0,0,0,0,1,0.35,80.6,2
32.1,34.9,26.3,1.2,5.4,100000,80,38000.0,200,7.5,171.0,525,5,4.3,3.8,3.5,3.0,4.5,0,0,1,0,0,0.38,78.9,2
32.1,34.9,26.3,1.2,5.4,100000,80,75000.0,510,9.5,217.0,480,5,4.0,3.5,5.0,2.0,5.0,0,0,0,0,1,0.75,94.1,2
32.1,34.9,26.3,1.2,5.4,100000,80,24000.0,150,7.0,160.0,345,5,4.5,3.5,3.5,3.5,3.2,0,0,0,0,0,0.24,73.0,1
32.1,34.9,26.3,1.2,5.4,100000,80,32000.0,150,7.5,171.0,520,5,4.8,3.8,2.5,3.3,3.0,0,0,1,0,0,0.32,80.4,2
32.1,34.9,26.3,1.2,5.4,100000,80,28000.0,150,7.2,164.0,385,5,4.5,3.5,3.0,3.3,3.2,0,0,1,0,0,0.28,75.2,2
32.1,34.9,26.3,1.2,5.4,100000,80,12000.0,83,5.2,119.0,265,5,3.5,2.8,2.5,4.8,3.0,0,0,0,0,0,0.12,57.9,1
32.1,34.9,26.3,1.2,5.4,100000,80,20000.0,129,6.5,148.0,375,5,3.8,3.2,2.5,4.0,3.2,0,0,1,0,0,0.2,62.9,1
32.1,34.9,26.3,1.2,5.4,100000,80,20000.0,150,6.5,148.0,393,5,3.8,3.3,2.2,3.8,3.2,0,0,1,0,0,0.2,60.2,1
32.1,34.9,26.3,1.2,5.4,100000,80,40000.0,252,1.8,41.0,469,5,4.5,4.0,2.8,4.5,3.5,0,1,1,0,0,0.4,77.7,2
32.1,34.9,26.3,1.2,5.4,100000,80,22000.0,130,7.0,160.0,351,5,3.5,3.0,2.5,3.5,3.5,0,0,1,0,0,0.22,58.4,1
32.1,34.9,26.3,1.2,5.4,100000,80,28000.0,130,5.8,152.0,438,5,3.8,3.3,2.5,3.8,3.3,0,0,1,0,0,0.28,64.7,1
32.1,34.9,26.3,1.2,5.4,100000,80,55000.0,272,10.0,228.0,548,5,3.5,2.8,3.5,2.5,4.0,0,0,1,0,0,0.55,78.5,2
32.1,34.9,26.3,1.2,5.4,100000,80,38000.0,163,6.2,163.0,602,5,4.3,4.0,2.5,3.2,4.0,0,0,1,0,0,0.38,74.3,1
32.1,34.9,26.3,1.2,5.4,100000,80,42000.0,163,6.5,171.0,591,5,4.3,4.2,2.8,3.0,4.8,0,0,1,0,0,0.42,82.3,2
32.1,34.9,26.3,1.2,5.4,100000,80,80000.0,350,8.0,210.0,780,5,4.8,4.8,3.5,2.5,5.0,0,0,1,0,0,0.8,100.0,2
32.1,34.9,26.3,1.2,5.4,100000,80,58000.0,265,8.8,201.0,488,5,4.8,4.2,4.3,2.5,4.8,0,0,1,0,0,0.58,95.7,2
32.1,34.9,26.3,1.2,5.4,100000,80,72000.0,340,9.5,216.0,745,5,5.0,4.5,4.0,2.2,4.8,0,0,1,0,0,0.72,100.0,2
32.1,34.9,26.3,1.2,5.4,100000,80,110000.0,385,9.0,205.0,132,4,4.5,3.5,5.0,2.0,5.0,0,0,0,1,0,1.1,96.3,2
32.1,34.9,26.3,1.2,5.4,100000,80,90000.0,408,19.5,0.0,366,4,5.0,4.5,4.8,3.5,5.0,1,0,0,0,1,0.9,100.0,2
32.1,34.9,26.3,1.2,5.4,100000,80,95000.0,353,9.5,216.0,495,4,5.0,4.8,4.2,2.5,5.0,0,0,0,0,1,0.95,98.1,2
32.1,34.9,26.3,1.2,5.4,100000,80,70000.0,350,10.0,228.0,500,5,4.2,4.2,4.2,2.0,5.0,0,0,0,0,1,0.7,95.2,2
32.1,34.9,26.3,1.2,5.4,100000,80,78000.0,350,10.5,239.0,580,5,4.2,4.2,3.5,1.8,4.8,0,0,1,0,0,0.78,92.7,2
32.1,34.9,26.3,1.2,5.4,100000,80,48000.0,204,6.8,179.0,619,5,4.5,4.2,3.2,3.2,4.5,0,0,1,0,0,0.48,86.6,2
32.1,34.9,26.3,1.2,5.4,100000,80,65000.0,400,22.0,0.0,505,5,4.8,4.0,4.0,3.2,4.8,1,0,1,0,0,0.65,97.7,2
32.1,34.9,26.3,1.2,5.4,100000,80,75000.0,450,10.0,228.0,310,2,4.0,3.2,4.8,1.8,5.0,0,0,0,1,0,0.75,88.8,2
32.1,34.9,26.3,1.2,5.4,100000,80,32000.0,184,4.8,110.0,320,5,4.8,3.8,2.5,4.5,4.0,0,1,1,0,0,0.32,76.5,2
32.1,34.9,26.3,1.2,5.4,100000,80,42000.0,244,5.8,132.0,520,5,5.0,4.5,2.8,4.2,4.5,0,1,1,0,0,0.42,92.3,2
32.1,34.9,26.3,1.2,5.4,100000,80,55000.0,308,6.0,137.0,612,5,5.0,4.8,3.0,3.8,4.5,0,1,1,0,0,0.55,94.1,2
32.1,34.9,26.3,1.2,5.4,100000,80,42000.0,218,4.8,110.0,454,5,5.0,4.8,2.5,4.5,4.5,0,1,0,0,1,0.42,90.3,2
32.1,34.9,26.3,1.2,5.4,100000,80,95000.0,471,10.0,228.0,197,4,4.5,4.0,4.5,2.0,5.0,0,0,0,1,0,0.95,94.8,2
32.1,34.9,26.3,1.2,5.4,100000,80,35000.0,204,15.5,0.0,385,5,4.3,3.5,3.5,4.2,4.3,1,0,0,0,0,0.35,77.3,2
32.1,34.9,26.3,1.2,5.4,100000,80,35000.0,245,7.5,171.0,420,5,4.3,3.5,4.0,3.0,4.5,0,0,1,0,0,0.35,84.7,2
32.1,34.9,26.3,1.2,5.4,100000,80,38000.0,300,7.5,170.0,380,5,4.3,3.5,4.7,2.8,4.5,0,0,0,0,0,0.38,91.7,2
32.1,34.9,26.3,1.2,5.4,100000,80,62000.0,300,8.0,183.0,150,2,4.0,3.0,4.8,2.5,4.8,0,0,0,1,0,0.62,89.2,2
32.1,34.9,26.3,1.2,5.4,100000,80,48000.0,258,7.5,171.0,281,2,4.0,3.2,4.5,2.8,4.8,0,0,0,1,0,0.48,87.4,2
32.1,34.9,26.3,1.2,5.4,100000,80,110000.0,449,9.0,206.0,550,5,5.0,5.0,3.5,2.5,5.0,0,0,0,0,1,1.1,100.0,2
32.1,34.9,26.3,1.2,5.4,100000,80,100000.0,400,8.5,194.0,540,5,5.0,5.0,3.5,2.5,5.0,0,0,0,0,1,1.0,100.0,2
32.1,34.9,26.3,1.2,5.4,100000,80,90000.0,340,8.0,183.0,505,5,5.0,5.0,3.2,2.8,5.0,0,0,0,0,1,0.9,100.0,2
32.1,34.9,26.3,1.2,5.4,100000,80,38000.0,245,8.0,183.0,330,5,4.5,4.0,4.0,3.0,4.3,0,0,0,0,1,0.38,87.3,2
32.1,34.9,26.3,1.2,5.4,100000,80,42000.0,245,8.5,194.0,542,5,4.8,4.2,3.5,3.0,4.5,0,0,1,0,0,0.42,91.1,2
32.1,34.9,26.3,1.2,5.4,100000,80,42000.0,408,15.5,0.0,405,5,4.8,4.0,4.0,4.2,4.5,1,0,0,0,1,0.42,89.4,2
0.7,22.4,8.4,15.7,52.8,40000,80,6500.0,73,6.4,149.0,510,5,3.0,2.5,1.5,4.8,2.0,0,0,0,0,1,0.162,44.9,0
0.7,22.4,8.4,15.7,52.8,40000,80,9800.0,91,6.0,137.0,528,5,3.4,3.0,1.5,4.7,2.8,0,0,0,0,1,0.245,54.1,0
0.7,22.4,8.4,15.7,52.8,40000,80,7200.0,73,6.2,144.0,328,5,3.2,2.5,1.8,4.6,2.5,0,0,0,0,0,0.18,51.2,0
0.7,22.4,8.4,15.7,52.8,40000,80,13500.0,91,6.1,139.0,328,5,3.4,3.0,2.0,4.5,3.2,0,0,0,0,0,0.338,62.0,1
0.7,22.4,8.4,15.7,52.8,40000,80,14000.0,115,5.7,150.0,445,5,3.0,3.0,2.0,4.2,2.8,0,0,1,0,0,0.35,57.7,1
0.7,22.4,8.4,15.7,52.8,40000,80,19500.0,130,6.8,155.0,445,5,3.5,3.2,2.2,4.0,3.5,0,0,1,0,0,0.488,66.7,1
0.7,22.4,8.4,15.7,52.8,40000,80,15800.0,110,6.4,146.0,708,7,3.2,3.2,1.5,4.3,3.0,0,0,0,0,0,0.395,56.2,1
0.7,22.4,8.4,15.7,52.8,40000,80,12000.0,65,14.5,0.0,290,4,2.8,2.2,1.2,4.9,2.5,1,0,0,0,0,0.3,51.4,0
0.7,22.4,8.4,15.7,52.8,40000,80,11500.0,100,5.8,132.0,391,5,4.2,3.5,2.5,4.3,3.5,0,0,0,0,0,0.288,65.8,1
0.7,22.4,8.4,15.7,52.8,40000,80,16000.0,140,4.3,98.0,391,5,4.2,3.8,2.8,4.7,3.8,0,1,0,0,0,0.4,75.0,2
0.7,22.4,8.4,15.7,52.8,40000,80,13000.0,115,4.8,128.0,384,5,4.0,3.5,2.8,4.2,3.3,0,0,0,0,0,0.325,67.5,1
0.7,22.4,8.4,15.7,52.8,40000,80,35000.0,220,16.1,0.0,440,5,4.5,4.0,3.2,4.5,4.2,1,0,0,0,0,0.875,85.3,2
0.7,22.4,8.4,15.7,52.8,40000,80,17500.0,130,6.4,147.0,422,5,4.0,3.5,2.2,4.0,3.5,0,0,1,0,0,0.438,63.3,1
0.7,22.4,8.4,15.7,52.8,40000,80,28000.0,200,4.6,105.0,500,5,4.3,4.0,3.0,4.3,3.8,0,1,1,0,0,0.7,74.9,1
0.7,22.4,8.4,15.7,52.8,40000,80,14500.0,100,5.9,136.0,309,5,4.2,3.5,2.5,4.2,4.0,0,0,0,0,0,0.362,74.6,1
0.7,22.4,8.4,15.7,52.8,40000,80,16500.0,100,5.8,132.0,309,5,4.2,3.5,2.5,4.2,4.2,0,0,0,0,0,0.412,75.1,2
0.7,22.4,8.4,15.7,52.8,40000,80,28000.0,136,15.2,0.0,265,5,4.2,3.5,3.0,4.5,4.2,1,0,0,0,0,0.7,84.2,2
0.7,22.4,8.4,15.7,52.8,40000,80,22000.0,130,6.1,139.0,412,5,4.3,3.8,3.0,4.0,4.3,0,0,0,0,0,0.55,81.5,2
0.7,22.4,8.4,15.7,52.8,40000,80,24000.0,130,5.2,138.0,520,5,4.3,4.0,2.5,4.2,4.0,0,0,1,0,0,0.6,77.9,2
0.7,22.4,8.4,15.7,52.8,40000,80,35000.0,225,1.4,32.0,520,5,4.5,4.2,3.0,4.5,4.5,0,1,1,0,0,0.875,89.1,2
0.7,22.4,8.4,15.7,52.8,40000,80,30000.0,130,5.5,144.0,780,7,4.2,4.0,2.0,4.0,3.8,0,0,1,0,0,0.75,74.4,1
0.7,22.4,8.4,15.7,52.8,40000,80,12000.0,83,5.8,132.0,300,5,3.5,3.2,1.5,4.5,3.0,0,0,0,0,0,0.3,59.3,1
0.7,22.4,8.4,15.7,52.8,40000,80,18000.0,110,6.2,142.0,410,5,3.5,3.3,1.8,4.2,3.2,0,0,1,0,0,0.45,58.4,1
0.7,22.4,8.4,15.7,52.8,40000,80,22000.0,130,6.0,137.0,380,5,4.0,4.0,2.2,4.0,3.8,0,0,0,0,0,0.55,67.0,1
0.7,22.4,8.4,15.7,52.8,40000,80,26000.0,130,5.5,144.0,580,5,4.2,4.2,2.0,4.0,3.5,0,0,1,0,0,0.65,72.2,1
0.7,22.4,8.4,15.7,52.8,40000,80,14000.0,100,5.8,132.0,309,5,4.0,3.3,2.5,4.3,3.3,0,0,0,0,0,0.35,69.4,1
0.7,22.4,8.4,15.7,52.8,40000,80,27000.0,136,15.2,0.0,267,5,4.0,3.3,2.8,4.5,3.5,1,0,0,0,0,0.675,68.8,1
0.7,22.4,8.4,15.7,52.8,40000,80,23000.0,130,6.1,139.0,422,5,4.2,3.8,3.0,4.0,4.0,0,0,0,0,0,0.575,73.1,1
0.7,22.4,8.4,15.7,52.8,40000,80,22000.0,130,6.5,148.0,350,5,4.0,3.5,2.5,3.8,4.0,0,0,1,0,0,0.55,74.9,1
0.7,22.4,8.4,15.7,52.8,40000,80,10500.0,100,5.9,136.0,292,5,3.8,3.0,3.0,4.3,3.2,0,0,0,0,0,0.262,64.5,1
0.7,22.4,8.4,15.7,52.8,40000,80,15000.0,125,6.0,137.0,375,5,4.2,3.5,3.3,4.0,3.5,0,0,0,0,0,0.375,73.3,1
0.7,22.4,8.4,15.7,52.8,40000,80,20000.0,120,4.7,123.0,575,5,4.2,3.8,2.8,4.5,3.3,0,0,0,0,0,0.5,69.0,1
0.7,22.4,8.4,15.7,52.8,40000,80,22000.0,125,5.4,124.0,456,5,4.3,3.5,2.8,4.3,4.0,0,1,1,0,0,0.55,77.3,2
0.7,22.4,8.4,15.7,52.8,40000,80,25000.0,190,1.4,32.0,475,5,4.3,3.8,2.8,4.5,3.5,0,1,1,0,0,0.625,74.4,1
0.7,22.4,8.4,15.7,52.8,40000,80,13000.0,95,5.7,130.0,351,5,4.2,3.5,2.5,4.3,3.5,0,0,0,0,0,0.325,68.3,1
0.7,22.4,8.4,15.7,52.8,40000,80,18000.0,110,5.6,128.0,351,5,4.3,3.5,2.8,4.3,3.7,0,0,0,0,0,0.45,74.9,1
0.7,22.4,8.4,15.7,52.8,40000,80,18500.0,130,6.0,137.0,381,5,4.5,4.0,3.5,4.0,4.0,0,0,0,0,0,0.462,79.0,2
0.7,22.4,8.4,15.7,52.8,40000,80,28000.0,150,5.8,132.0,381,5,4.5,4.2,3.5,4.0,4.2,0,0,0,0,0,0.7,85.0,2
0.7,22.4,8.4,15.7,52.8,40000,80,38000.0,245,7.4,168.0,381,5,4.5,3.8,4.5,3.2,4.5,0,0,0,0,0,0.95,91.1,2
0.7,22.4,8.4,15.7,52.8,40000,80,28000.0,150,5.5,144.0,615,5,4.5,4.2,2.5,4.0,3.8,0,0,1,0,0,0.7,74.1,1
0.7,22.4,8.4,15.7,52.8,40000,80,38000.0,150,7.0,160.0,615,5,4.5,4.3,2.8,3.8,4.2,0,0,1,0,0,0.95,80.2,2
0.7,22.4,8.4,15.7,52.8,40000,80,20000.0,150,5.0,132.0,650,5,4.5,4.3,3.0,4.3,3.8,0,0,0,0,0,0.5,75.9,2
0.7,22.4,8.4,15.7,52.8,40000,80,40000.0,272,7.2,164.0,690,5,4.8,4.5,3.5,3.5,4.2,0,0,0,0,0,1.0,79.0,2
0.7,22.4,8.4,15.7,52.8,40000,80,35000.0,200,5.5,144.0,563,5,4.5,4.5,3.5,4.0,4.8,0,0,0,0,1,0.875,97.7,2
0.7,22.4,8.4,15.7,52.8,40000,80,32000.0,204,15.8,0.0,385,5,4.3,3.8,3.0,4.5,3.8,1,0,0,0,0,0.8,75.8,2
0.7,22.4,8.4,15.7,52.8,40000,80,38000.0,204,17.0,0.0,543,5,4.5,4.0,2.8,4.3,4.0,1,0,1,0,0,0.95,80.9,2
0.7,22.4,8.4,15.7,52.8,40000,80,14500.0,110,5.5,126.0,380,5,4.0,3.3,2.5,4.5,3.2,0,0,0,0,0,0.362,65.9,1
0.7,22.4,8.4,15.7,52.8,40000,80,18000.0,150,4.8,126.0,640,5,4.5,4.0,3.0,4.5,3.5,0,0,0,0,0,0.45,70.1,1
0.7,22.4,8.4,15.7,52.8,40000,80,25000.0,150,6.2,141.0,640,5,4.5,4.2,3.0,4.2,3.8,0,0,0,0,0,0.625,81.7,2
0.7,22.4,8.4,15.7,52.8,40000,80,35000.0,245,7.1,161.0,640,5,4.5,3.8,4.3,3.2,4.2,0,0,0,0,0,0.875,83.8,2
0.7,22.4,8.4,15.7,52.8,40000,80,30000.0,150,5.0,132.0,660,5,4.5,4.5,2.8,4.3,4.0,0,0,0,0,0,0.75,80.0,2
0.7,22.4,8.4,15.7,52.8,40000,80,32000.0,150,5.8,152.0,720,7,4.5,4.2,2.2,4.0,3.5,0,0,1,0,0,0.8,72.0,1
0.7,22.4,8.4,15.7,52.8,40000,80,20000.0,110,6.0,137.0,400,5,4.2,3.5,2.2,4.2,3.5,0,0,1,0,0,0.5,69.9,1
0.7,22.4,8.4,15.7,52.8,40000,80,13500.0,110,5.6,128.0,355,5,4.0,3.2,2.8,4.3,3.5,0,0,0,0,0,0.338,70.8,1
0.7,22.4,8.4,15.7,52.8,40000,80,20000.0,150,6.0,137.0,380,5,4.3,3.5,3.5,4.0,4.0,0,0,0,0,0,0.5,76.9,2
0.7,22.4,8.4,15.7,52.8,40000,80,35000.0,300,7.5,170.0,380,5,4.3,3.5,4.7,3.0,4.3,0,0,0,0,0,0.875,87.0,2
0.7,22.4,8.4,15.7,52.8,40000,80,25000.0,150,5.6,147.0,510,5,4.3,3.8,2.8,4.2,3.5,0,0,1,0,0,0.625,72.6,1
0.7,22.4,8.4,15.7,52.8,40000,80,15000.0,116,3.8,87.0,286,5,4.5,3.3,2.2,4.8,3.2,0,1,0,0,0,0.375,67.2,1
0.7,22.4,8.4,15.7,52.8,40000,80,22000.0,116,4.4,101.0,320,5,4.5,3.5,2.0,4.7,3.5,0,1,1,0,0,0.55,72.0,1
0.7,22.4,8.4,15.7,52.8,40000,80,22000.0,140,4.5,103.0,361,5,4.5,3.8,3.0,4.7,3.8,0,1,0,0,0,0.55,77.9,2
0.7,22.4,8.4,15.7,52.8,40000,80,30000.0,197,5.0,114.0,433,5,4.8,4.0,2.5,4.5,3.8,0,1,1,0,0,0.75,77.5,2
0.7,22.4,8.4,15.7,52.8,40000,80,32000.0,222,5.6,128.0,580,5,4.8,4.0,2.5,4.3,3.5,0,1,1,0,0,0.8,74.8,1
0.7,22.4,8.4,15.7,52.8,40000,80,35000.0,218,4.9,112.0,493,5,4.8,4.5,2.8,4.5,3.8,0,1,0,0,1,0.875,80.1,2
0.7,22.4,8.4,15.7,52.8,40000,80,28000.0,200,4.8,110.0,310,5,4.5,3.5,3.0,4.5,4.2,0,1,1,0,0,0.7,80.8,2
0.7,22.4,8.4,15.7,52.8,40000,80,28000.0,182,6.5,148.0,404,5,4.5,3.8,3.5,3.8,4.0,0,0,0,0,0,0.7,81.0,2
0.7,22.4,8.4,15.7,52.8,40000,80,27000.0,131,5.4,122.0,319,5,4.3,3.5,2.2,4.5,3.5,0,1,1,0,0,0.675,76.8,2
0.7,22.4,8.4,15.7,52.8,40000,80,38000.0,184,6.0,137.0,587,5,4.5,4.0,2.5,4.2,3.5,0,1,1,0,0,0.95,71.9,1
0.7,22.4,8.4,15.7,52.8,40000,80,35000.0,184,6.2,141.0,380,5,4.5,3.8,3.0,4.0,4.0,0,1,1,0,0,0.875,78.3,2
0.7,22.4,8.4,15.7,52.8,40000,80,13000.0,100,5.8,132.0,351,5,4.0,3.2,2.5,4.3,3.5,0,0,0,0,0,0.325,67.6,1
0.7,22.4,8.4,15.7,52.8,40000,80,19000.0,160,6.5,148.0,395,5,4.3,3.5,3.0,4.0,3.5,0,0,0,0,0,0.475,69.4,1
0.7,22.4,8.4,15.7,52.8,40000,80,35000.0,280,8.0,183.0,395,5,4.0,3.2,4.7,2.8,4.0,0,0,0,0,0,0.875,84.0,2
0.7,22.4,8.4,15.7,52.8,40000,80,28000.0,230,5.5,126.0,546,5,4.5,4.0,2.8,4.3,4.2,0,1,1,0,0,0.7,84.7,2
0.7,22.4,8.4,15.7,52.8,40000,80,24000.0,120,6.2,141.0,466,5,4.3,3.5,2.2,4.0,3.8,0,0,1,0,0,0.6,74.4,1
0.7,22.4,8.4,15.7,52.8,40000,80,35000.0,204,14.7,0.0,466,5,4.3,3.5,3.0,4.5,3.8,1,0,1,0,0,0.875,78.7,2
0.7,22.4,8.4,15.7,52.8,40000,80,42000.0,325,16.8,0.0,527,5,4.8,4.3,3.5,4.3,4.8,1,0,1,0,0,1.05,92.6,2
0.7,22.4,8.4,15.7,52.8,40000,80,10500.0,67,4.8,109.0,255,5,3.2,2.5,1.5,4.8,2.8,0,0,0,0,0,0.262,54.7,0
0.7,22.4,8.4,15.7,52.8,40000,80,19000.0,160,6.5,148.0,395,5,4.2,3.5,3.0,4.0,3.5,0,0,0,0,0,0.475,68.9,1
0.7,22.4,8.4,15.7,52.8,40000,80,30000.0,230,5.5,126.0,543,5,4.5,4.0,2.8,4.3,4.3,0,1,1,0,0,0.75,78.7,2
0.7,22.4,8.4,15.7,52.8,40000,80,40000.0,245,8.5,194.0,406,5,4.2,4.0,4.2,3.0,4.5,0,0,0,0,1,1.0,91.6,2
0.7,22.4,8.4,15.7,52.8,40000,80,22000.0,150,6.5,148.0,358,5,4.3,3.8,3.5,3.8,4.5,0,0,0,0,0,0.55,85.9,2
0.7,22.4,8.4,15.7,52.8,40000,80,28000.0,165,7.1,163.0,506,5,4.3,4.0,3.0,3.5,4.0,0,0,1,0,0,0.7,76.8,2
0.7,22.4,8.4,15.7,52.8,40000,80,24000.0,150,6.5,148.0,430,5,4.3,3.8,3.0,3.8,4.3,0,0,1,0,0,0.6,82.8,2
0.7,22.4,8.4,15.7,52.8,40000,80,30000.0,184,6.8,155.0,130,2,3.5,3.0,4.5,3.5,4.8,0,0,0,1,0,0.75,100.0,2
0.7,22.4,8.4,15.7,52.8,40000,80,10000.0,100,5.4,123.0,300,5,3.8,2.8,2.0,4.5,3.0,0,0,0,0,0,0.25,59.1,1
0.7,22.4,8.4,15.7,52.8,40000,80,27000.0,158,6.5,148.0,504,5,4.3,3.8,2.5,3.8,3.8,0,0,1,0,0,0.675,71.6,1
0.7,22.4,8.4,15.7,52.8,40000,80,28000.0,150,15.5,0.0,435,5,4.0,3.5,2.5,4.5,3.0,1,0,0,0,0,0.7,66.6,1
0.7,22.4,8.4,15.7,52.8,40000,80,42000.0,242,16.5,0.0,468,5,4.5,4.2,3.0,4.2,4.2,1,0,1,0,0,1.05,77.8,2
0.7,22.4,8.4,15.7,52.8,40000,80,22000.0,136,6.5,148.0,380,5,4.3,3.5,3.5,3.5,4.0,0,0,0,0,0,0.55,76.5,2
0.7,22.4,8.4,15.7,52.8,40000,80,32000.0,170,6.8,155.0,380,5,4.5,3.8,3.8,3.3,4.3,0,0,0,0,0,0.8,86.3,2
0.7,22.4,8.4,15.7,52.8,40000,80,28000.0,190,5.2,137.0,480,5,4.5,4.2,4.0,4.0,4.5,0,0,0,0,1,0.7,89.1,2
0.7,22.4,8.4,15.7,52.8,40000,80,42000.0,245,7.0,159.0,480,5,4.8,4.3,4.2,3.5,4.5,0,0,0,0,1,1.05,90.2,2
0.7,22.4,8.4,15.7,52.8,40000,80,40000.0,190,5.5,144.0,530,5,4.8,4.8,3.5,3.8,4.8,0,0,0,0,1,1.0,91.1,2
0.7,22.4,8.4,15.7,52.8,40000,80,32000.0,136,6.8,155.0,540,5,4.5,4.0,3.0,3.5,4.0,0,0,1,0,0,0.8,75.3,2
0.7,22.4,8.4,15.7,52.8,40000,80,40000.0,190,5.8,152.0,550,5,4.8,4.3,3.2,3.8,4.3,0,0,1,0,0,1.0,81.5,2
0.7,22.4,8.4,15.7,52.8,40000,80,24000.0,163,6.5,148.0,370,5,4.3,3.8,3.0,3.5,4.2,0,0,0,0,0,0.6,76.7,2
0.7,22.4,8.4,15.7,52.8,40000,80,30000.0,163,6.3,144.0,370,5,4.5,4.0,3.0,3.5,4.3,0,0,0,0,0,0.75,78.4,2
0.7,22.4,8.4,15.7,52.8,40000,80,38000.0,204,6.8,155.0,455,5,4.8,4.5,3.5,3.5,4.8,0,0,0,0,1,0.95,92.8,2
0.7,22.4,8.4,15.7,52.8,40000,80,32000.0,163,6.8,155.0,435,5,4.5,4.0,2.8,3.5,4.2,0,0,1,0,0,0.8,82.0,2
0.7,22.4,8.4,15.7,52.8,40000,80,42000.0,190,17.0,0.0,340,5,4.5,4.0,2.8,4.2,4.2,1,0,1,0,0,1.05,78.1,2
0.7,22.4,8.4,15.7,52.8,40000,80,18000.0,116,5.8,132.0,335,5,4.0,3.2,2.5,4.0,4.0,0,0,0,0,0,0.45,70.7,1
0.7,22.4,8.4,15.7,52.8,40000,80,28000.0,150,6.2,141.0,380,5,4.5,3.8,3.2,3.8,4.3,0,0,0,0,1,0.7,81.4,2
0.7,22.4,8.4,15.7,52.8,40000,80,30000.0,163,5.2,137.0,460,5,4.5,4.3,3.5,4.0,4.5,0,0,0,0,1,0.75,93.9,2
0.7,22.4,8.4,15.7,52.8,40000,80,42000.0,204,6.8,155.0,460,5,4.8,4.5,3.5,3.5,4.5,0,0,0,0,1,1.05,88.1,2
0.7,22.4,8.4,15.7,52.8,40000,80,42000.0,204,5.5,144.0,530,5,4.8,4.8,3.2,3.8,4.8,0,0,0,0,1,1.05,90.5,2
0.7,22.4,8.4,15.7,52.8,40000,80,30000.0,150,6.8,155.0,530,5,4.5,4.0,2.8,3.5,4.2,0,0,1,0,0,0.75,79.6,2
0.7,22.4,8.4,15.7,52.8,40000,80,42000.0,204,6.0,158.0,520,5,4.8,4.3,3.0,3.5,4.3,0,0,1,0,0,1.05,78.4,2
0.7,22.4,8.4,15.7,52.8,40000,80,32000.0,163,7.0,160.0,452,5,4.8,4.0,2.5,3.5,4.0,0,0,1,0,0,0.8,79.1,2
0.7,22.4,8.4,15.7,52.8,40000,80,42000.0,197,6.2,163.0,483,5,5.0,4.5,2.8,3.5,4.3,0,0,1,0,0,1.05,76.5,2
0.7,22.4,8.4,15.7,52.8,40000,80,35000.0,197,7.0,160.0,442,5,5.0,4.3,3.5,3.5,4.5,0,0,0,0,1,0.875,89.5,2
0.7,22.4,8.4,15.7,52.8,40000,80,40000.0,325,14.0,0.0,561,5,4.8,3.8,4.2,4.5,4.5,1,0,0,0,1,1.0,91.3,2
0.7,22.4,8.4,15.7,52.8,40000,80,12000.0,69,5.2,119.0,185,4,3.5,2.5,1.5,4.5,4.0,0,0,0,0,0,0.3,68.2,1
0.7,22.4,8.4,15.7,52.8,40000,80,14000.0,100,6.2,141.0,520,5,3.5,3.0,2.0,4.2,2.8,0,0,0,0,1,0.35,55.8,1
0.7,22.4,8.4,15.7,52.8,40000,80,25000.0,118,13.0,0.0,185,4,3.8,2.8,2.5,4.5,4.5,1,0,0,0,0,0.625,88.1,2
0.7,22.4,8.4,15.7,52.8,40000,80,25000.0,136,5.8,132.0,211,4,4.0,3.3,3.5,3.5,4.5,0,0,0,0,0,0.625,89.4,2
0.7,22.4,8.4,15.7,52.8,40000,80,32000.0,136,6.8,155.0,450,5,4.2,3.5,3.0,3.2,4.2,0,0,1,0,0,0.8,76.2,2
0.7,22.4,8.4,15.7,52.8,40000,80,35000.0,200,7.2,164.0,480,5,4.3,3.8,4.2,3.0,4.8,0,0,0,0,1,0.875,95.9,2
0.7,22.4,8.4,15.7,52.8,40000,80,38000.0,200,7.5,171.0,525,5,4.3,3.8,3.5,3.0,4.5,0,0,1,0,0,0.95,88.4,2
0.7,22.4,8.4,15.7,52.8,40000,80,24000.0,150,7.0,160.0,345,5,4.5,3.5,3.5,3.5,3.2,0,0,0,0,0,0.6,72.2,1
0.7,22.4,8.4,15.7,52.8,40000,80,32000.0,150,7.5,171.0,520,5,4.8,3.8,2.5,3.3,3.0,0,0,1,0,0,0.8,59.8,1
0.7,22.4,8.4,15.7,52.8,40000,80,28000.0,150,7.2,164.0,385,5,4.5,3.5,3.0,3.3,3.2,0,0,1,0,0,0.7,72.6,1
0.7,22.4,8.4,15.7,52.8,40000,80,12000.0,83,5.2,119.0,265,5,3.5,2.8,2.5,4.8,3.0,0,0,0,0,0,0.3,65.7,1
0.7,22.4,8.4,15.7,52.8,40000,80,20000.0,129,6.5,148.0,375,5,3.8,3.2,2.5,4.0,3.2,0,0,1,0,0,0.5,68.3,1
0.7,22.4,8.4,15.7,52.8,40000,80,20000.0,150,6.5,148.0,393,5,3.8,3.3,2.2,3.8,3.2,0,0,1,0,0,0.5,64.6,1
0.7,22.4,8.4,15.7,52.8,40000,80,40000.0,252,1.8,41.0,469,5,4.5,4.0,2.8,4.5,3.5,0,1,1,0,0,1.0,74.3,1
0.7,22.4,8.4,15.7,52.8,40000,80,22000.0,130,7.0,160.0,351,5,3.5,3.0,2.5,3.5,3.5,0,0,1,0,0,0.55,65.9,1
0.7,22.4,8.4,15.7,52.8,40000,80,28000.0,130,5.8,152.0,438,5,3.8,3.3,2.5,3.8,3.3,0,0,1,0,0,0.7,67.3,1
0.7,22.4,8.4,15.7,52.8,40000,80,38000.0,163,6.2,163.0,602,5,4.3,4.0,2.5,3.2,4.0,0,0,1,0,0,0.95,72.0,1
0.7,22.4,8.4,15.7,52.8,40000,80,42000.0,163,6.5,171.0,591,5,4.3,4.2,2.8,3.0,4.8,0,0,1,0,0,1.05,84.0,2
0.7,22.4,8.4,15.7,52.8,40000,80,32000.0,184,4.8,110.0,320,5,4.8,3.8,2.5,4.5,4.0,0,1,1,0,0,0.8,80.0,2
0.7,22.4,8.4,15.7,52.8,40000,80,42000.0,244,5.8,132.0,520,5,5.0,4.5,2.8,4.2,4.5,0,1,1,0,0,1.05,82.0,2
0.7,22.4,8.4,15.7,52.8,40000,80,42000.0,218,4.8,110.0,454,5,5.0,4.8,2.5,4.5,4.5,0,1,0,0,1,1.05,87.0,2
0.7,22.4,8.4,15.7,52.8,40000,80,35000.0,204,15.5,0.0,385,5,4.3,3.5,3.5,4.2,4.3,1,0,0,0,0,0.875,87.7,2
0.7,22.4,8.4,15.7,52.8,40000,80,35000.0,245,7.5,171.0,420,5,4.3,3.5,4.0,3.0,4.5,0,0,1,0,0,0.875,90.8,2
0.7,22.4,8.4,15.7,52.8,40000,80,38000.0,300,7.5,170.0,380,5,4.3,3.5,4.7,2.8,4.5,0,0,0,0,0,0.95,93.5,2
0.7,22.4,8.4,15.7,52.8,40000,80,38000.0,245,8.0,183.0,330,5,4.5,4.0,4.0,3.0,4.3,0,0,0,0,1,0.95,80.3,2
0.7,22.4,8.4,15.7,52.8,40000,80,42000.0,245,8.5,194.0,542,5,4.8,4.2,3.5,3.0,4.5,0,0,1,0,0,1.05,88.3,2
0.7,22.4,8.4,15.7,52.8,40000,80,42000.0,408,15.5,0.0,405,5,4.8,4.0,4.0,4.2,4.5,1,0,0,0,1,1.05,90.5,2
11.2,20.6,55.0,10.1,3.1,300000,80,6500.0,73,6.4,149.0,510,5,3.0,2.5,1.5,4.8,2.0,0,0,0,0,1,0.022,54.6,0
11.2,20.6,55.0,10.1,3.1,300000,80,9800.0,91,6.0,137.0,528,5,3.4,3.0,1.5,4.7,2.8,0,0,0,0,1,0.033,59.0,1
11.2,20.6,55.0,10.1,3.1,300000,80,7200.0,73,6.2,144.0,328,5,3.2,2.5,1.8,4.6,2.5,0,0,0,0,0,0.024,55.6,1
11.2,20.6,55.0,10.1,3.1,300000,80,13500.0,91,6.1,139.0,328,5,3.4,3.0,2.0,4.5,3.2,0,0,0,0,0,0.045,55.3,1
11.2,20.6,55.0,10.1,3.1,300000,80,14000.0,115,5.7,150.0,445,5,3.0,3.0,2.0,4.2,2.8,0,0,1,0,0,0.047,56.7,1
11.2,20.6,55.0,10.1,3.1,300000,80,19500.0,130,6.8,155.0,445,5,3.5,3.2,2.2,4.0,3.5,0,0,1,0,0,0.065,64.4,1
11.2,20.6,55.0,10.1,3.1,300000,80,15800.0,110,6.4,146.0,708,7,3.2,3.2,1.5,4.3,3.0,0,0,0,0,0,0.053,57.8,1
11.2,20.6,55.0,10.1,3.1,300000,80,12000.0,65,14.5,0.0,290,4,2.8,2.2,1.2,4.9,2.5,1,0,0,0,0,0.04,52.2,0
11.2,20.6,55.0,10.1,3.1,300000,80,11500.0,100,5.8,132.0,391,5,4.2,3.5,2.5,4.3,3.5,0,0,0,0,0,0.038,76.3,2
11.2,20.6,55.0,10.1,3.1,300000,80,16000.0,140,4.3,98.0,391,5,4.2,3.8,2.8,4.7,3.8,0,1,0,0,0,0.053,77.6,2
11.2,20.6,55.0,10.1,3.1,300000,80,13000.0,115,4.8,128.0,384,5,4.0,3.5,2.8,4.2,3.3,0,0,0,0,0,0.043,69.8,1
11.2,20.6,55.0,10.1,3.1,300000,80,35000.0,220,16.1,0.0,440,5,4.5,4.0,3.2,4.5,4.2,1,0,0,0,0,0.117,84.7,2
11.2,20.6,55.0,10.1,3.1,300000,80,17500.0,130,6.4,147.0,422,5,4.0,3.5,2.2,4.0,3.5,0,0,1,0,0,0.058,71.6,1
11.2,20.6,55.0,10.1,3.1,300000,80,28000.0,200,4.6,105.0,500,5,4.3,4.0,3.0,4.3,3.8,0,1,1,0,0,0.093,79.7,2
11.2,20.6,55.0,10.1,3.1,300000,80,14500.0,100,5.9,136.0,309,5,4.2,3.5,2.5,4.2,4.0,0,0,0,0,0,0.048,75.6,2
11.2,20.6,55.0,10.1,3.1,300000,80,16500.0,100,5.8,132.0,309,5,4.2,3.5,2.5,4.2,4.2,0,0,0,0,0,0.055,77.4,2
11.2,20.6,55.0,10.1,3.1,300000,80,28000.0,136,15.2,0.0,265,5,4.2,3.5,3.0,4.5,4.2,1,0,0,0,0,0.093,79.6,2
11.2,20.6,55.0,10.1,3.1,300000,80,22000.0,130,6.1,139.0,412,5,4.3,3.8,3.0,4.0,4.3,0,0,0,0,0,0.073,78.9,2
11.2,20.6,55.0,10.1,3.1,300000,80,24000.0,130,5.2,138.0,520,5,4.3,4.0,2.5,4.2,4.0,0,0,1,0,0,0.08,77.6,2
11.2,20.6,55.0,10.1,3.1,300000,80,35000.0,225,1.4,32.0,520,5,4.5,4.2,3.0,4.5,4.5,0,1,1,0,0,0.117,89.8,2
11.2,20.6,55.0,10.1,3.1,300000,80,30000.0,130,5.5,144.0,780,7,4.2,4.0,2.0,4.0,3.8,0,0,1,0,0,0.1,76.2,2
11.2,20.6,55.0,10.1,3.1,300000,80,12000.0,83,5.8,132.0,300,5,3.5,3.2,1.5,4.5,3.0,0,0,0,0,0,0.04,59.5,1
11.2,20.6,55.0,10.1,3.1,300000,80,18000.0,110,6.2,142.0,410,5,3.5,3.3,1.8,4.2,3.2,0,0,1,0,0,0.06,61.7,1
11.2,20.6,55.0,10.1,3.1,300000,80,22000.0,130,6.0,137.0,380,5,4.0,4.0,2.2,4.0,3.8,0,0,0,0,0,0.073,67.9,1
11.2,20.6,55.0,10.1,3.1,300000,80,26000.0,130,5.5,144.0,580,5,4.2,4.2,2.0,4.0,3.5,0,0,1,0,0,0.087,71.3,1
11.2,20.6,55.0,10.1,3.1,300000,80,14000.0,100,5.8,132.0,309,5,4.0,3.3,2.5,4.3,3.3,0,0,0,0,0,0.047,66.7,1
11.2,20.6,55.0,10.1,3.1,300000,80,27000.0,136,15.2,0.0,267,5,4.0,3.3,2.8,4.5,3.5,1,0,0,0,0,0.09,71.7,1
11.2,20.6,55.0,10.1,3.1,300000,80,23000.0,130,6.1,139.0,422,5,4.2,3.8,3.0,4.0,4.0,0,0,0,0,0,0.077,72.6,1
11.2,20.6,55.0,10.1,3.1,300000,80,22000.0,130,6.5,148.0,350,5,4.0,3.5,2.5,3.8,4.0,0,0,1,0,0,0.073,69.7,1
11.2,20.6,55.0,10.1,3.1,300000,80,10500.0,100,5.9,136.0,292,5,3.8,3.0,3.0,4.3,3.2,0,0,0,0,0,0.035,70.0,1
11.2,20.6,55.0,10.1,3.1,300000,80,15000.0,125,6.0,137.0,375,5,4.2,3.5,3.3,4.0,3.5,0,0,0,0,0,0.05,75.2,2
11.2,20.6,55.0,10.1,3.1,300000,80,20000.0,120,4.7,123.0,575,5,4.2,3.8,2.8,4.5,3.3,0,0,0,0,0,0.067,75.2,2
11.2,20.6,55.0,10.1,3.1,300000,80,22000.0,125,5.4,124.0,456,5,4.3,3.5,2.8,4.3,4.0,0,1,1,0,0,0.073,79.6,2
11.2,20.6,55.0,10.1,3.1,300000,80,25000.0,190,1.4,32.0,475,5,4.3,3.8,2.8,4.5,3.5,0,1,1,0,0,0.083,79.3,2
11.2,20.6,55.0,10.1,3.1,300000,80,48000.0,269,18.1,0.0,402,5,4.5,4.0,4.0,4.0,4.5,1,0,1,0,0,0.16,92.8,2
11.2,20.6,55.0,10.1,3.1,300000,80,13000.0,95,5.7,130.0,351,5,4.2,3.5,2.5,4.3,3.5,0,0,0,0,0,0.043,72.4,1
11.2,20.6,55.0,10.1,3.1,300000,80,18000.0,110,5.6,128.0,351,5,4.3,3.5,2.8,4.3,3.7,0,0,0,0,0,0.06,77.9,2
11.2,20.6,55.0,10.1,3.1,300000,80,18500.0,130,6.0,137.0,381,5,4.5,4.0,3.5,4.0,4.0,0,0,0,0,0,0.062,86.2,2
11.2,20.6,55.0,10.1,3.1,300000,80,28000.0,150,5.8,132.0,381,5,4.5,4.2,3.5,4.0,4.2,0,0,0,0,0,0.093,86.3,2
11.2,20.6,55.0,10.1,3.1,300000,80,38000.0,245,7.4,168.0,381,5,4.5,3.8,4.5,3.2,4.5,0,0,0,0,0,0.127,90.7,2
11.2,20.6,55.0,10.1,3.1,300000,80,48000.0,320,8.0,183.0,381,5,4.5,3.8,4.8,2.8,4.5,0,0,0,0,0,0.16,86.5,2
11.2,20.6,55.0,10.1,3.1,300000,80,28000.0,150,5.5,144.0,615,5,4.5,4.2,2.5,4.0,3.8,0,0,1,0,0,0.093,87.7,2
11.2,20.6,55.0,10.1,3.1,300000,80,38000.0,150,7.0,160.0,615,5,4.5,4.3,2.8,3.8,4.2,0,0,1,0,0,0.127,84.4,2
11.2,20.6,55.0,10.1,3.1,300000,80,20000.0,150,5.0,132.0,650,5,4.5,4.3,3.0,4.3,3.8,0,0,0,0,0,0.067,82.1,2
11.2,20.6,55.0,10.1,3.1,300000,80,40000.0,272,7.2,164.0,690,5,4.8,4.5,3.5,3.5,4.2,0,0,0,0,0,0.133,90.3,2
11.2,20.6,55.0,10.1,3.1,300000,80,35000.0,200,5.5,144.0,563,5,4.5,4.5,3.5,4.0,4.8,0,0,0,0,1,0.117,86.3,2
11.2,20.6,55.0,10.1,3.1,300000,80,32000.0,204,15.8,0.0,385,5,4.3,3.8,3.0,4.5,3.8,1,0,0,0,0,0.107,80.7,2
11.2,20.6,55.0,10.1,3.1,300000,80,38000.0,204,17.0,0.0,543,5,4.5,4.0,2.8,4.3,4.0,1,0,1,0,0,0.127,84.3,2
11.2,20.6,55.0,10.1,3.1,300000,80,14500.0,110,5.5,126.0,380,5,4.0,3.3,2.5,4.5,3.2,0,0,0,0,0,0.048,70.4,1
11.2,20.6,55.0,10.1,3.1,300000,80,18000.0,150,4.8,126.0,640,5,4.5,4.0,3.0,4.5,3.5,0,0,0,0,0,0.06,81.2,2
11.2,20.6,55.0,10.1,3.1,300000,80,25000.0,150,6.2,141.0,640,5,4.5,4.2,3.0,4.2,3.8,0,0,0,0,0,0.083,85.7,2
11.2,20.6,55.0,10.1,3.1,300000,80,35000.0,245,7.1,161.0,640,5,4.5,3.8,4.3,3.2,4.2,0,0,0,0,0,0.117,85.2,2
11.2,20.6,55.0,10.1,3.1,300000,80,30000.0,150,5.0,132.0,660,5,4.5,4.5,2.8,4.3,4.0,0,0,0,0,0,0.1,85.7,2
11.2,20.6,55.0,10.1,3.1,300000,80,32000.0,150,5.8,152.0,720,7,4.5,4.2,2.2,4.0,3.5,0,0,1,0,0,0.107,81.4,2
11.2,20.6,55.0,10.1,3.1,300000,80,20000.0,110,6.0,137.0,400,5,4.2,3.5,2.2,4.2,3.5,0,0,1,0,0,0.067,68.7,1
11.2,20.6,55.0,10.1,3.1,300000,80,13500.0,110,5.6,128.0,355,5,4.0,3.2,2.8,4.3,3.5,0,0,0,0,0,0.045,70.8,1
11.2,20.6,55.0,10.1,3.1,300000,80,20000.0,150,6.0,137.0,380,5,4.3,3.5,3.5,4.0,4.0,0,0,0,0,0,0.067,77.3,2
11.2,20.6,55.0,10.1,3.1,300000,80,35000.0,300,7.5,170.0,380,5,4.3,3.5,4.7,3.0,4.3,0,0,0,0,0,0.117,82.0,2
11.2,20.6,55.0,10.1,3.1,300000,80,25000.0,150,5.6,147.0,510,5,4.3,3.8,2.8,4.2,3.5,0,0,1,0,0,0.083,80.1,2
11.2,20.6,55.0,10.1,3.1,300000,80,15000.0,116,3.8,87.0,286,5,4.5,3.3,2.2,4.8,3.2,0,1,0,0,0,0.05,83.5,2
11.2,20.6,55.0,10.1,3.1,300000,80,22000.0,116,4.4,101.0,320,5,4.5,3.5,2.0,4.7,3.5,0,1,1,0,0,0.073,83.0,2
11.2,20.6,55.0,10.1,3.1,300000,80,22000.0,140,4.5,103.0,361,5,4.5,3.8,3.0,4.7,3.8,0,1,0,0,0,0.073,84.8,2
11.2,20.6,55.0,10.1,3.1,300000,80,30000.0,197,5.0,114.0,433,5,4.8,4.0,2.5,4.5,3.8,0,1,1,0,0,0.1,84.7,2
11.2,20.6,55.0,10.1,3.1,300000,80,32000.0,222,5.6,128.0,580,5,4.8,4.0,2.5,4.3,3.5,0,1,1,0,0,0.107,87.3,2
11.2,20.6,55.0,10.1,3.1,300000,80,35000.0,218,4.9,112.0,493,5,4.8,4.5,2.8,4.5,3.8,0,1,0,0,1,0.117,88.3,2
11.2,20.6,55.0,10.1,3.1,300000,80,28000.0,200,4.8,110.0,310,5,4.5,3.5,3.0,4.5,4.2,0,1,1,0,0,0.093,85.0,2
11.2,20.6,55.0,10.1,3.1,300000,80,55000.0,340,8.5,194.0,290,2,4.0,3.0,4.8,2.5,4.8,0,0,0,1,0,0.183,76.8,2
11.2,20.6,55.0,10.1,3.1,300000,80,28000.0,182,6.5,148.0,404,5,4.5,3.8,3.5,3.8,4.0,0,0,0,0,0,0.093,86.8,2
11.2,20.6,55.0,10.1,3.1,300000,80,27000.0,131,5.4,122.0,319,5,4.3,3.5,2.2,4.5,3.5,0,1,1,0,0,0.09,72.8,1
11.2,20.6,55.0,10.1,3.1,300000,80,38000.0,184,6.0,137.0,587,5,4.5,4.0,2.5,4.2,3.5,0,1,1,0,0,0.127,81.7,2
11.2,20.6,55.0,10.1,3.1,300000,80,35000.0,184,6.2,141.0,380,5,4.5,3.8,3.0,4.0,4.0,0,1,1,0,0,0.117,84.7,2
11.2,20.6,55.0,10.1,3.1,300000,80,13000.0,100,5.8,132.0,351,5,4.0,3.2,2.5,4.3,3.5,0,0,0,0,0,0.043,68.1,1
11.2,20.6,55.0,10.1,3.1,300000,80,19000.0,160,6.5,148.0,395,5,4.3,3.5,3.0,4.0,3.5,0,0,0,0,0,0.063,71.5,1
11.2,20.6,55.0,10.1,3.1,300000,80,35000.0,280,8.0,183.0,395,5,4.0,3.2,4.7,2.8,4.0,0,0,0,0,0,0.117,73.7,1
11.2,20.6,55.0,10.1,3.1,300000,80,28000.0,230,5.5,126.0,546,5,4.5,4.0,2.8,4.3,4.2,0,1,1,0,0,0.093,82.8,2
11.2,20.6,55.0,10.1,3.1,300000,80,24000.0,120,6.2,141.0,466,5,4.3,3.5,2.2,4.0,3.8,0,0,1,0,0,0.08,76.1,2
11.2,20.6,55.0,10.1,3.1,300000,80,35000.0,204,14.7,0.0,466,5,4.3,3.5,3.0,4.5,3.8,1,0,1,0,0,0.117,81.4,2
11.2,20.6,55.0,10.1,3.1,300000,80,42000.0,325,16.8,0.0,527,5,4.8,4.3,3.5,4.3,4.8,1,0,1,0,0,0.14,90.3,2
11.2,20.6,55.0,10.1,3.1,300000,80,45000.0,325,14.3,0.0,401,5,4.8,4.3,3.5,4.5,4.8,1,0,0,0,1,0.15,92.0,2
11.2,20.6,55.0,10.1,3.1,300000,80,10500.0,67,4.8,109.0,255,5,3.2,2.5,1.5,4.8,2.8,0,0,0,0,0,0.035,57.2,1
11.2,20.6,55.0,10.1,3.1,300000,80,19000.0,160,6.5,148.0,395,5,4.2,3.5,3.0,4.0,3.5,0,0,0,0,0,0.063,70.7,1
11.2,20.6,55.0,10.1,3.1,300000,80,30000.0,230,5.5,126.0,543,5,4.5,4.0,2.8,4.3,4.3,0,1,1,0,0,0.1,85.7,2
11.2,20.6,55.0,10.1,3.1,300000,80,45000.0,325,16.5,0.0,490,5,4.8,4.2,4.0,4.3,4.8,1,0,1,0,0,0.15,99.4,2
11.2,20.6,55.0,10.1,3.1,300000,80,40000.0,245,8.5,194.0,406,5,4.2,4.0,4.2,3.0,4.5,0,0,0,0,1,0.133,79.7,2
11.2,20.6,55.0,10.1,3.1,300000,80,22000.0,150,6.5,148.0,358,5,4.3,3.8,3.5,3.8,4.5,0,0,0,0,0,0.073,77.2,2
11.2,20.6,55.0,10.1,3.1,300000,80,28000.0,165,7.1,163.0,506,5,4.3,4.0,3.0,3.5,4.0,0,0,1,0,0,0.093,76.0,2
11.2,20.6,55.0,10.1,3.1,300000,80,24000.0,150,6.5,148.0,430,5,4.3,3.8,3.0,3.8,4.3,0,0,1,0,0,0.08,73.5,1
11.2,20.6,55.0,10.1,3.1,300000,80,30000.0,184,6.8,155.0,130,2,3.5,3.0,4.5,3.5,4.8,0,0,0,1,0,0.1,71.7,1
11.2,20.6,55.0,10.1,3.1,300000,80,10000.0,100,5.4,123.0,300,5,3.8,2.8,2.0,4.5,3.0,0,0,0,0,0,0.033,68.2,1
11.2,20.6,55.0,10.1,3.1,300000,80,27000.0,158,6.5,148.0,504,5,4.3,3.8,2.5,3.8,3.8,0,0,1,0,0,0.09,73.5,1
11.2,20.6,55.0,10.1,3.1,300000,80,28000.0,150,15.5,0.0,435,5,4.0,3.5,2.5,4.5,3.0,1,0,0,0,0,0.093,66.2,1
11.2,20.6,55.0,10.1,3.1,300000,80,42000.0,242,16.5,0.0,468,5,4.5,4.2,3.0,4.2,4.2,1,0,1,0,0,0.14,85.0,2
11.2,20.6,55.0,10.1,3.1,300000,80,22000.0,136,6.5,148.0,380,5,4.3,3.5,3.5,3.5,4.0,0,0,0,0,0,0.073,77.9,2
11.2,20.6,55.0,10.1,3.1,300000,80,32000.0,170,6.8,155.0,380,5,4.5,3.8,3.8,3.3,4.3,0,0,0,0,0,0.107,84.1,2
11.2,20.6,55.0,10.1,3.1,300000,80,28000.0,190,5.2,137.0,480,5,4.5,4.2,4.0,4.0,4.5,0,0,0,0,1,0.093,86.6,2
11.2,20.6,55.0,10.1,3.1,300000,80,42000.0,245,7.0,159.0,480,5,4.8,4.3,4.2,3.5,4.5,0,0,0,0,1,0.14,91.6,2
11.2,20.6,55.0,10.1,3.1,300000,80,40000.0,190,5.5,144.0,530,5,4.8,4.8,3.5,3.8,4.8,0,0,0,0,1,0.133,91.1,2
11.2,20.6,55.0,10.1,3.1,300000,80,55000.0,299,7.5,171.0,520,5,5.0,4.8,4.0,3.3,4.8,0,0,0,0,1,0.183,91.1,2
11.2,20.6,55.0,10.1,3.1,300000,80,32000.0,136,6.8,155.0,540,5,4.5,4.0,3.0,3.5,4.0,0,0,1,0,0,0.107,83.9,2
11.2,20.6,55.0,10.1,3.1,300000,80,40000.0,190,5.8,152.0,550,5,4.8,4.3,3.2,3.8,4.3,0,0,1,0,0,0.133,89.0,2
11.2,20.6,55.0,10.1,3.1,300000,80,58000.0,286,6.8,179.0,650,5,5.0,4.8,3.5,3.2,4.5,0,0,1,0,0,0.193,92.1,2
11.2,20.6,55.0,10.1,3.1,300000,80,52000.0,286,17.5,0.0,510,5,4.8,4.2,3.5,4.0,4.3,1,0,1,0,0,0.173,89.3,2
11.2,20.6,55.0,10.1,3.1,300000,80,48000.0,340,16.1,0.0,470,5,4.8,4.2,4.2,4.0,4.8,1,0,0,0,1,0.16,94.5,2
11.2,20.6,55.0,10.1,3.1,300000,80,72000.0,480,9.0,205.0,480,5,4.5,3.8,5.0,2.2,4.8,0,0,0,0,1,0.24,86.7,2
11.2,20.6,55.0,10.1,3.1,300000,80,78000.0,480,9.2,210.0,440,4,4.5,3.5,5.0,2.0,4.8,0,0,0,1,0,0.26,83.0,2
11.2,20.6,55.0,10.1,3.1,300000,80,90000.0,510,9.5,217.0,440,4,4.5,3.5,5.0,1.8,5.0,0,0,0,1,0,0.3,90.2,2
11.2,20.6,55.0,10.1,3.1,300000,80,24000.0,163,6.5,148.0,370,5,4.3,3.8,3.0,3.5,4.2,0,0,0,0,0,0.08,76.3,2
11.2,20.6,55.0,10.1,3.1,300000,80,30000.0,163,6.3,144.0,370,5,4.5,4.0,3.0,3.5,4.3,0,0,0,0,0,0.1,81.0,2
11.2,20.6,55.0,10.1,3.1,300000,80,38000.0,204,6.8,155.0,455,5,4.8,4.5,3.5,3.5,4.8,0,0,0,0,1,0.127,88.2,2
11.2,20.6,55.0,10.1,3.1,300000,80,45000.0,313,2.0,46.0,455,5,5.0,4.8,3.8,4.2,4.8,0,1,0,0,1,0.15,93.6,2
11.2,20.6,55.0,10.1,3.1,300000,80,45000.0,220,5.5,144.0,540,5,5.0,4.8,3.2,3.8,4.8,0,0,0,0,1,0.15,90.9,2
11.2,20.6,55.0,10.1,3.1,300000,80,58000.0,313,2.0,46.0,540,5,5.0,5.0,3.5,4.0,5.0,0,1,0,0,1,0.193,96.0,2
11.2,20.6,55.0,10.1,3.1,300000,80,32000.0,163,6.8,155.0,435,5,4.5,4.0,2.8,3.5,4.2,0,0,1,0,0,0.107,83.4,2
11.2,20.6,55.0,10.1,3.1,300000,80,45000.0,204,7.2,164.0,600,5,4.8,4.5,3.0,3.3,4.5,0,0,1,0,0,0.15,90.4,2
11.2,20.6,55.0,10.1,3.1,300000,80,60000.0,272,7.0,184.0,630,5,5.0,4.8,3.0,3.0,4.5,0,0,1,0,0,0.2,89.0,2
11.2,20.6,55.0,10.1,3.1,300000,80,42000.0,190,17.0,0.0,340,5,4.5,4.0,2.8,4.2,4.2,1,0,1,0,0,0.14,84.3,2
11.2,20.6,55.0,10.1,3.1,300000,80,55000.0,408,21.3,0.0,500,5,4.8,4.3,3.5,3.5,4.3,1,0,1,0,0,0.183,92.5,2
11.2,20.6,55.0,10.1,3.1,300000,80,62000.0,408,9.0,206.0,455,5,4.8,4.2,4.8,2.5,4.8,0,0,0,0,1,0.207,90.4,2
11.2,20.6,55.0,10.1,3.1,300000,80,85000.0,680,6.9,157.0,350,5,4.8,4.0,5.0,2.5,5.0,0,1,0,0,1,0.283,94.5,2
11.2,20.6,55.0,10.1,3.1,300000,80,18000.0,116,5.8,132.0,335,5,4.0,3.2,2.5,4.0,4.0,0,0,0,0,0,0.06,67.8,1
11.2,20.6,55.0,10.1,3.1,300000,80,28000.0,150,6.2,141.0,380,5,4.5,3.8,3.2,3.8,4.3,0,0,0,0,1,0.093,82.9,2
11.2,20.6,55.0,10.1,3.1,300000,80,30000.0,163,5.2,137.0,460,5,4.5,4.3,3.5,4.0,4.5,0,0,0,0,1,0.1,89.8,2
11.2,20.6,55.0,10.1,3.1,300000,80,42000.0,204,6.8,155.0,460,5,4.8,4.5,3.5,3.5,4.5,0,0,0,0,1,0.14,88.3,2
11.2,20.6,55.0,10.1,3.1,300000,80,42000.0,204,5.5,144.0,530,5,4.8,4.8,3.2,3.8,4.8,0,0,0,0,1,0.14,89.7,2
11.2,20.6,55.0,10.1,3.1,300000,80,30000.0,150,6.8,155.0,530,5,4.5,4.0,2.8,3.5,4.2,0,0,1,0,0,0.1,84.9,2
11.2,20.6,55.0,10.1,3.1,300000,80,42000.0,204,6.0,158.0,520,5,4.8,4.3,3.0,3.5,4.3,0,0,1,0,0,0.14,89.0,2
11.2,20.6,55.0,10.1,3.1,300000,80,55000.0,286,7.2,189.0,705,7,5.0,4.8,3.0,3.0,4.5,0,0,1,0,0,0.183,91.5,2
11.2,20.6,55.0,10.1,3.1,300000,80,85000.0,476,19.6,0.0,405,4,5.0,4.5,4.8,3.5,5.0,1,0,0,0,1,0.283,96.9,2
11.2,20.6,55.0,10.1,3.1,300000,80,82000.0,450,9.8,224.0,465,4,4.5,3.8,4.8,2.0,5.0,0,0,0,1,0,0.273,84.3,2
11.2,20.6,55.0,10.1,3.1,300000,80,85000.0,450,9.8,224.0,465,5,4.5,4.0,4.8,2.0,5.0,0,0,0,0,1,0.283,88.1,2
11.2,20.6,55.0,10.1,3.1,300000,80,55000.0,400,8.5,194.0,321,5,4.5,3.5,4.8,2.5,4.5,0,0,0,0,1,0.183,85.5,2
11.2,20.6,55.0,10.1,3.1,300000,80,32000.0,163,7.0,160.0,452,5,4.8,4.0,2.5,3.5,4.0,0,0,1,0,0,0.107,87.2,2
11.2,20.6,55.0,10.1,3.1,300000,80,42000.0,197,6.2,163.0,483,5,5.0,4.5,2.8,3.5,4.3,0,0,1,0,0,0.14,93.1,2
11.2,20.6,55.0,10.1,3.1,300000,80,58000.0,303,2.4,55.0,640,7,5.0,4.8,2.5,4.0,4.5,0,1,1,0,0,0.193,87.3,2
11.2,20.6,55.0,10.1,3.1,300000,80,48000.0,408,17.8,0.0,413,5,5.0,4.0,3.5,4.0,4.5,1,0,1,0,0,0.16,96.0,2
11.2,20.6,55.0,10.1,3.1,300000,80,35000.0,197,7.0,160.0,442,5,5.0,4.3,3.5,3.5,4.5,0,0,0,0,1,0.117,90.1,2
11.2,20.6,55.0,10.1,3.1,300000,80,40000.0,325,14.0,0.0,561,5,4.8,3.8,4.2,4.5,4.5,1,0,0,0,1,0.133,92.2,2
11.2,20.6,55.0,10.1,3.1,300000,80,45000.0,325,15.0,0.0,854,5,4.8,3.8,3.8,4.3,4.3,1,0,1,0,0,0.15,90.5,2
11.2,20.6,55.0,10.1,3.1,300000,80,85000.0,670,16.8,0.0,793,5,4.8,4.5,4.8,3.8,4.8,1,0,0,0,1,0.283,95.7,2
11.2,20.6,55.0,10.1,3.1,300000,80,95000.0,670,18.5,0.0,935,7,4.8,4.5,4.0,3.5,4.5,1,0,1,0,0,0.317,96.4,2
11.2,20.6,55.0,10.1,3.1,300000,80,12000.0,69,5.2,119.0,185,4,3.5,2.5,1.5,4.5,4.0,0,0,0,0,0,0.04,61.0,1
11.2,20.6,55.0,10.1,3.1,300000,80,14000.0,100,6.2,141.0,520,5,3.5,3.0,2.0,4.2,2.8,0,0,0,0,1,0.047,59.2,1
11.2,20.6,55.0,10.1,3.1,300000,80,25000.0,118,13.0,0.0,185,4,3.8,2.8,2.5,4.5,4.5,1,0,0,0,0,0.083,70.6,1
11.2,20.6,55.0,10.1,3.1,300000,80,25000.0,136,5.8,132.0,211,4,4.0,3.3,3.5,3.5,4.5,0,0,0,0,0,0.083,74.0,1
11.2,20.6,55.0,10.1,3.1,300000,80,32000.0,136,6.8,155.0,450,5,4.2,3.5,3.0,3.2,4.2,0,0,1,0,0,0.107,74.6,1
11.2,20.6,55.0,10.1,3.1,300000,80,35000.0,200,7.2,164.0,480,5,4.3,3.8,4.2,3.0,4.8,0,0,0,0,1,0.117,78.8,2
11.2,20.6,55.0,10.1,3.1,300000,80,38000.0,200,7.5,171.0,525,5,4.3,3.8,3.5,3.0,4.5,0,0,1,0,0,0.127,77.5,2
11.2,20.6,55.0,10.1,3.1,300000,80,75000.0,510,9.5,217.0,480,5,4.0,3.5,5.0,2.0,5.0,0,0,0,0,1,0.25,76.1,2
11.2,20.6,55.0,10.1,3.1,300000,80,24000.0,150,7.0,160.0,345,5,4.5,3.5,3.5,3.5,3.2,0,0,0,0,0,0.08,83.2,2
11.2,20.6,55.0,10.1,3.1,300000,80,32000.0,150,7.5,171.0,520,5,4.8,3.8,2.5,3.3,3.0,0,0,1,0,0,0.107,83.7,2
11.2,20.6,55.0,10.1,3.1,300000,80,28000.0,150,7.2,164.0,385,5,4.5,3.5,3.0,3.3,3.2,0,0,1,0,0,0.093,81.1,2
11.2,20.6,55.0,10.1,3.1,300000,80,12000.0,83,5.2,119.0,265,5,3.5,2.8,2.5,4.8,3.0,0,0,0,0,0,0.04,64.0,1
11.2,20.6,55.0,10.1,3.1,300000,80,20000.0,129,6.5,148.0,375,5,3.8,3.2,2.5,4.0,3.2,0,0,1,0,0,0.067,66.7,1
11.2,20.6,55.0,10.1,3.1,300000,80,20000.0,150,6.5,148.0,393,5,3.8,3.3,2.2,3.8,3.2,0,0,1,0,0,0.067,67.6,1
11.2,20.6,55.0,10.1,3.1,300000,80,40000.0,252,1.8,41.0,469,5,4.5,4.0,2.8,4.5,3.5,0,1,1,0,0,0.133,84.8,2
11.2,20.6,55.0,10.1,3.1,300000,80,22000.0,130,7.0,160.0,351,5,3.5,3.0,2.5,3.5,3.5,0,0,1,0,0,0.073,65.2,1
11.2,20.6,55.0,10.1,3.1,300000,80,28000.0,130,5.8,152.0,438,5,3.8,3.3,2.5,3.8,3.3,0,0,1,0,0,0.093,70.2,1
11.2,20.6,55.0,10.1,3.1,300000,80,55000.0,272,10.0,228.0,548,5,3.5,2.8,3.5,2.5,4.0,0,0,1,0,0,0.183,67.7,1
11.2,20.6,55.0,10.1,3.1,300000,80,38000.0,163,6.2,163.0,602,5,4.3,4.0,2.5,3.2,4.0,0,0,1,0,0,0.127,75.1,2
11.2,20.6,55.0,10.1,3.1,300000,80,42000.0,163,6.5,171.0,591,5,4.3,4.2,2.8,3.0,4.8,0,0,1,0,0,0.14,77.1,2
11.2,20.6,55.0,10.1,3.1,300000,80,80000.0,350,8.0,210.0,780,5,4.8,4.8,3.5,2.5,5.0,0,0,1,0,0,0.267,89.5,2
11.2,20.6,55.0,10.1,3.1,300000,80,58000.0,265,8.8,201.0,488,5,4.8,4.2,4.3,2.5,4.8,0,0,1,0,0,0.193,93.3,2
11.2,20.6,55.0,10.1,3.1,300000,80,72000.0,340,9.5,216.0,745,5,5.0,4.5,4.0,2.2,4.8,0,0,1,0,0,0.24,94.6,2
11.2,20.6,55.0,10.1,3.1,300000,80,110000.0,385,9.0,205.0,132,4,4.5,3.5,5.0,2.0,5.0,0,0,0,1,0,0.367,86.9,2
11.2,20.6,55.0,10.1,3.1,300000,80,195000.0,650,11.1,253.0,128,4,4.5,3.5,5.0,1.5,5.0,0,0,0,1,0,0.65,92.8,2
11.2,20.6,55.0,10.1,3.1,300000,80,90000.0,408,19.5,0.0,366,4,5.0,4.5,4.8,3.5,5.0,1,0,0,0,1,0.3,100.0,2
11.2,20.6,55.0,10.1,3.1,300000,80,95000.0,353,9.5,216.0,495,4,5.0,4.8,4.2,2.5,5.0,0,0,0,0,1,0.317,95.5,2
11.2,20.6,55.0,10.1,3.1,300000,80,225000.0,640,13.5,308.0,100,2,3.5,2.0,5.0,1.0,5.0,0,0,0,1,0,0.75,70.6,1
11.2,20.6,55.0,10.1,3.1,300000,80,260000.0,640,13.7,312.0,100,2,3.5,2.0,5.0,1.0,5.0,0,0,0,1,0,0.867,70.9,1
11.2,20.6,55.0,10.1,3.1,300000,80,210000.0,650,12.5,285.0,616,5,4.0,3.8,4.8,1.0,5.0,0,0,1,0,0,0.7,79.4,2
11.2,20.6,55.0,10.1,3.1,300000,80,280000.0,720,14.0,319.0,200,2,3.5,2.0,5.0,1.0,5.0,0,0,0,1,0,0.933,69.0,1
11.2,20.6,55.0,10.1,3.1,300000,80,220000.0,620,11.5,262.0,272,2,3.8,3.0,5.0,1.0,5.0,0,0,0,1,0,0.733,77.3,2
11.2,20.6,55.0,10.1,3.1,300000,80,270000.0,720,12.2,278.0,150,2,3.5,2.2,5.0,1.0,5.0,0,0,0,1,0,0.9,72.5,1
11.2,20.6,55.0,10.1,3.1,300000,80,160000.0,535,11.0,251.0,235,2,3.8,3.2,4.8,1.2,5.0,0,0,0,1,0,0.533,75.1,2
11.2,20.6,55.0,10.1,3.1,300000,80,200000.0,639,12.0,274.0,270,4,4.0,3.8,4.5,1.0,5.0,0,0,0,1,0,0.667,77.6,2
11.2,20.6,55.0,10.1,3.1,300000,80,70000.0,350,10.0,228.0,500,5,4.2,4.2,4.2,2.0,5.0,0,0,0,0,1,0.233,77.6,2
11.2,20.6,55.0,10.1,3.1,300000,80,78000.0,350,10.5,239.0,580,5,4.2,4.2,3.5,1.8,4.8,0,0,1,0,0,0.26,76.5,2
11.2,20.6,55.0,10.1,3.1,300000,80,215000.0,630,11.5,262.0,150,2,3.5,2.5,5.0,1.0,5.0,0,0,0,1,0,0.717,71.8,1
11.2,20.6,55.0,10.1,3.1,300000,80,48000.0,204,6.8,179.0,619,5,4.5,4.2,3.2,3.2,4.5,0,0,1,0,0,0.16,86.2,2
11.2,20.6,55.0,10.1,3.1,300000,80,65000.0,400,22.0,0.0,505,5,4.8,4.0,4.0,3.2,4.8,1,0,1,0,0,0.217,91.8,2
11.2,20.6,55.0,10.1,3.1,300000,80,75000.0,450,10.0,228.0,310,2,4.0,3.2,4.8,1.8,5.0,0,0,0,1,0,0.25,73.4,1
11.2,20.6,55.0,10.1,3.1,300000,80,32000.0,184,4.8,110.0,320,5,4.8,3.8,2.5,4.5,4.0,0,1,1,0,0,0.107,87.7,2
11.2,20.6,55.0,10.1,3.1,300000,80,42000.0,244,5.8,132.0,520,5,5.0,4.5,2.8,4.2,4.5,0,1,1,0,0,0.14,91.3,2
11.2,20.6,55.0,10.1,3.1,300000,80,55000.0,308,6.0,137.0,612,5,5.0,4.8,3.0,3.8,4.5,0,1,1,0,0,0.183,94.0,2
11.2,20.6,55.0,10.1,3.1,300000,80,42000.0,218,4.8,110.0,454,5,5.0,4.8,2.5,4.5,4.5,0,1,0,0,1,0.14,89.5,2
11.2,20.6,55.0,10.1,3.1,300000,80,95000.0,471,10.0,228.0,197,4,4.5,4.0,4.5,2.0,5.0,0,0,0,1,0,0.317,86.6,2
11.2,20.6,55.0,10.1,3.1,300000,80,35000.0,204,15.5,0.0,385,5,4.3,3.5,3.5,4.2,4.3,1,0,0,0,0,0.117,78.2,2
11.2,20.6,55.0,10.1,3.1,300000,80,35000.0,245,7.5,171.0,420,5,4.3,3.5,4.0,3.0,4.5,0,0,1,0,0,0.117,79.9,2
11.2,20.6,55.0,10.1,3.1,300000,80,38000.0,300,7.5,170.0,380,5,4.3,3.5,4.7,2.8,4.5,0,0,0,0,0,0.127,77.8,2
11.2,20.6,55.0,10.1,3.1,300000,80,62000.0,300,8.0,183.0,150,2,4.0,3.0,4.8,2.5,4.8,0,0,0,1,0,0.207,77.0,2
11.2,20.6,55.0,10.1,3.1,300000,80,48000.0,258,7.5,171.0,281,2,4.0,3.2,4.5,2.8,4.8,0,0,0,1,0,0.16,76.7,2
11.2,20.6,55.0,10.1,3.1,300000,80,150000.0,585,11.3,258.0,350,2,4.3,3.2,5.0,1.5,5.0,0,0,0,1,0,0.5,79.5,2
11.2,20.6,55.0,10.1,3.1,300000,80,110000.0,449,9.0,206.0,550,5,5.0,5.0,3.5,2.5,5.0,0,0,0,0,1,0.367,92.5,2
11.2,20.6,55.0,10.1,3.1,300000,80,100000.0,400,8.5,194.0,540,5,5.0,5.0,3.5,2.5,5.0,0,0,0,0,1,0.333,93.5,2
11.2,20.6,55.0,10.1,3.1,300000,80,90000.0,340,8.0,183.0,505,5,5.0,5.0,3.2,2.8,5.0,0,0,0,0,1,0.3,91.6,2
11.2,20.6,55.0,10.1,3.1,300000,80,38000.0,245,8.0,183.0,330,5,4.5,4.0,4.0,3.0,4.3,0,0,0,0,1,0.127,86.9,2
11.2,20.6,55.0,10.1,3.1,300000,80,42000.0,245,8.5,194.0,542,5,4.8,4.2,3.5,3.0,4.5,0,0,1,0,0,0.14,89.8,2
11.2,20.6,55.0,10.1,3.1,300000,80,42000.0,408,15.5,0.0,405,5,4.8,4.0,4.0,4.2,4.5,1,0,0,0,1,0.14,89.3,2
5.9,3.0,45.6,28.3,17.2,40000,30,6500.0,73,6.4,149.0,510,5,3.0,2.5,1.5,4.8,2.0,0,0,0,0,1,0.162,60.6,1
5.9,3.0,45.6,28.3,17.2,40000,30,9800.0,91,6.0,137.0,528,5,3.4,3.0,1.5,4.7,2.8,0,0,0,0,1,0.245,68.8,1
5.9,3.0,45.6,28.3,17.2,40000,30,7200.0,73,6.2,144.0,328,5,3.2,2.5,1.8,4.6,2.5,0,0,0,0,0,0.18,65.7,1
5.9,3.0,45.6,28.3,17.2,40000,30,13500.0,91,6.1,139.0,328,5,3.4,3.0,2.0,4.5,3.2,0,0,0,0,0,0.338,71.5,1
5.9,3.0,45.6,28.3,17.2,40000,30,14000.0,115,5.7,150.0,445,5,3.0,3.0,2.0,4.2,2.8,0,0,1,0,0,0.35,67.8,1
5.9,3.0,45.6,28.3,17.2,40000,30,19500.0,130,6.8,155.0,445,5,3.5,3.2,2.2,4.0,3.5,0,0,1,0,0,0.488,71.8,1
5.9,3.0,45.6,28.3,17.2,40000,30,15800.0,110,6.4,146.0,708,7,3.2,3.2,1.5,4.3,3.0,0,0,0,0,0,0.395,68.1,1
5.9,3.0,45.6,28.3,17.2,40000,30,12000.0,65,14.5,0.0,290,4,2.8,2.2,1.2,4.9,2.5,1,0,0,0,0,0.3,66.4,1
5.9,3.0,45.6,28.3,17.2,40000,30,11500.0,100,5.8,132.0,391,5,4.2,3.5,2.5,4.3,3.5,0,0,0,0,0,0.288,77.6,2
5.9,3.0,45.6,28.3,17.2,40000,30,16000.0,140,4.3,98.0,391,5,4.2,3.8,2.8,4.7,3.8,0,1,0,0,0,0.4,83.0,2
5.9,3.0,45.6,28.3,17.2,40000,30,13000.0,115,4.8,128.0,384,5,4.0,3.5,2.8,4.2,3.3,0,0,0,0,0,0.325,77.9,2
5.9,3.0,45.6,28.3,17.2,40000,30,35000.0,220,16.1,0.0,440,5,4.5,4.0,3.2,4.5,4.2,1,0,0,0,0,0.875,97.0,2
5.9,3.0,45.6,28.3,17.2,40000,30,17500.0,130,6.4,147.0,422,5,4.0,3.5,2.2,4.0,3.5,0,0,1,0,0,0.438,74.5,1
5.9,3.0,45.6,28.3,17.2,40000,30,28000.0,200,4.6,105.0,500,5,4.3,4.0,3.0,4.3,3.8,0,1,1,0,0,0.7,90.5,2
5.9,3.0,45.6,28.3,17.2,40000,30,14500.0,100,5.9,136.0,309,5,4.2,3.5,2.5,4.2,4.0,0,0,0,0,0,0.362,80.8,2
5.9,3.0,45.6,28.3,17.2,40000,30,16500.0,100,5.8,132.0,309,5,4.2,3.5,2.5,4.2,4.2,0,0,0,0,0,0.412,83.0,2
5.9,3.0,45.6,28.3,17.2,40000,30,28000.0,136,15.2,0.0,265,5,4.2,3.5,3.0,4.5,4.2,1,0,0,0,0,0.7,89.5,2
5.9,3.0,45.6,28.3,17.2,40000,30,22000.0,130,6.1,139.0,412,5,4.3,3.8,3.0,4.0,4.3,0,0,0,0,0,0.55,80.2,2
5.9,3.0,45.6,28.3,17.2,40000,30,24000.0,130,5.2,138.0,520,5,4.3,4.0,2.5,4.2,4.0,0,0,1,0,0,0.6,86.5,2
5.9,3.0,45.6,28.3,17.2,40000,30,35000.0,225,1.4,32.0,520,5,4.5,4.2,3.0,4.5,4.5,0,1,1,0,0,0.875,98.2,2
5.9,3.0,45.6,28.3,17.2,40000,30,30000.0,130,5.5,144.0,780,7,4.2,4.0,2.0,4.0,3.8,0,0,1,0,0,0.75,83.4,2
5.9,3.0,45.6,28.3,17.2,40000,30,12000.0,83,5.8,132.0,300,5,3.5,3.2,1.5,4.5,3.0,0,0,0,0,0,0.3,75.9,2
5.9,3.0,45.6,28.3,17.2,40000,30,18000.0,110,6.2,142.0,410,5,3.5,3.3,1.8,4.2,3.2,0,0,1,0,0,0.45,72.0,1
5.9,3.0,45.6,28.3,17.2,40000,30,22000.0,130,6.0,137.0,380,5,4.0,4.0,2.2,4.0,3.8,0,0,0,0,0,0.55,77.1,2
5.9,3.0,45.6,28.3,17.2,40000,30,26000.0,130,5.5,144.0,580,5,4.2,4.2,2.0,4.0,3.5,0,0,1,0,0,0.65,84.5,2
5.9,3.0,45.6,28.3,17.2,40000,30,14000.0,100,5.8,132.0,309,5,4.0,3.3,2.5,4.3,3.3,0,0,0,0,0,0.35,75.2,2
5.9,3.0,45.6,28.3,17.2,40000,30,27000.0,136,15.2,0.0,267,5,4.0,3.3,2.8,4.5,3.5,1,0,0,0,0,0.675,81.8,2
5.9,3.0,45.6,28.3,17.2,40000,30,23000.0,130,6.1,139.0,422,5,4.2,3.8,3.0,4.0,4.0,0,0,0,0,0,0.575,81.6,2
5.9,3.0,45.6,28.3,17.2,40000,30,22000.0,130,6.5,148.0,350,5,4.0,3.5,2.5,3.8,4.0,0,0,1,0,0,0.55,78.7,2
5.9,3.0,45.6,28.3,17.2,40000,30,10500.0,100,5.9,136.0,292,5,3.8,3.0,3.0,4.3,3.2,0,0,0,0,0,0.262,72.2,1
5.9,3.0,45.6,28.3,17.2,40000,30,15000.0,125,6.0,137.0,375,5,4.2,3.5,3.3,4.0,3.5,0,0,0,0,0,0.375,78.0,2
5.9,3.0,45.6,28.3,17.2,40000,30,20000.0,120,4.7,123.0,575,5,4.2,3.8,2.8,4.5,3.3,0,0,0,0,0,0.5,78.3,2
5.9,3.0,45.6,28.3,17.2,40000,30,22000.0,125,5.4,124.0,456,5,4.3,3.5,2.8,4.3,4.0,0,1,1,0,0,0.55,85.8,2
5.9,3.0,45.6,28.3,17.2,40000,30,25000.0,190,1.4,32.0,475,5,4.3,3.8,2.8,4.5,3.5,0,1,1,0,0,0.625,91.4,2
5.9,3.0,45.6,28.3,17.2,40000,30,13000.0,95,5.7,130.0,351,5,4.2,3.5,2.5,4.3,3.5,0,0,0,0,0,0.325,80.3,2
5.9,3.0,45.6,28.3,17.2,40000,30,18000.0,110,5.6,128.0,351,5,4.3,3.5,2.8,4.3,3.7,0,0,0,0,0,0.45,82.5,2
5.9,3.0,45.6,28.3,17.2,40000,30,18500.0,130,6.0,137.0,381,5,4.5,4.0,3.5,4.0,4.0,0,0,0,0,0,0.462,90.6,2
5.9,3.0,45.6,28.3,17.2,40000,30,28000.0,150,5.8,132.0,381,5,4.5,4.2,3.5,4.0,4.2,0,0,0,0,0,0.7,90.6,2
5.9,3.0,45.6,28.3,17.2,40000,30,38000.0,245,7.4,168.0,381,5,4.5,3.8,4.5,3.2,4.5,0,0,0,0,0,0.95,90.2,2
5.9,3.0,45.6,28.3,17.2,40000,30,28000.0,150,5.5,144.0,615,5,4.5,4.2,2.5,4.0,3.8,0,0,1,0,0,0.7,93.6,2
5.9,3.0,45.6,28.3,17.2,40000,30,38000.0,150,7.0,160.0,615,5,4.5,4.3,2.8,3.8,4.2,0,0,1,0,0,0.95,94.0,2
5.9,3.0,45.6,28.3,17.2,40000,30,20000.0,150,5.0,132.0,650,5,4.5,4.3,3.0,4.3,3.8,0,0,0,0,0,0.5,88.9,2
5.9,3.0,45.6,28.3,17.2,40000,30,40000.0,272,7.2,164.0,690,5,4.8,4.5,3.5,3.5,4.2,0,0,0,0,0,1.0,94.1,2
5.9,3.0,45.6,28.3,17.2,40000,30,35000.0,200,5.5,144.0,563,5,4.5,4.5,3.5,4.0,4.8,0,0,0,0,1,0.875,97.2,2
5.9,3.0,45.6,28.3,17.2,40000,30,32000.0,204,15.8,0.0,385,5,4.3,3.8,3.0,4.5,3.8,1,0,0,0,0,0.8,88.1,2
5.9,3.0,45.6,28.3,17.2,40000,30,38000.0,204,17.0,0.0,543,5,4.5,4.0,2.8,4.3,4.0,1,0,1,0,0,0.95,93.0,2
5.9,3.0,45.6,28.3,17.2,40000,30,14500.0,110,5.5,126.0,380,5,4.0,3.3,2.5,4.5,3.2,0,0,0,0,0,0.362,77.9,2
5.9,3.0,45.6,28.3,17.2,40000,30,18000.0,150,4.8,126.0,640,5,4.5,4.0,3.0,4.5,3.5,0,0,0,0,0,0.45,92.5,2
5.9,3.0,45.6,28.3,17.2,40000,30,25000.0,150,6.2,141.0,640,5,4.5,4.2,3.0,4.2,3.8,0,0,0,0,0,0.625,92.9,2
5.9,3.0,45.6,28.3,17.2,40000,30,35000.0,245,7.1,161.0,640,5,4.5,3.8,4.3,3.2,4.2,0,0,0,0,0,0.875,84.7,2
5.9,3.0,45.6,28.3,17.2,40000,30,30000.0,150,5.0,132.0,660,5,4.5,4.5,2.8,4.3,4.0,0,0,0,0,0,0.75,91.9,2
5.9,3.0,45.6,28.3,17.2,40000,30,32000.0,150,5.8,152.0,720,7,4.5,4.2,2.2,4.0,3.5,0,0,1,0,0,0.8,91.6,2
5.9,3.0,45.6,28.3,17.2,40000,30,20000.0,110,6.0,137.0,400,5,4.2,3.5,2.2,4.2,3.5,0,0,1,0,0,0.5,82.2,2
5.9,3.0,45.6,28.3,17.2,40000,30,13500.0,110,5.6,128.0,355,5,4.0,3.2,2.8,4.3,3.5,0,0,0,0,0,0.338,78.2,2
5.9,3.0,45.6,28.3,17.2,40000,30,20000.0,150,6.0,137.0,380,5,4.3,3.5,3.5,4.0,4.0,0,0,0,0,0,0.5,84.3,2
5.9,3.0,45.6,28.3,17.2,40000,30,35000.0,300,7.5,170.0,380,5,4.3,3.5,4.7,3.0,4.3,0,0,0,0,0,0.875,77.0,2
5.9,3.0,45.6,28.3,17.2,40000,30,25000.0,150,5.6,147.0,510,5,4.3,3.8,2.8,4.2,3.5,0,0,1,0,0,0.625,86.5,2
5.9,3.0,45.6,28.3,17.2,40000,30,15000.0,116,3.8,87.0,286,5,4.5,3.3,2.2,4.8,3.2,0,1,0,0,0,0.375,85.8,2
5.9,3.0,45.6,28.3,17.2,40000,30,22000.0,116,4.4,101.0,320,5,4.5,3.5,2.0,4.7,3.5,0,1,1,0,0,0.55,93.5,2
5.9,3.0,45.6,28.3,17.2,40000,30,22000.0,140,4.5,103.0,361,5,4.5,3.8,3.0,4.7,3.8,0,1,0,0,0,0.55,91.8,2
5.9,3.0,45.6,28.3,17.2,40000,30,30000.0,197,5.0,114.0,433,5,4.8,4.0,2.5,4.5,3.8,0,1,1,0,0,0.75,99.4,2
5.9,3.0,45.6,28.3,17.2,40000,30,32000.0,222,5.6,128.0,580,5,4.8,4.0,2.5,4.3,3.5,0,1,1,0,0,0.8,94.6,2
5.9,3.0,45.6,28.3,17.2,40000,30,35000.0,218,4.9,112.0,493,5,4.8,4.5,2.8,4.5,3.8,0,1,0,0,1,0.875,99.9,2
5.9,3.0,45.6,28.3,17.2,40000,30,28000.0,200,4.8,110.0,310,5,4.5,3.5,3.0,4.5,4.2,0,1,1,0,0,0.7,99.0,2
5.9,3.0,45.6,28.3,17.2,40000,30,28000.0,182,6.5,148.0,404,5,4.5,3.8,3.5,3.8,4.0,0,0,0,0,0,0.7,92.1,2
5.9,3.0,45.6,28.3,17.2,40000,30,27000.0,131,5.4,122.0,319,5,4.3,3.5,2.2,4.5,3.5,0,1,1,0,0,0.675,86.9,2
5.9,3.0,45.6,28.3,17.2,40000,30,38000.0,184,6.0,137.0,587,5,4.5,4.0,2.5,4.2,3.5,0,1,1,0,0,0.95,91.2,2
5.9,3.0,45.6,28.3,17.2,40000,30,35000.0,184,6.2,141.0,380,5,4.5,3.8,3.0,4.0,4.0,0,1,1,0,0,0.875,92.3,2
5.9,3.0,45.6,28.3,17.2,40000,30,13000.0,100,5.8,132.0,351,5,4.0,3.2,2.5,4.3,3.5,0,0,0,0,0,0.325,79.8,2
5.9,3.0,45.6,28.3,17.2,40000,30,19000.0,160,6.5,148.0,395,5,4.3,3.5,3.0,4.0,3.5,0,0,0,0,0,0.475,83.1,2
5.9,3.0,45.6,28.3,17.2,40000,30,35000.0,280,8.0,183.0,395,5,4.0,3.2,4.7,2.8,4.0,0,0,0,0,0,0.875,77.8,2
5.9,3.0,45.6,28.3,17.2,40000,30,28000.0,230,5.5,126.0,546,5,4.5,4.0,2.8,4.3,4.2,0,1,1,0,0,0.7,94.8,2
5.9,3.0,45.6,28.3,17.2,40000,30,24000.0,120,6.2,141.0,466,5,4.3,3.5,2.2,4.0,3.8,0,0,1,0,0,0.6,86.1,2
5.9,3.0,45.6,28.3,17.2,40000,30,35000.0,204,14.7,0.0,466,5,4.3,3.5,3.0,4.5,3.8,1,0,1,0,0,0.875,86.1,2
5.9,3.0,45.6,28.3,17.2,40000,30,42000.0,325,16.8,0.0,527,5,4.8,4.3,3.5,4.3,4.8,1,0,1,0,0,1.05,99.9,2
5.9,3.0,45.6,28.3,17.2,40000,30,10500.0,67,4.8,109.0,255,5,3.2,2.5,1.5,4.8,2.8,0,0,0,0,0,0.262,67.7,1
5.9,3.0,45.6,28.3,17.2,40000,30,19000.0,160,6.5,148.0,395,5,4.2,3.5,3.0,4.0,3.5,0,0,0,0,0,0.475,75.2,2
5.9,3.0,45.6,28.3,17.2,40000,30,30000.0,230,5.5,126.0,543,5,4.5,4.0,2.8,4.3,4.3,0,1,1,0,0,0.75,94.2,2
5.9,3.0,45.6,28.3,17.2,40000,30,40000.0,245,8.5,194.0,406,5,4.2,4.0,4.2,3.0,4.5,0,0,0,0,1,1.0,77.4,2
5.9,3.0,45.6,28.3,17.2,40000,30,22000.0,150,6.5,148.0,358,5,4.3,3.8,3.5,3.8,4.5,0,0,0,0,0,0.55,82.2,2
5.9,3.0,45.6,28.3,17.2,40000,30,28000.0,165,7.1,163.0,506,5,4.3,4.0,3.0,3.5,4.0,0,0,1,0,0,0.7,81.9,2
5.9,3.0,45.6,28.3,17.2,40000,30,24000.0,150,6.5,148.0,430,5,4.3,3.8,3.0,3.8,4.3,0,0,1,0,0,0.6,87.6,2
5.9,3.0,45.6,28.3,17.2,40000,30,30000.0,184,6.8,155.0,130,2,3.5,3.0,4.5,3.5,4.8,0,0,0,1,0,0.75,78.0,2
5.9,3.0,45.6,28.3,17.2,40000,30,10000.0,100,5.4,123.0,300,5,3.8,2.8,2.0,4.5,3.0,0,0,0,0,0,0.25,71.6,1
5.9,3.0,45.6,28.3,17.2,40000,30,27000.0,158,6.5,148.0,504,5,4.3,3.8,2.5,3.8,3.8,0,0,1,0,0,0.675,83.3,2
5.9,3.0,45.6,28.3,17.2,40000,30,28000.0,150,15.5,0.0,435,5,4.0,3.5,2.5,4.5,3.0,1,0,0,0,0,0.7,83.0,2
5.9,3.0,45.6,28.3,17.2,40000,30,42000.0,242,16.5,0.0,468,5,4.5,4.2,3.0,4.2,4.2,1,0,1,0,0,1.05,96.3,2
5.9,3.0,45.6,28.3,17.2,40000,30,22000.0,136,6.5,148.0,380,5,4.3,3.5,3.5,3.5,4.0,0,0,0,0,0,0.55,78.0,2
5.9,3.0,45.6,28.3,17.2,40000,30,32000.0,170,6.8,155.0,380,5,4.5,3.8,3.8,3.3,4.3,0,0,0,0,0,0.8,88.0,2
5.9,3.0,45.6,28.3,17.2,40000,30,28000.0,190,5.2,137.0,480,5,4.5,4.2,4.0,4.0,4.5,0,0,0,0,1,0.7,95.5,2
5.9,3.0,45.6,28.3,17.2,40000,30,42000.0,245,7.0,159.0,480,5,4.8,4.3,4.2,3.5,4.5,0,0,0,0,1,1.05,90.9,2
5.9,3.0,45.6,28.3,17.2,40000,30,40000.0,190,5.5,144.0,530,5,4.8,4.8,3.5,3.8,4.8,0,0,0,0,1,1.0,94.3,2
5.9,3.0,45.6,28.3,17.2,40000,30,32000.0,136,6.8,155.0,540,5,4.5,4.0,3.0,3.5,4.0,0,0,1,0,0,0.8,92.6,2
5.9,3.0,45.6,28.3,17.2,40000,30,40000.0,190,5.8,152.0,550,5,4.8,4.3,3.2,3.8,4.3,0,0,1,0,0,1.0,90.3,2
5.9,3.0,45.6,28.3,17.2,40000,30,24000.0,163,6.5,148.0,370,5,4.3,3.8,3.0,3.5,4.2,0,0,0,0,0,0.6,85.4,2
5.9,3.0,45.6,28.3,17.2,40000,30,30000.0,163,6.3,144.0,370,5,4.5,4.0,3.0,3.5,4.3,0,0,0,0,0,0.75,90.3,2
5.9,3.0,45.6,28.3,17.2,40000,30,38000.0,204,6.8,155.0,455,5,4.8,4.5,3.5,3.5,4.8,0,0,0,0,1,0.95,91.7,2
5.9,3.0,45.6,28.3,17.2,40000,30,32000.0,163,6.8,155.0,435,5,4.5,4.0,2.8,3.5,4.2,0,0,1,0,0,0.8,91.5,2
5.9,3.0,45.6,28.3,17.2,40000,30,42000.0,190,17.0,0.0,340,5,4.5,4.0,2.8,4.2,4.2,1,0,1,0,0,1.05,92.6,2
5.9,3.0,45.6,28.3,17.2,40000,30,18000.0,116,5.8,132.0,335,5,4.0,3.2,2.5,4.0,4.0,0,0,0,0,0,0.45,74.7,1
5.9,3.0,45.6,28.3,17.2,40000,30,28000.0,150,6.2,141.0,380,5,4.5,3.8,3.2,3.8,4.3,0,0,0,0,1,0.7,94.7,2
5.9,3.0,45.6,28.3,17.2,40000,30,30000.0,163,5.2,137.0,460,5,4.5,4.3,3.5,4.0,4.5,0,0,0,0,1,0.75,94.4,2
5.9,3.0,45.6,28.3,17.2,40000,30,42000.0,204,6.8,155.0,460,5,4.8,4.5,3.5,3.5,4.5,0,0,0,0,1,1.05,92.4,2
5.9,3.0,45.6,28.3,17.2,40000,30,42000.0,204,5.5,144.0,530,5,4.8,4.8,3.2,3.8,4.8,0,0,0,0,1,1.05,96.3,2
5.9,3.0,45.6,28.3,17.2,40000,30,30000.0,150,6.8,155.0,530,5,4.5,4.0,2.8,3.5,4.2,0,0,1,0,0,0.75,89.7,2
5.9,3.0,45.6,28.3,17.2,40000,30,42000.0,204,6.0,158.0,520,5,4.8,4.3,3.0,3.5,4.3,0,0,1,0,0,1.05,93.2,2
5.9,3.0,45.6,28.3,17.2,40000,30,32000.0,163,7.0,160.0,452,5,4.8,4.0,2.5,3.5,4.0,0,0,1,0,0,0.8,93.0,2
5.9,3.0,45.6,28.3,17.2,40000,30,42000.0,197,6.2,163.0,483,5,5.0,4.5,2.8,3.5,4.3,0,0,1,0,0,1.05,95.9,2
5.9,3.0,45.6,28.3,17.2,40000,30,35000.0,197,7.0,160.0,442,5,5.0,4.3,3.5,3.5,4.5,0,0,0,0,1,0.875,91.8,2
5.9,3.0,45.6,28.3,17.2,40000,30,40000.0,325,14.0,0.0,561,5,4.8,3.8,4.2,4.5,4.5,1,0,0,0,1,1.0,96.5,2
5.9,3.0,45.6,28.3,17.2,40000,30,12000.0,69,5.2,119.0,185,4,3.5,2.5,1.5,4.5,4.0,0,0,0,0,0,0.3,73.8,1
5.9,3.0,45.6,28.3,17.2,40000,30,14000.0,100,6.2,141.0,520,5,3.5,3.0,2.0,4.2,2.8,0,0,0,0,1,0.35,70.9,1
5.9,3.0,45.6,28.3,17.2,40000,30,25000.0,118,13.0,0.0,185,4,3.8,2.8,2.5,4.5,4.5,1,0,0,0,0,0.625,84.4,2
5.9,3.0,45.6,28.3,17.2,40000,30,25000.0,136,5.8,132.0,211,4,4.0,3.3,3.5,3.5,4.5,0,0,0,0,0,0.625,79.3,2
5.9,3.0,45.6,28.3,17.2,40000,30,32000.0,136,6.8,155.0,450,5,4.2,3.5,3.0,3.2,4.2,0,0,1,0,0,0.8,80.4,2
5.9,3.0,45.6,28.3,17.2,40000,30,35000.0,200,7.2,164.0,480,5,4.3,3.8,4.2,3.0,4.8,0,0,0,0,1,0.875,82.5,2
5.9,3.0,45.6,28.3,17.2,40000,30,38000.0,200,7.5,171.0,525,5,4.3,3.8,3.5,3.0,4.5,0,0,1,0,0,0.95,78.5,2
5.9,3.0,45.6,28.3,17.2,40000,30,24000.0,150,7.0,160.0,345,5,4.5,3.5,3.5,3.5,3.2,0,0,0,0,0,0.6,87.8,2
5.9,3.0,45.6,28.3,17.2,40000,30,32000.0,150,7.5,171.0,520,5,4.8,3.8,2.5,3.3,3.0,0,0,1,0,0,0.8,88.0,2
5.9,3.0,45.6,28.3,17.2,40000,30,28000.0,150,7.2,164.0,385,5,4.5,3.5,3.0,3.3,3.2,0,0,1,0,0,0.7,80.8,2
5.9,3.0,45.6,28.3,17.2,40000,30,12000.0,83,5.2,119.0,265,5,3.5,2.8,2.5,4.8,3.0,0,0,0,0,0,0.3,73.5,1
5.9,3.0,45.6,28.3,17.2,40000,30,20000.0,129,6.5,148.0,375,5,3.8,3.2,2.5,4.0,3.2,0,0,1,0,0,0.5,73.5,1
5.9,3.0,45.6,28.3,17.2,40000,30,20000.0,150,6.5,148.0,393,5,3.8,3.3,2.2,3.8,3.2,0,0,1,0,0,0.5,71.1,1
5.9,3.0,45.6,28.3,17.2,40000,30,40000.0,252,1.8,41.0,469,5,4.5,4.0,2.8,4.5,3.5,0,1,1,0,0,1.0,89.5,2
5.9,3.0,45.6,28.3,17.2,40000,30,22000.0,130,7.0,160.0,351,5,3.5,3.0,2.5,3.5,3.5,0,0,1,0,0,0.55,71.0,1
5.9,3.0,45.6,28.3,17.2,40000,30,28000.0,130,5.8,152.0,438,5,3.8,3.3,2.5,3.8,3.3,0,0,1,0,0,0.7,80.6,2
5.9,3.0,45.6,28.3,17.2,40000,30,38000.0,163,6.2,163.0,602,5,4.3,4.0,2.5,3.2,4.0,0,0,1,0,0,0.95,79.9,2
5.9,3.0,45.6,28.3,17.2,40000,30,42000.0,163,6.5,171.0,591,5,4.3,4.2,2.8,3.0,4.8,0,0,1,0,0,1.05,80.1,2
5.9,3.0,45.6,28.3,17.2,40000,30,32000.0,184,4.8,110.0,320,5,4.8,3.8,2.5,4.5,4.0,0,1,1,0,0,0.8,99.9,2
5.9,3.0,45.6,28.3,17.2,40000,30,42000.0,244,5.8,132.0,520,5,5.0,4.5,2.8,4.2,4.5,0,1,1,0,0,1.05,97.9,2
5.9,3.0,45.6,28.3,17.2,40000,30,42000.0,218,4.8,110.0,454,5,5.0,4.8,2.5,4.5,4.5,0,1,0,0,1,1.05,97.3,2
5.9,3.0,45.6,28.3,17.2,40000,30,35000.0,204,15.5,0.0,385,5,4.3,3.5,3.5,4.2,4.3,1,0,0,0,0,0.875,84.7,2
5.9,3.0,45.6,28.3,17.2,40000,30,35000.0,245,7.5,171.0,420,5,4.3,3.5,4.0,3.0,4.5,0,0,1,0,0,0.875,79.7,2
5.9,3.0,45.6,28.3,17.2,40000,30,38000.0,300,7.5,170.0,380,5,4.3,3.5,4.7,2.8,4.5,0,0,0,0,0,0.95,76.7,2
5.9,3.0,45.6,28.3,17.2,40000,30,38000.0,245,8.0,183.0,330,5,4.5,4.0,4.0,3.0,4.3,0,0,0,0,1,0.95,85.2,2
5.9,3.0,45.6,28.3,17.2,40000,30,42000.0,245,8.5,194.0,542,5,4.8,4.2,3.5,3.0,4.5,0,0,1,0,0,1.05,90.1,2
5.9,3.0,45.6,28.3,17.2,40000,30,42000.0,408,15.5,0.0,405,5,4.8,4.0,4.0,4.2,4.5,1,0,0,0,1,1.05,94.3,2
29.8,23.6,3.0,32.4,11.2,25000,150,6500.0,73,6.4,149.0,510,5,3.0,2.5,1.5,4.8,2.0,0,0,0,0,1,0.26,53.8,0
29.8,23.6,3.0,32.4,11.2,25000,150,9800.0,91,6.0,137.0,528,5,3.4,3.0,1.5,4.7,2.8,0,0,0,0,1,0.392,61.3,1
29.8,23.6,3.0,32.4,11.2,25000,150,7200.0,73,6.2,144.0,328,5,3.2,2.5,1.8,4.6,2.5,0,0,0,0,0,0.288,56.3,1
29.8,23.6,3.0,32.4,11.2,25000,150,13500.0,91,6.1,139.0,328,5,3.4,3.0,2.0,4.5,3.2,0,0,0,0,0,0.54,65.0,1
29.8,23.6,3.0,32.4,11.2,25000,150,14000.0,115,5.7,150.0,445,5,3.0,3.0,2.0,4.2,2.8,0,0,1,0,0,0.56,63.2,1
29.8,23.6,3.0,32.4,11.2,25000,150,19500.0,130,6.8,155.0,445,5,3.5,3.2,2.2,4.0,3.5,0,0,1,0,0,0.78,66.7,1
29.8,23.6,3.0,32.4,11.2,25000,150,15800.0,110,6.4,146.0,708,7,3.2,3.2,1.5,4.3,3.0,0,0,0,0,0,0.632,66.2,1
29.8,23.6,3.0,32.4,11.2,25000,150,12000.0,65,14.5,0.0,290,4,2.8,2.2,1.2,4.9,2.5,1,0,0,0,0,0.48,56.5,1
29.8,23.6,3.0,32.4,11.2,25000,150,11500.0,100,5.8,132.0,391,5,4.2,3.5,2.5,4.3,3.5,0,0,0,0,0,0.46,71.2,1
29.8,23.6,3.0,32.4,11.2,25000,150,16000.0,140,4.3,98.0,391,5,4.2,3.8,2.8,4.7,3.8,0,1,0,0,0,0.64,86.1,2
29.8,23.6,3.0,32.4,11.2,25000,150,13000.0,115,4.8,128.0,384,5,4.0,3.5,2.8,4.2,3.3,0,0,0,0,0,0.52,77.0,2
29.8,23.6,3.0,32.4,11.2,25000,150,17500.0,130,6.4,147.0,422,5,4.0,3.5,2.2,4.0,3.5,0,0,1,0,0,0.7,74.6,1
29.8,23.6,3.0,32.4,11.2,25000,150,14500.0,100,5.9,136.0,309,5,4.2,3.5,2.5,4.2,4.0,0,0,0,0,0,0.58,71.8,1
29.8,23.6,3.0,32.4,11.2,25000,150,16500.0,100,5.8,132.0,309,5,4.2,3.5,2.5,4.2,4.2,0,0,0,0,0,0.66,68.9,1
29.8,23.6,3.0,32.4,11.2,25000,150,22000.0,130,6.1,139.0,412,5,4.3,3.8,3.0,4.0,4.3,0,0,0,0,0,0.88,80.4,2
29.8,23.6,3.0,32.4,11.2,25000,150,24000.0,130,5.2,138.0,520,5,4.3,4.0,2.5,4.2,4.0,0,0,1,0,0,0.96,78.0,2
29.8,23.6,3.0,32.4,11.2,25000,150,12000.0,83,5.8,132.0,300,5,3.5,3.2,1.5,4.5,3.0,0,0,0,0,0,0.48,68.7,1
29.8,23.6,3.0,32.4,11.2,25000,150,18000.0,110,6.2,142.0,410,5,3.5,3.3,1.8,4.2,3.2,0,0,1,0,0,0.72,67.9,1
29.8,23.6,3.0,32.4,11.2,25000,150,22000.0,130,6.0,137.0,380,5,4.0,4.0,2.2,4.0,3.8,0,0,0,0,0,0.88,70.7,1
29.8,23.6,3.0,32.4,11.2,25000,150,26000.0,130,5.5,144.0,580,5,4.2,4.2,2.0,4.0,3.5,0,0,1,0,0,1.04,66.6,1
29.8,23.6,3.0,32.4,11.2,25000,150,14000.0,100,5.8,132.0,309,5,4.0,3.3,2.5,4.3,3.3,0,0,0,0,0,0.56,72.2,1
29.8,23.6,3.0,32.4,11.2,25000,150,27000.0,136,15.2,0.0,267,5,4.0,3.3,2.8,4.5,3.5,1,0,0,0,0,1.08,72.5,1
29.8,23.6,3.0,32.4,11.2,25000,150,23000.0,130,6.1,139.0,422,5,4.2,3.8,3.0,4.0,4.0,0,0,0,0,0,0.92,78.7,2
29.8,23.6,3.0,32.4,11.2,25000,150,22000.0,130,6.5,148.0,350,5,4.0,3.5,2.5,3.8,4.0,0,0,1,0,0,0.88,71.7,1
29.8,23.6,3.0,32.4,11.2,25000,150,10500.0,100,5.9,136.0,292,5,3.8,3.0,3.0,4.3,3.2,0,0,0,0,0,0.42,69.2,1
29.8,23.6,3.0,32.4,11.2,25000,150,15000.0,125,6.0,137.0,375,5,4.2,3.5,3.3,4.0,3.5,0,0,0,0,0,0.6,75.0,2
29.8,23.6,3.0,32.4,11.2,25000,150,20000.0,120,4.7,123.0,575,5,4.2,3.8,2.8,4.5,3.3,0,0,0,0,0,0.8,81.6,2
29.8,23.6,3.0,32.4,11.2,25000,150,22000.0,125,5.4,124.0,456,5,4.3,3.5,2.8,4.3,4.0,0,1,1,0,0,0.88,83.7,2
29.8,23.6,3.0,32.4,11.2,25000,150,25000.0,190,1.4,32.0,475,5,4.3,3.8,2.8,4.5,3.5,0,1,1,0,0,1.0,83.9,2
29.8,23.6,3.0,32.4,11.2,25000,150,13000.0,95,5.7,130.0,351,5,4.2,3.5,2.5,4.3,3.5,0,0,0,0,0,0.52,69.2,1
29.8,23.6,3.0,32.4,11.2,25000,150,18000.0,110,5.6,128.0,351,5,4.3,3.5,2.8,4.3,3.7,0,0,0,0,0,0.72,72.5,1
29.8,23.6,3.0,32.4,11.2,25000,150,18500.0,130,6.0,137.0,381,5,4.5,4.0,3.5,4.0,4.0,0,0,0,0,0,0.74,81.3,2
29.8,23.6,3.0,32.4,11.2,25000,150,20000.0,150,5.0,132.0,650,5,4.5,4.3,3.0,4.3,3.8,0,0,0,0,0,0.8,85.1,2
29.8,23.6,3.0,32.4,11.2,25000,150,14500.0,110,5.5,126.0,380,5,4.0,3.3,2.5,4.5,3.2,0,0,0,0,0,0.58,63.7,1
29.8,23.6,3.0,32.4,11.2,25000,150,18000.0,150,4.8,126.0,640,5,4.5,4.0,3.0,4.5,3.5,0,0,0,0,0,0.72,86.8,2
29.8,23.6,3.0,32.4,11.2,25000,150,25000.0,150,6.2,141.0,640,5,4.5,4.2,3.0,4.2,3.8,0,0,0,0,0,1.0,75.4,2
29.8,23.6,3.0,32.4,11.2,25000,150,20000.0,110,6.0,137.0,400,5,4.2,3.5,2.2,4.2,3.5,0,0,1,0,0,0.8,73.1,1
29.8,23.6,3.0,32.4,11.2,25000,150,13500.0,110,5.6,128.0,355,5,4.0,3.2,2.8,4.3,3.5,0,0,0,0,0,0.54,71.7,1
29.8,23.6,3.0,32.4,11.2,25000,150,20000.0,150,6.0,137.0,380,5,4.3,3.5,3.5,4.0,4.0,0,0,0,0,0,0.8,78.4,2
29.8,23.6,3.0,32.4,11.2,25000,150,25000.0,150,5.6,147.0,510,5,4.3,3.8,2.8,4.2,3.5,0,0,1,0,0,1.0,78.5,2
29.8,23.6,3.0,32.4,11.2,25000,150,15000.0,116,3.8,87.0,286,5,4.5,3.3,2.2,4.8,3.2,0,1,0,0,0,0.6,81.7,2
29.8,23.6,3.0,32.4,11.2,25000,150,22000.0,116,4.4,101.0,320,5,4.5,3.5,2.0,4.7,3.5,0,1,1,0,0,0.88,81.7,2
29.8,23.6,3.0,32.4,11.2,25000,150,22000.0,140,4.5,103.0,361,5,4.5,3.8,3.0,4.7,3.8,0,1,0,0,0,0.88,90.8,2
29.8,23.6,3.0,32.4,11.2,25000,150,27000.0,131,5.4,122.0,319,5,4.3,3.5,2.2,4.5,3.5,0,1,1,0,0,1.08,78.7,2
29.8,23.6,3.0,32.4,11.2,25000,150,13000.0,100,5.8,132.0,351,5,4.0,3.2,2.5,4.3,3.5,0,0,0,0,0,0.52,71.3,1
29.8,23.6,3.0,32.4,11.2,25000,150,19000.0,160,6.5,148.0,395,5,4.3,3.5,3.0,4.0,3.5,0,0,0,0,0,0.76,71.8,1
29.8,23.6,3.0,32.4,11.2,25000,150,24000.0,120,6.2,141.0,466,5,4.3,3.5,2.2,4.0,3.8,0,0,1,0,0,0.96,65.8,1
29.8,23.6,3.0,32.4,11.2,25000,150,10500.0,67,4.8,109.0,255,5,3.2,2.5,1.5,4.8,2.8,0,0,0,0,0,0.42,67.8,1
29.8,23.6,3.0,32.4,11.2,25000,150,19000.0,160,6.5,148.0,395,5,4.2,3.5,3.0,4.0,3.5,0,0,0,0,0,0.76,72.0,1
29.8,23.6,3.0,32.4,11.2,25000,150,22000.0,150,6.5,148.0,358,5,4.3,3.8,3.5,3.8,4.5,0,0,0,0,0,0.88,80.7,2
29.8,23.6,3.0,32.4,11.2,25000,150,24000.0,150,6.5,148.0,430,5,4.3,3.8,3.0,3.8,4.3,0,0,1,0,0,0.96,74.4,1
29.8,23.6,3.0,32.4,11.2,25000,150,10000.0,100,5.4,123.0,300,5,3.8,2.8,2.0,4.5,3.0,0,0,0,0,0,0.4,67.9,1
29.8,23.6,3.0,32.4,11.2,25000,150,27000.0,158,6.5,148.0,504,5,4.3,3.8,2.5,3.8,3.8,0,0,1,0,0,1.08,70.9,1
29.8,23.6,3.0,32.4,11.2,25000,150,22000.0,136,6.5,148.0,380,5,4.3,3.5,3.5,3.5,4.0,0,0,0,0,0,0.88,72.1,1
29.8,23.6,3.0,32.4,11.2,25000,150,24000.0,163,6.5,148.0,370,5,4.3,3.8,3.0,3.5,4.2,0,0,0,0,0,0.96,69.5,1
29.8,23.6,3.0,32.4,11.2,25000,150,18000.0,116,5.8,132.0,335,5,4.0,3.2,2.5,4.0,4.0,0,0,0,0,0,0.72,70.7,1
29.8,23.6,3.0,32.4,11.2,25000,150,12000.0,69,5.2,119.0,185,4,3.5,2.5,1.5,4.5,4.0,0,0,0,0,0,0.48,67.4,1
29.8,23.6,3.0,32.4,11.2,25000,150,14000.0,100,6.2,141.0,520,5,3.5,3.0,2.0,4.2,2.8,0,0,0,0,1,0.56,62.3,1
29.8,23.6,3.0,32.4,11.2,25000,150,25000.0,118,13.0,0.0,185,4,3.8,2.8,2.5,4.5,4.5,1,0,0,0,0,1.0,68.9,1
29.8,23.6,3.0,32.4,11.2,25000,150,25000.0,136,5.8,132.0,211,4,4.0,3.3,3.5,3.5,4.5,0,0,0,0,0,1.0,72.1,1
29.8,23.6,3.0,32.4,11.2,25000,150,24000.0,150,7.0,160.0,345,5,4.5,3.5,3.5,3.5,3.2,0,0,0,0,0,0.96,73.0,1
29.8,23.6,3.0,32.4,11.2,25000,150,12000.0,83,5.2,119.0,265,5,3.5,2.8,2.5,4.8,3.0,0,0,0,0,0,0.48,73.2,1
29.8,23.6,3.0,32.4,11.2,25000,150,20000.0,129,6.5,148.0,375,5,3.8,3.2,2.5,4.0,3.2,0,0,1,0,0,0.8,71.6,1
29.8,23.6,3.0,32.4,11.2,25000,150,20000.0,150,6.5,148.0,393,5,3.8,3.3,2.2,3.8,3.2,0,0,1,0,0,0.8,69.0,1
29.8,23.6,3.0,32.4,11.2,25000,150,22000.0,130,7.0,160.0,351,5,3.5,3.0,2.5,3.5,3.5,0,0,1,0,0,0.88,69.9,1
35.3,48.5,8.2,2.5,5.5,15000,30,6500.0,73,6.4,149.0,510,5,3.0,2.5,1.5,4.8,2.0,0,0,0,0,1,0.433,47.5,0
35.3,48.5,8.2,2.5,5.5,15000,30,9800.0,91,6.0,137.0,528,5,3.4,3.0,1.5,4.7,2.8,0,0,0,0,1,0.653,59.0,1
35.3,48.5,8.2,2.5,5.5,15000,30,7200.0,73,6.2,144.0,328,5,3.2,2.5,1.8,4.6,2.5,0,0,0,0,0,0.48,49.3,0
35.3,48.5,8.2,2.5,5.5,15000,30,13500.0,91,6.1,139.0,328,5,3.4,3.0,2.0,4.5,3.2,0,0,0,0,0,0.9,53.4,0
35.3,48.5,8.2,2.5,5.5,15000,30,14000.0,115,5.7,150.0,445,5,3.0,3.0,2.0,4.2,2.8,0,0,1,0,0,0.933,52.7,0
35.3,48.5,8.2,2.5,5.5,15000,30,15800.0,110,6.4,146.0,708,7,3.2,3.2,1.5,4.3,3.0,0,0,0,0,0,1.053,54.2,0
35.3,48.5,8.2,2.5,5.5,15000,30,12000.0,65,14.5,0.0,290,4,2.8,2.2,1.2,4.9,2.5,1,0,0,0,0,0.8,38.4,0
35.3,48.5,8.2,2.5,5.5,15000,30,11500.0,100,5.8,132.0,391,5,4.2,3.5,2.5,4.3,3.5,0,0,0,0,0,0.767,66.1,1
35.3,48.5,8.2,2.5,5.5,15000,30,16000.0,140,4.3,98.0,391,5,4.2,3.8,2.8,4.7,3.8,0,1,0,0,0,1.067,66.9,1
35.3,48.5,8.2,2.5,5.5,15000,30,13000.0,115,4.8,128.0,384,5,4.0,3.5,2.8,4.2,3.3,0,0,0,0,0,0.867,65.0,1
35.3,48.5,8.2,2.5,5.5,15000,30,14500.0,100,5.9,136.0,309,5,4.2,3.5,2.5,4.2,4.0,0,0,0,0,0,0.967,61.8,1
35.3,48.5,8.2,2.5,5.5,15000,30,16500.0,100,5.8,132.0,309,5,4.2,3.5,2.5,4.2,4.2,0,0,0,0,0,1.1,60.6,1
35.3,48.5,8.2,2.5,5.5,15000,30,12000.0,83,5.8,132.0,300,5,3.5,3.2,1.5,4.5,3.0,0,0,0,0,0,0.8,53.5,0
35.3,48.5,8.2,2.5,5.5,15000,30,14000.0,100,5.8,132.0,309,5,4.0,3.3,2.5,4.3,3.3,0,0,0,0,0,0.933,63.7,1
35.3,48.5,8.2,2.5,5.5,15000,30,10500.0,100,5.9,136.0,292,5,3.8,3.0,3.0,4.3,3.2,0,0,0,0,0,0.7,65.7,1
35.3,48.5,8.2,2.5,5.5,15000,30,15000.0,125,6.0,137.0,375,5,4.2,3.5,3.3,4.0,3.5,0,0,0,0,0,1.0,69.7,1
35.3,48.5,8.2,2.5,5.5,15000,30,13000.0,95,5.7,130.0,351,5,4.2,3.5,2.5,4.3,3.5,0,0,0,0,0,0.867,65.2,1
35.3,48.5,8.2,2.5,5.5,15000,30,14500.0,110,5.5,126.0,380,5,4.0,3.3,2.5,4.5,3.2,0,0,0,0,0,0.967,62.2,1
35.3,48.5,8.2,2.5,5.5,15000,30,13500.0,110,5.6,128.0,355,5,4.0,3.2,2.8,4.3,3.5,0,0,0,0,0,0.9,67.6,1
35.3,48.5,8.2,2.5,5.5,15000,30,15000.0,116,3.8,87.0,286,5,4.5,3.3,2.2,4.8,3.2,0,1,0,0,0,1.0,57.7,1
35.3,48.5,8.2,2.5,5.5,15000,30,13000.0,100,5.8,132.0,351,5,4.0,3.2,2.5,4.3,3.5,0,0,0,0,0,0.867,62.9,1
35.3,48.5,8.2,2.5,5.5,15000,30,10500.0,67,4.8,109.0,255,5,3.2,2.5,1.5,4.8,2.8,0,0,0,0,0,0.7,47.2,0
35.3,48.5,8.2,2.5,5.5,15000,30,10000.0,100,5.4,123.0,300,5,3.8,2.8,2.0,4.5,3.0,0,0,0,0,0,0.667,51.7,0
35.3,48.5,8.2,2.5,5.5,15000,30,12000.0,69,5.2,119.0,185,4,3.5,2.5,1.5,4.5,4.0,0,0,0,0,0,0.8,50.0,0
35.3,48.5,8.2,2.5,5.5,15000,30,14000.0,100,6.2,141.0,520,5,3.5,3.0,2.0,4.2,2.8,0,0,0,0,1,0.933,61.0,1
35.3,48.5,8.2,2.5,5.5,15000,30,12000.0,83,5.2,119.0,265,5,3.5,2.8,2.5,4.8,3.0,0,0,0,0,0,0.8,60.8,1
11.2,34.4,39.8,0.1,14.4,300000,150,6500.0,73,6.4,149.0,510,5,3.0,2.5,1.5,4.8,2.0,0,0,0,0,1,0.022,40.2,0
11.2,34.4,39.8,0.1,14.4,300000,150,9800.0,91,6.0,137.0,528,5,3.4,3.0,1.5,4.7,2.8,0,0,0,0,1,0.033,47.5,0
11.2,34.4,39.8,0.1,14.4,300000,150,7200.0,73,6.2,144.0,328,5,3.2,2.5,1.8,4.6,2.5,0,0,0,0,0,0.024,47.0,0
11.2,34.4,39.8,0.1,14.4,300000,150,13500.0,91,6.1,139.0,328,5,3.4,3.0,2.0,4.5,3.2,0,0,0,0,0,0.045,54.3,0
11.2,34.4,39.8,0.1,14.4,300000,150,14000.0,115,5.7,150.0,445,5,3.0,3.0,2.0,4.2,2.8,0,0,1,0,0,0.047,52.8,0
11.2,34.4,39.8,0.1,14.4,300000,150,19500.0,130,6.8,155.0,445,5,3.5,3.2,2.2,4.0,3.5,0,0,1,0,0,0.065,58.9,1
11.2,34.4,39.8,0.1,14.4,300000,150,15800.0,110,6.4,146.0,708,7,3.2,3.2,1.5,4.3,3.0,0,0,0,0,0,0.053,46.9,0
11.2,34.4,39.8,0.1,14.4,300000,150,12000.0,65,14.5,0.0,290,4,2.8,2.2,1.2,4.9,2.5,1,0,0,0,0,0.04,36.5,0
11.2,34.4,39.8,0.1,14.4,300000,150,11500.0,100,5.8,132.0,391,5,4.2,3.5,2.5,4.3,3.5,0,0,0,0,0,0.038,67.1,1
11.2,34.4,39.8,0.1,14.4,300000,150,16000.0,140,4.3,98.0,391,5,4.2,3.8,2.8,4.7,3.8,0,1,0,0,0,0.053,67.4,1
11.2,34.4,39.8,0.1,14.4,300000,150,13000.0,115,4.8,128.0,384,5,4.0,3.5,2.8,4.2,3.3,0,0,0,0,0,0.043,68.2,1
11.2,34.4,39.8,0.1,14.4,300000,150,35000.0,220,16.1,0.0,440,5,4.5,4.0,3.2,4.5,4.2,1,0,0,0,0,0.117,83.3,2
11.2,34.4,39.8,0.1,14.4,300000,150,17500.0,130,6.4,147.0,422,5,4.0,3.5,2.2,4.0,3.5,0,0,1,0,0,0.058,64.2,1
11.2,34.4,39.8,0.1,14.4,300000,150,28000.0,200,4.6,105.0,500,5,4.3,4.0,3.0,4.3,3.8,0,1,1,0,0,0.093,74.0,1
11.2,34.4,39.8,0.1,14.4,300000,150,14500.0,100,5.9,136.0,309,5,4.2,3.5,2.5,4.2,4.0,0,0,0,0,0,0.048,68.2,1
11.2,34.4,39.8,0.1,14.4,300000,150,16500.0,100,5.8,132.0,309,5,4.2,3.5,2.5,4.2,4.2,0,0,0,0,0,0.055,65.9,1
11.2,34.4,39.8,0.1,14.4,300000,150,28000.0,136,15.2,0.0,265,5,4.2,3.5,3.0,4.5,4.2,1,0,0,0,0,0.093,66.2,1
11.2,34.4,39.8,0.1,14.4,300000,150,22000.0,130,6.1,139.0,412,5,4.3,3.8,3.0,4.0,4.3,0,0,0,0,0,0.073,68.5,1
11.2,34.4,39.8,0.1,14.4,300000,150,24000.0,130,5.2,138.0,520,5,4.3,4.0,2.5,4.2,4.0,0,0,1,0,0,0.08,72.7,1
11.2,34.4,39.8,0.1,14.4,300000,150,35000.0,225,1.4,32.0,520,5,4.5,4.2,3.0,4.5,4.5,0,1,1,0,0,0.117,84.8,2
11.2,34.4,39.8,0.1,14.4,300000,150,30000.0,130,5.5,144.0,780,7,4.2,4.0,2.0,4.0,3.8,0,0,1,0,0,0.1,69.2,1
11.2,34.4,39.8,0.1,14.4,300000,150,12000.0,83,5.8,132.0,300,5,3.5,3.2,1.5,4.5,3.0,0,0,0,0,0,0.04,50.4,0
11.2,34.4,39.8,0.1,14.4,300000,150,18000.0,110,6.2,142.0,410,5,3.5,3.3,1.8,4.2,3.2,0,0,1,0,0,0.06,55.5,1
11.2,34.4,39.8,0.1,14.4,300000,150,22000.0,130,6.0,137.0,380,5,4.0,4.0,2.2,4.0,3.8,0,0,0,0,0,0.073,62.7,1
11.2,34.4,39.8,0.1,14.4,300000,150,26000.0,130,5.5,144.0,580,5,4.2,4.2,2.0,4.0,3.5,0,0,1,0,0,0.087,65.2,1
11.2,34.4,39.8,0.1,14.4,300000,150,14000.0,100,5.8,132.0,309,5,4.0,3.3,2.5,4.3,3.3,0,0,0,0,0,0.047,65.9,1
11.2,34.4,39.8,0.1,14.4,300000,150,27000.0,136,15.2,0.0,267,5,4.0,3.3,2.8,4.5,3.5,1,0,0,0,0,0.09,55.7,1
11.2,34.4,39.8,0.1,14.4,300000,150,23000.0,130,6.1,139.0,422,5,4.2,3.8,3.0,4.0,4.0,0,0,0,0,0,0.077,73.7,1
11.2,34.4,39.8,0.1,14.4,300000,150,22000.0,130,6.5,148.0,350,5,4.0,3.5,2.5,3.8,4.0,0,0,1,0,0,0.073,68.2,1
11.2,34.4,39.8,0.1,14.4,300000,150,10500.0,100,5.9,136.0,292,5,3.8,3.0,3.0,4.3,3.2,0,0,0,0,0,0.035,61.5,1
11.2,34.4,39.8,0.1,14.4,300000,150,15000.0,125,6.0,137.0,375,5,4.2,3.5,3.3,4.0,3.5,0,0,0,0,0,0.05,69.0,1
11.2,34.4,39.8,0.1,14.4,300000,150,20000.0,120,4.7,123.0,575,5,4.2,3.8,2.8,4.5,3.3,0,0,0,0,0,0.067,71.2,1
11.2,34.4,39.8,0.1,14.4,300000,150,22000.0,125,5.4,124.0,456,5,4.3,3.5,2.8,4.3,4.0,0,1,1,0,0,0.073,70.0,1
11.2,34.4,39.8,0.1,14.4,300000,150,25000.0,190,1.4,32.0,475,5,4.3,3.8,2.8,4.5,3.5,0,1,1,0,0,0.083,68.9,1
11.2,34.4,39.8,0.1,14.4,300000,150,48000.0,269,18.1,0.0,402,5,4.5,4.0,4.0,4.0,4.5,1,0,1,0,0,0.16,91.6,2
11.2,34.4,39.8,0.1,14.4,300000,150,13000.0,95,5.7,130.0,351,5,4.2,3.5,2.5,4.3,3.5,0,0,0,0,0,0.043,66.3,1
11.2,34.4,39.8,0.1,14.4,300000,150,18000.0,110,5.6,128.0,351,5,4.3,3.5,2.8,4.3,3.7,0,0,0,0,0,0.06,67.2,1
11.2,34.4,39.8,0.1,14.4,300000,150,18500.0,130,6.0,137.0,381,5,4.5,4.0,3.5,4.0,4.0,0,0,0,0,0,0.062,82.9,2
11.2,34.4,39.8,0.1,14.4,300000,150,28000.0,150,5.8,132.0,381,5,4.5,4.2,3.5,4.0,4.2,0,0,0,0,0,0.093,81.4,2
11.2,34.4,39.8,0.1,14.4,300000,150,38000.0,245,7.4,168.0,381,5,4.5,3.8,4.5,3.2,4.5,0,0,0,0,0,0.127,97.5,2
11.2,34.4,39.8,0.1,14.4,300000,150,48000.0,320,8.0,183.0,381,5,4.5,3.8,4.8,2.8,4.5,0,0,0,0,0,0.16,99.5,2
11.2,34.4,39.8,0.1,14.4,300000,150,28000.0,150,5.5,144.0,615,5,4.5,4.2,2.5,4.0,3.8,0,0,1,0,0,0.093,78.5,2
11.2,34.4,39.8,0.1,14.4,300000,150,38000.0,150,7.0,160.0,615,5,4.5,4.3,2.8,3.8,4.2,0,0,1,0,0,0.127,81.6,2
11.2,34.4,39.8,0.1,14.4,300000,150,20000.0,150,5.0,132.0,650,5,4.5,4.3,3.0,4.3,3.8,0,0,0,0,0,0.067,82.6,2
11.2,34.4,39.8,0.1,14.4,300000,150,40000.0,272,7.2,164.0,690,5,4.8,4.5,3.5,3.5,4.2,0,0,0,0,0,0.133,91.5,2
11.2,34.4,39.8,0.1,14.4,300000,150,35000.0,200,5.5,144.0,563,5,4.5,4.5,3.5,4.0,4.8,0,0,0,0,1,0.117,83.5,2
11.2,34.4,39.8,0.1,14.4,300000,150,32000.0,204,15.8,0.0,385,5,4.3,3.8,3.0,4.5,3.8,1,0,0,0,0,0.107,72.3,1
11.2,34.4,39.8,0.1,14.4,300000,150,38000.0,204,17.0,0.0,543,5,4.5,4.0,2.8,4.3,4.0,1,0,1,0,0,0.127,83.8,2
11.2,34.4,39.8,0.1,14.4,300000,150,14500.0,110,5.5,126.0,380,5,4.0,3.3,2.5,4.5,3.2,0,0,0,0,0,0.048,60.7,1
11.2,34.4,39.8,0.1,14.4,300000,150,18000.0,150,4.8,126.0,640,5,4.5,4.0,3.0,4.5,3.5,0,0,0,0,0,0.06,76.9,2
11.2,34.4,39.8,0.1,14.4,300000,150,25000.0,150,6.2,141.0,640,5,4.5,4.2,3.0,4.2,3.8,0,0,0,0,0,0.083,79.7,2
11.2,34.4,39.8,0.1,14.4,300000,150,35000.0,245,7.1,161.0,640,5,4.5,3.8,4.3,3.2,4.2,0,0,0,0,0,0.117,93.0,2
11.2,34.4,39.8,0.1,14.4,300000,150,30000.0,150,5.0,132.0,660,5,4.5,4.5,2.8,4.3,4.0,0,0,0,0,0,0.1,76.8,2
11.2,34.4,39.8,0.1,14.4,300000,150,32000.0,150,5.8,152.0,720,7,4.5,4.2,2.2,4.0,3.5,0,0,1,0,0,0.107,76.8,2
11.2,34.4,39.8,0.1,14.4,300000,150,20000.0,110,6.0,137.0,400,5,4.2,3.5,2.2,4.2,3.5,0,0,1,0,0,0.067,70.2,1
11.2,34.4,39.8,0.1,14.4,300000,150,13500.0,110,5.6,128.0,355,5,4.0,3.2,2.8,4.3,3.5,0,0,0,0,0,0.045,65.8,1
11.2,34.4,39.8,0.1,14.4,300000,150,20000.0,150,6.0,137.0,380,5,4.3,3.5,3.5,4.0,4.0,0,0,0,0,0,0.067,72.9,1
11.2,34.4,39.8,0.1,14.4,300000,150,35000.0,300,7.5,170.0,380,5,4.3,3.5,4.7,3.0,4.3,0,0,0,0,0,0.117,85.8,2
11.2,34.4,39.8,0.1,14.4,300000,150,25000.0,150,5.6,147.0,510,5,4.3,3.8,2.8,4.2,3.5,0,0,1,0,0,0.083,71.7,1
11.2,34.4,39.8,0.1,14.4,300000,150,15000.0,116,3.8,87.0,286,5,4.5,3.3,2.2,4.8,3.2,0,1,0,0,0,0.05,71.9,1
11.2,34.4,39.8,0.1,14.4,300000,150,22000.0,116,4.4,101.0,320,5,4.5,3.5,2.0,4.7,3.5,0,1,1,0,0,0.073,72.5,1
11.2,34.4,39.8,0.1,14.4,300000,150,22000.0,140,4.5,103.0,361,5,4.5,3.8,3.0,4.7,3.8,0,1,0,0,0,0.073,78.0,2
11.2,34.4,39.8,0.1,14.4,300000,150,30000.0,197,5.0,114.0,433,5,4.8,4.0,2.5,4.5,3.8,0,1,1,0,0,0.1,78.2,2
11.2,34.4,39.8,0.1,14.4,300000,150,32000.0,222,5.6,128.0,580,5,4.8,4.0,2.5,4.3,3.5,0,1,1,0,0,0.107,81.3,2
11.2,34.4,39.8,0.1,14.4,300000,150,35000.0,218,4.9,112.0,493,5,4.8,4.5,2.8,4.5,3.8,0,1,0,0,1,0.117,87.3,2
11.2,34.4,39.8,0.1,14.4,300000,150,28000.0,200,4.8,110.0,310,5,4.5,3.5,3.0,4.5,4.2,0,1,1,0,0,0.093,82.3,2
11.2,34.4,39.8,0.1,14.4,300000,150,55000.0,340,8.5,194.0,290,2,4.0,3.0,4.8,2.5,4.8,0,0,0,1,0,0.183,87.4,2
11.2,34.4,39.8,0.1,14.4,300000,150,28000.0,182,6.5,148.0,404,5,4.5,3.8,3.5,3.8,4.0,0,0,0,0,0,0.093,85.2,2
11.2,34.4,39.8,0.1,14.4,300000,150,27000.0,131,5.4,122.0,319,5,4.3,3.5,2.2,4.5,3.5,0,1,1,0,0,0.09,67.5,1
11.2,34.4,39.8,0.1,14.4,300000,150,38000.0,184,6.0,137.0,587,5,4.5,4.0,2.5,4.2,3.5,0,1,1,0,0,0.127,78.9,2
11.2,34.4,39.8,0.1,14.4,300000,150,35000.0,184,6.2,141.0,380,5,4.5,3.8,3.0,4.0,4.0,0,1,1,0,0,0.117,77.9,2
11.2,34.4,39.8,0.1,14.4,300000,150,13000.0,100,5.8,132.0,351,5,4.0,3.2,2.5,4.3,3.5,0,0,0,0,0,0.043,60.6,1
11.2,34.4,39.8,0.1,14.4,300000,150,19000.0,160,6.5,148.0,395,5,4.3,3.5,3.0,4.0,3.5,0,0,0,0,0,0.063,69.6,1
11.2,34.4,39.8,0.1,14.4,300000,150,35000.0,280,8.0,183.0,395,5,4.0,3.2,4.7,2.8,4.0,0,0,0,0,0,0.117,85.9,2
11.2,34.4,39.8,0.1,14.4,300000,150,28000.0,230,5.5,126.0,546,5,4.5,4.0,2.8,4.3,4.2,0,1,1,0,0,0.093,88.8,2
11.2,34.4,39.8,0.1,14.4,300000,150,24000.0,120,6.2,141.0,466,5,4.3,3.5,2.2,4.0,3.8,0,0,1,0,0,0.08,68.6,1
11.2,34.4,39.8,0.1,14.4,300000,150,35000.0,204,14.7,0.0,466,5,4.3,3.5,3.0,4.5,3.8,1,0,1,0,0,0.117,72.3,1
11.2,34.4,39.8,0.1,14.4,300000,150,42000.0,325,16.8,0.0,527,5,4.8,4.3,3.5,4.3,4.8,1,0,1,0,0,0.14,87.8,2
11.2,34.4,39.8,0.1,14.4,300000,150,45000.0,325,14.3,0.0,401,5,4.8,4.3,3.5,4.5,4.8,1,0,0,0,1,0.15,90.3,2
11.2,34.4,39.8,0.1,14.4,300000,150,10500.0,67,4.8,109.0,255,5,3.2,2.5,1.5,4.8,2.8,0,0,0,0,0,0.035,44.6,0
11.2,34.4,39.8,0.1,14.4,300000,150,19000.0,160,6.5,148.0,395,5,4.2,3.5,3.0,4.0,3.5,0,0,0,0,0,0.063,72.3,1
11.2,34.4,39.8,0.1,14.4,300000,150,30000.0,230,5.5,126.0,543,5,4.5,4.0,2.8,4.3,4.3,0,1,1,0,0,0.1,84.9,2
11.2,34.4,39.8,0.1,14.4,300000,150,45000.0,325,16.5,0.0,490,5,4.8,4.2,4.0,4.3,4.8,1,0,1,0,0,0.15,96.2,2
11.2,34.4,39.8,0.1,14.4,300000,150,40000.0,245,8.5,194.0,406,5,4.2,4.0,4.2,3.0,4.5,0,0,0,0,1,0.133,87.7,2
11.2,34.4,39.8,0.1,14.4,300000,150,22000.0,150,6.5,148.0,358,5,4.3,3.8,3.5,3.8,4.5,0,0,0,0,0,0.073,76.6,2
11.2,34.4,39.8,0.1,14.4,300000,150,28000.0,165,7.1,163.0,506,5,4.3,4.0,3.0,3.5,4.0,0,0,1,0,0,0.093,73.4,1
11.2,34.4,39.8,0.1,14.4,300000,150,24000.0,150,6.5,148.0,430,5,4.3,3.8,3.0,3.8,4.3,0,0,1,0,0,0.08,74.2,1
11.2,34.4,39.8,0.1,14.4,300000,150,30000.0,184,6.8,155.0,130,2,3.5,3.0,4.5,3.5,4.8,0,0,0,1,0,0.1,80.3,2
11.2,34.4,39.8,0.1,14.4,300000,150,10000.0,100,5.4,123.0,300,5,3.8,2.8,2.0,4.5,3.0,0,0,0,0,0,0.033,56.2,1
11.2,34.4,39.8,0.1,14.4,300000,150,27000.0,158,6.5,148.0,504,5,4.3,3.8,2.5,3.8,3.8,0,0,1,0,0,0.09,68.8,1
11.2,34.4,39.8,0.1,14.4,300000,150,28000.0,150,15.5,0.0,435,5,4.0,3.5,2.5,4.5,3.0,1,0,0,0,0,0.093,57.3,1
11.2,34.4,39.8,0.1,14.4,300000,150,42000.0,242,16.5,0.0,468,5,4.5,4.2,3.0,4.2,4.2,1,0,1,0,0,0.14,82.2,2
11.2,34.4,39.8,0.1,14.4,300000,150,22000.0,136,6.5,148.0,380,5,4.3,3.5,3.5,3.5,4.0,0,0,0,0,0,0.073,70.5,1
11.2,34.4,39.8,0.1,14.4,300000,150,32000.0,170,6.8,155.0,380,5,4.5,3.8,3.8,3.3,4.3,0,0,0,0,0,0.107,85.8,2
11.2,34.4,39.8,0.1,14.4,300000,150,28000.0,190,5.2,137.0,480,5,4.5,4.2,4.0,4.0,4.5,0,0,0,0,1,0.093,85.8,2
11.2,34.4,39.8,0.1,14.4,300000,150,42000.0,245,7.0,159.0,480,5,4.8,4.3,4.2,3.5,4.5,0,0,0,0,1,0.14,94.5,2
11.2,34.4,39.8,0.1,14.4,300000,150,40000.0,190,5.5,144.0,530,5,4.8,4.8,3.5,3.8,4.8,0,0,0,0,1,0.133,85.6,2
11.2,34.4,39.8,0.1,14.4,300000,150,55000.0,299,7.5,171.0,520,5,5.0,4.8,4.0,3.3,4.8,0,0,0,0,1,0.183,95.4,2
11.2,34.4,39.8,0.1,14.4,300000,150,32000.0,136,6.8,155.0,540,5,4.5,4.0,3.0,3.5,4.0,0,0,1,0,0,0.107,78.3,2
11.2,34.4,39.8,0.1,14.4,300000,150,40000.0,190,5.8,152.0,550,5,4.8,4.3,3.2,3.8,4.3,0,0,1,0,0,0.133,84.9,2
11.2,34.4,39.8,0.1,14.4,300000,150,58000.0,286,6.8,179.0,650,5,5.0,4.8,3.5,3.2,4.5,0,0,1,0,0,0.193,100.0,2
11.2,34.4,39.8,0.1,14.4,300000,150,52000.0,286,17.5,0.0,510,5,4.8,4.2,3.5,4.0,4.3,1,0,1,0,0,0.173,87.1,2
11.2,34.4,39.8,0.1,14.4,300000,150,48000.0,340,16.1,0.0,470,5,4.8,4.2,4.2,4.0,4.8,1,0,0,0,1,0.16,92.8,2
11.2,34.4,39.8,0.1,14.4,300000,150,72000.0,480,9.0,205.0,480,5,4.5,3.8,5.0,2.2,4.8,0,0,0,0,1,0.24,100.0,2
11.2,34.4,39.8,0.1,14.4,300000,150,78000.0,480,9.2,210.0,440,4,4.5,3.5,5.0,2.0,4.8,0,0,0,1,0,0.26,100.0,2
11.2,34.4,39.8,0.1,14.4,300000,150,90000.0,510,9.5,217.0,440,4,4.5,3.5,5.0,1.8,5.0,0,0,0,1,0,0.3,100.0,2
11.2,34.4,39.8,0.1,14.4,300000,150,24000.0,163,6.5,148.0,370,5,4.3,3.8,3.0,3.5,4.2,0,0,0,0,0,0.08,70.2,1
11.2,34.4,39.8,0.1,14.4,300000,150,30000.0,163,6.3,144.0,370,5,4.5,4.0,3.0,3.5,4.3,0,0,0,0,0,0.1,82.8,2
11.2,34.4,39.8,0.1,14.4,300000,150,38000.0,204,6.8,155.0,455,5,4.8,4.5,3.5,3.5,4.8,0,0,0,0,1,0.127,96.9,2
11.2,34.4,39.8,0.1,14.4,300000,150,45000.0,313,2.0,46.0,455,5,5.0,4.8,3.8,4.2,4.8,0,1,0,0,1,0.15,94.2,2
11.2,34.4,39.8,0.1,14.4,300000,150,45000.0,220,5.5,144.0,540,5,5.0,4.8,3.2,3.8,4.8,0,0,0,0,1,0.15,91.4,2
11.2,34.4,39.8,0.1,14.4,300000,150,58000.0,313,2.0,46.0,540,5,5.0,5.0,3.5,4.0,5.0,0,1,0,0,1,0.193,96.0,2
11.2,34.4,39.8,0.1,14.4,300000,150,32000.0,163,6.8,155.0,435,5,4.5,4.0,2.8,3.5,4.2,0,0,1,0,0,0.107,78.3,2
11.2,34.4,39.8,0.1,14.4,300000,150,45000.0,204,7.2,164.0,600,5,4.8,4.5,3.0,3.3,4.5,0,0,1,0,0,0.15,92.0,2
11.2,34.4,39.8,0.1,14.4,300000,150,60000.0,272,7.0,184.0,630,5,5.0,4.8,3.0,3.0,4.5,0,0,1,0,0,0.2,91.8,2
11.2,34.4,39.8,0.1,14.4,300000,150,42000.0,190,17.0,0.0,340,5,4.5,4.0,2.8,4.2,4.2,1,0,1,0,0,0.14,79.6,2
11.2,34.4,39.8,0.1,14.4,300000,150,55000.0,408,21.3,0.0,500,5,4.8,4.3,3.5,3.5,4.3,1,0,1,0,0,0.183,90.8,2
11.2,34.4,39.8,0.1,14.4,300000,150,62000.0,408,9.0,206.0,455,5,4.8,4.2,4.8,2.5,4.8,0,0,0,0,1,0.207,100.0,2
11.2,34.4,39.8,0.1,14.4,300000,150,85000.0,680,6.9,157.0,350,5,4.8,4.0,5.0,2.5,5.0,0,1,0,0,1,0.283,100.0,2
11.2,34.4,39.8,0.1,14.4,300000,150,18000.0,116,5.8,132.0,335,5,4.0,3.2,2.5,4.0,4.0,0,0,0,0,0,0.06,67.0,1
11.2,34.4,39.8,0.1,14.4,300000,150,28000.0,150,6.2,141.0,380,5,4.5,3.8,3.2,3.8,4.3,0,0,0,0,1,0.093,79.7,2
11.2,34.4,39.8,0.1,14.4,300000,150,30000.0,163,5.2,137.0,460,5,4.5,4.3,3.5,4.0,4.5,0,0,0,0,1,0.1,82.9,2
11.2,34.4,39.8,0.1,14.4,300000,150,42000.0,204,6.8,155.0,460,5,4.8,4.5,3.5,3.5,4.5,0,0,0,0,1,0.14,92.6,2
11.2,34.4,39.8,0.1,14.4,300000,150,42000.0,204,5.5,144.0,530,5,4.8,4.8,3.2,3.8,4.8,0,0,0,0,1,0.14,93.6,2
11.2,34.4,39.8,0.1,14.4,300000,150,30000.0,150,6.8,155.0,530,5,4.5,4.0,2.8,3.5,4.2,0,0,1,0,0,0.1,80.5,2
11.2,34.4,39.8,0.1,14.4,300000,150,42000.0,204,6.0,158.0,520,5,4.8,4.3,3.0,3.5,4.3,0,0,1,0,0,0.14,86.8,2
11.2,34.4,39.8,0.1,14.4,300000,150,55000.0,286,7.2,189.0,705,7,5.0,4.8,3.0,3.0,4.5,0,0,1,0,0,0.183,91.6,2
11.2,34.4,39.8,0.1,14.4,300000,150,85000.0,476,19.6,0.0,405,4,5.0,4.5,4.8,3.5,5.0,1,0,0,0,1,0.283,99.2,2
11.2,34.4,39.8,0.1,14.4,300000,150,82000.0,450,9.8,224.0,465,4,4.5,3.8,4.8,2.0,5.0,0,0,0,1,0,0.273,100.0,2
11.2,34.4,39.8,0.1,14.4,300000,150,85000.0,450,9.8,224.0,465,5,4.5,4.0,4.8,2.0,5.0,0,0,0,0,1,0.283,100.0,2
11.2,34.4,39.8,0.1,14.4,300000,150,55000.0,400,8.5,194.0,321,5,4.5,3.5,4.8,2.5,4.5,0,0,0,0,1,0.183,93.9,2
11.2,34.4,39.8,0.1,14.4,300000,150,32000.0,163,7.0,160.0,452,5,4.8,4.0,2.5,3.5,4.0,0,0,1,0,0,0.107,81.0,2
11.2,34.4,39.8,0.1,14.4,300000,150,42000.0,197,6.2,163.0,483,5,5.0,4.5,2.8,3.5,4.3,0,0,1,0,0,0.14,88.6,2
11.2,34.4,39.8,0.1,14.4,300000,150,58000.0,303,2.4,55.0,640,7,5.0,4.8,2.5,4.0,4.5,0,1,1,0,0,0.193,94.3,2
11.2,34.4,39.8,0.1,14.4,300000,150,48000.0,408,17.8,0.0,413,5,5.0,4.0,3.5,4.0,4.5,1,0,1,0,0,0.16,89.1,2
11.2,34.4,39.8,0.1,14.4,300000,150,35000.0,197,7.0,160.0,442,5,5.0,4.3,3.5,3.5,4.5,0,0,0,0,1,0.117,89.5,2
11.2,34.4,39.8,0.1,14.4,300000,150,40000.0,325,14.0,0.0,561,5,4.8,3.8,4.2,4.5,4.5,1,0,0,0,1,0.133,91.8,2
11.2,34.4,39.8,0.1,14.4,300000,150,45000.0,325,15.0,0.0,854,5,4.8,3.8,3.8,4.3,4.3,1,0,1,0,0,0.15,89.7,2
11.2,34.4,39.8,0.1,14.4,300000,150,85000.0,670,16.8,0.0,793,5,4.8,4.5,4.8,3.8,4.8,1,0,0,0,1,0.283,97.0,2
11.2,34.4,39.8,0.1,14.4,300000,150,95000.0,670,18.5,0.0,935,7,4.8,4.5,4.0,3.5,4.5,1,0,1,0,0,0.317,96.7,2
11.2,34.4,39.8,0.1,14.4,300000,150,12000.0,69,5.2,119.0,185,4,3.5,2.5,1.5,4.5,4.0,0,0,0,0,0,0.04,47.3,0
11.2,34.4,39.8,0.1,14.4,300000,150,14000.0,100,6.2,141.0,520,5,3.5,3.0,2.0,4.2,2.8,0,0,0,0,1,0.047,54.9,0
11.2,34.4,39.8,0.1,14.4,300000,150,25000.0,118,13.0,0.0,185,4,3.8,2.8,2.5,4.5,4.5,1,0,0,0,0,0.083,59.0,1
11.2,34.4,39.8,0.1,14.4,300000,150,25000.0,136,5.8,132.0,211,4,4.0,3.3,3.5,3.5,4.5,0,0,0,0,0,0.083,72.9,1
11.2,34.4,39.8,0.1,14.4,300000,150,32000.0,136,6.8,155.0,450,5,4.2,3.5,3.0,3.2,4.2,0,0,1,0,0,0.107,77.2,2
11.2,34.4,39.8,0.1,14.4,300000,150,35000.0,200,7.2,164.0,480,5,4.3,3.8,4.2,3.0,4.8,0,0,0,0,1,0.117,81.2,2
11.2,34.4,39.8,0.1,14.4,300000,150,38000.0,200,7.5,171.0,525,5,4.3,3.8,3.5,3.0,4.5,0,0,1,0,0,0.127,78.0,2
11.2,34.4,39.8,0.1,14.4,300000,150,75000.0,510,9.5,217.0,480,5,4.0,3.5,5.0,2.0,5.0,0,0,0,0,1,0.25,94.5,2
11.2,34.4,39.8,0.1,14.4,300000,150,24000.0,150,7.0,160.0,345,5,4.5,3.5,3.5,3.5,3.2,0,0,0,0,0,0.08,77.4,2
11.2,34.4,39.8,0.1,14.4,300000,150,32000.0,150,7.5,171.0,520,5,4.8,3.8,2.5,3.3,3.0,0,0,1,0,0,0.107,75.5,2
11.2,34.4,39.8,0.1,14.4,300000,150,28000.0,150,7.2,164.0,385,5,4.5,3.5,3.0,3.3,3.2,0,0,1,0,0,0.093,77.3,2
11.2,34.4,39.8,0.1,14.4,300000,150,12000.0,83,5.2,119.0,265,5,3.5,2.8,2.5,4.8,3.0,0,0,0,0,0,0.04,58.7,1
11.2,34.4,39.8,0.1,14.4,300000,150,20000.0,129,6.5,148.0,375,5,3.8,3.2,2.5,4.0,3.2,0,0,1,0,0,0.067,63.3,1
11.2,34.4,39.8,0.1,14.4,300000,150,20000.0,150,6.5,148.0,393,5,3.8,3.3,2.2,3.8,3.2,0,0,1,0,0,0.067,58.5,1
11.2,34.4,39.8,0.1,14.4,300000,150,40000.0,252,1.8,41.0,469,5,4.5,4.0,2.8,4.5,3.5,0,1,1,0,0,0.133,82.1,2
11.2,34.4,39.8,0.1,14.4,300000,150,22000.0,130,7.0,160.0,351,5,3.5,3.0,2.5,3.5,3.5,0,0,1,0,0,0.073,59.7,1
11.2,34.4,39.8,0.1,14.4,300000,150,28000.0,130,5.8,152.0,438,5,3.8,3.3,2.5,3.8,3.3,0,0,1,0,0,0.093,63.3,1
11.2,34.4,39.8,0.1,14.4,300000,150,55000.0,272,10.0,228.0,548,5,3.5,2.8,3.5,2.5,4.0,0,0,1,0,0,0.183,74.6,1
11.2,34.4,39.8,0.1,14.4,300000,150,38000.0,163,6.2,163.0,602,5,4.3,4.0,2.5,3.2,4.0,0,0,1,0,0,0.127,71.8,1
11.2,34.4,39.8,0.1,14.4,300000,150,42000.0,163,6.5,171.0,591,5,4.3,4.2,2.8,3.0,4.8,0,0,1,0,0,0.14,72.2,1
11.2,34.4,39.8,0.1,14.4,300000,150,80000.0,350,8.0,210.0,780,5,4.8,4.8,3.5,2.5,5.0,0,0,1,0,0,0.267,98.6,2
11.2,34.4,39.8,0.1,14.4,300000,150,58000.0,265,8.8,201.0,488,5,4.8,4.2,4.3,2.5,4.8,0,0,1,0,0,0.193,100.0,2
11.2,34.4,39.8,0.1,14.4,300000,150,72000.0,340,9.5,216.0,745,5,5.0,4.5,4.0,2.2,4.8,0,0,1,0,0,0.24,100.0,2
11.2,34.4,39.8,0.1,14.4,300000,150,110000.0,385,9.0,205.0,132,4,4.5,3.5,5.0,2.0,5.0,0,0,0,1,0,0.367,100.0,2
11.2,34.4,39.8,0.1,14.4,300000,150,195000.0,650,11.1,253.0,128,4,4.5,3.5,5.0,1.5,5.0,0,0,0,1,0,0.65,100.0,2
11.2,34.4,39.8,0.1,14.4,300000,150,90000.0,408,19.5,0.0,366,4,5.0,4.5,4.8,3.5,5.0,1,0,0,0,1,0.3,100.0,2
11.2,34.4,39.8,0.1,14.4,300000,150,95000.0,353,9.5,216.0,495,4,5.0,4.8,4.2,2.5,5.0,0,0,0,0,1,0.317,100.0,2
11.2,34.4,39.8,0.1,14.4,300000,150,225000.0,640,13.5,308.0,100,2,3.5,2.0,5.0,1.0,5.0,0,0,0,1,0,0.75,88.2,2
11.2,34.4,39.8,0.1,14.4,300000,150,260000.0,640,13.7,312.0,100,2,3.5,2.0,5.0,1.0,5.0,0,0,0,1,0,0.867,87.0,2
11.2,34.4,39.8,0.1,14.4,300000,150,210000.0,650,12.5,285.0,616,5,4.0,3.8,4.8,1.0,5.0,0,0,1,0,0,0.7,97.3,2
11.2,34.4,39.8,0.1,14.4,300000,150,280000.0,720,14.0,319.0,200,2,3.5,2.0,5.0,1.0,5.0,0,0,0,1,0,0.933,85.9,2
11.2,34.4,39.8,0.1,14.4,300000,150,220000.0,620,11.5,262.0,272,2,3.8,3.0,5.0,1.0,5.0,0,0,0,1,0,0.733,92.9,2
11.2,34.4,39.8,0.1,14.4,300000,150,270000.0,720,12.2,278.0,150,2,3.5,2.2,5.0,1.0,5.0,0,0,0,1,0,0.9,85.1,2
11.2,34.4,39.8,0.1,14.4,300000,150,160000.0,535,11.0,251.0,235,2,3.8,3.2,4.8,1.2,5.0,0,0,0,1,0,0.533,85.3,2
11.2,34.4,39.8,0.1,14.4,300000,150,200000.0,639,12.0,274.0,270,4,4.0,3.8,4.5,1.0,5.0,0,0,0,1,0,0.667,92.3,2
11.2,34.4,39.8,0.1,14.4,300000,150,70000.0,350,10.0,228.0,500,5,4.2,4.2,4.2,2.0,5.0,0,0,0,0,1,0.233,88.5,2
11.2,34.4,39.8,0.1,14.4,300000,150,78000.0,350,10.5,239.0,580,5,4.2,4.2,3.5,1.8,4.8,0,0,1,0,0,0.26,78.6,2
11.2,34.4,39.8,0.1,14.4,300000,150,215000.0,630,11.5,262.0,150,2,3.5,2.5,5.0,1.0,5.0,0,0,0,1,0,0.717,88.6,2
11.2,34.4,39.8,0.1,14.4,300000,150,48000.0,204,6.8,179.0,619,5,4.5,4.2,3.2,3.2,4.5,0,0,1,0,0,0.16,92.4,2
11.2,34.4,39.8,0.1,14.4,300000,150,65000.0,400,22.0,0.0,505,5,4.8,4.0,4.0,3.2,4.8,1,0,1,0,0,0.217,94.0,2
11.2,34.4,39.8,0.1,14.4,300000,150,75000.0,450,10.0,228.0,310,2,4.0,3.2,4.8,1.8,5.0,0,0,0,1,0,0.25,89.2,2
11.2,34.4,39.8,0.1,14.4,300000,150,32000.0,184,4.8,110.0,320,5,4.8,3.8,2.5,4.5,4.0,0,1,1,0,0,0.107,79.3,2
11.2,34.4,39.8,0.1,14.4,300000,150,42000.0,244,5.8,132.0,520,5,5.0,4.5,2.8,4.2,4.5,0,1,1,0,0,0.14,89.6,2
11.2,34.4,39.8,0.1,14.4,300000,150,55000.0,308,6.0,137.0,612,5,5.0,4.8,3.0,3.8,4.5,0,1,1,0,0,0.183,92.5,2
11.2,34.4,39.8,0.1,14.4,300000,150,42000.0,218,4.8,110.0,454,5,5.0,4.8,2.5,4.5,4.5,0,1,0,0,1,0.14,87.0,2
11.2,34.4,39.8,0.1,14.4,300000,150,95000.0,471,10.0,228.0,197,4,4.5,4.0,4.5,2.0,5.0,0,0,0,1,0,0.317,100.0,2
11.2,34.4,39.8,0.1,14.4,300000,150,35000.0,204,15.5,0.0,385,5,4.3,3.5,3.5,4.2,4.3,1,0,0,0,0,0.117,73.1,1
11.2,34.4,39.8,0.1,14.4,300000,150,35000.0,245,7.5,171.0,420,5,4.3,3.5,4.0,3.0,4.5,0,0,1,0,0,0.117,86.4,2
11.2,34.4,39.8,0.1,14.4,300000,150,38000.0,300,7.5,170.0,380,5,4.3,3.5,4.7,2.8,4.5,0,0,0,0,0,0.127,88.3,2
11.2,34.4,39.8,0.1,14.4,300000,150,62000.0,300,8.0,183.0,150,2,4.0,3.0,4.8,2.5,4.8,0,0,0,1,0,0.207,84.6,2
11.2,34.4,39.8,0.1,14.4,300000,150,48000.0,258,7.5,171.0,281,2,4.0,3.2,4.5,2.8,4.8,0,0,0,1,0,0.16,93.0,2
11.2,34.4,39.8,0.1,14.4,300000,150,150000.0,585,11.3,258.0,350,2,4.3,3.2,5.0,1.5,5.0,0,0,0,1,0,0.5,95.4,2
11.2,34.4,39.8,0.1,14.4,300000,150,110000.0,449,9.0,206.0,550,5,5.0,5.0,3.5,2.5,5.0,0,0,0,0,1,0.367,98.8,2
11.2,34.4,39.8,0.1,14.4,300000,150,100000.0,400,8.5,194.0,540,5,5.0,5.0,3.5,2.5,5.0,0,0,0,0,1,0.333,99.6,2
11.2,34.4,39.8,0.1,14.4,300000,150,90000.0,340,8.0,183.0,505,5,5.0,5.0,3.2,2.8,5.0,0,0,0,0,1,0.3,95.1,2
11.2,34.4,39.8,0.1,14.4,300000,150,38000.0,245,8.0,183.0,330,5,4.5,4.0,4.0,3.0,4.3,0,0,0,0,1,0.127,95.1,2
11.2,34.4,39.8,0.1,14.4,300000,150,42000.0,245,8.5,194.0,542,5,4.8,4.2,3.5,3.0,4.5,0,0,1,0,0,0.14,97.5,2
11.2,34.4,39.8,0.1,14.4,300000,150,42000.0,408,15.5,0.0,405,5,4.8,4.0,4.0,4.2,4.5,1,0,0,0,1,0.14,90.0,2
12.9,6.0,3.0,9.8,68.3,100000,150,6500.0,73,6.4,149.0,510,5,3.0,2.5,1.5,4.8,2.0,0,0,0,0,1,0.065,45.8,0
12.9,6.0,3.0,9.8,68.3,100000,150,9800.0,91,6.0,137.0,528,5,3.4,3.0,1.5,4.7,2.8,0,0,0,0,1,0.098,60.2,1
12.9,6.0,3.0,9.8,68.3,100000,150,7200.0,73,6.2,144.0,328,5,3.2,2.5,1.8,4.6,2.5,0,0,0,0,0,0.072,51.9,0
12.9,6.0,3.0,9.8,68.3,100000,150,13500.0,91,6.1,139.0,328,5,3.4,3.0,2.0,4.5,3.2,0,0,0,0,0,0.135,60.7,1
12.9,6.0,3.0,9.8,68.3,100000,150,14000.0,115,5.7,150.0,445,5,3.0,3.0,2.0,4.2,2.8,0,0,1,0,0,0.14,57.1,1
12.9,6.0,3.0,9.8,68.3,100000,150,19500.0,130,6.8,155.0,445,5,3.5,3.2,2.2,4.0,3.5,0,0,1,0,0,0.195,62.4,1
12.9,6.0,3.0,9.8,68.3,100000,150,15800.0,110,6.4,146.0,708,7,3.2,3.2,1.5,4.3,3.0,0,0,0,0,0,0.158,58.6,1
12.9,6.0,3.0,9.8,68.3,100000,150,12000.0,65,14.5,0.0,290,4,2.8,2.2,1.2,4.9,2.5,1,0,0,0,0,0.12,45.2,0
12.9,6.0,3.0,9.8,68.3,100000,150,11500.0,100,5.8,132.0,391,5,4.2,3.5,2.5,4.3,3.5,0,0,0,0,0,0.115,68.1,1
12.9,6.0,3.0,9.8,68.3,100000,150,16000.0,140,4.3,98.0,391,5,4.2,3.8,2.8,4.7,3.8,0,1,0,0,0,0.16,73.1,1
12.9,6.0,3.0,9.8,68.3,100000,150,13000.0,115,4.8,128.0,384,5,4.0,3.5,2.8,4.2,3.3,0,0,0,0,0,0.13,63.1,1
12.9,6.0,3.0,9.8,68.3,100000,150,35000.0,220,16.1,0.0,440,5,4.5,4.0,3.2,4.5,4.2,1,0,0,0,0,0.35,76.5,2
12.9,6.0,3.0,9.8,68.3,100000,150,17500.0,130,6.4,147.0,422,5,4.0,3.5,2.2,4.0,3.5,0,0,1,0,0,0.175,66.9,1
12.9,6.0,3.0,9.8,68.3,100000,150,28000.0,200,4.6,105.0,500,5,4.3,4.0,3.0,4.3,3.8,0,1,1,0,0,0.28,71.6,1
12.9,6.0,3.0,9.8,68.3,100000,150,14500.0,100,5.9,136.0,309,5,4.2,3.5,2.5,4.2,4.0,0,0,0,0,0,0.145,78.0,2
12.9,6.0,3.0,9.8,68.3,100000,150,16500.0,100,5.8,132.0,309,5,4.2,3.5,2.5,4.2,4.2,0,0,0,0,0,0.165,71.9,1
12.9,6.0,3.0,9.8,68.3,100000,150,28000.0,136,15.2,0.0,265,5,4.2,3.5,3.0,4.5,4.2,1,0,0,0,0,0.28,72.7,1
12.9,6.0,3.0,9.8,68.3,100000,150,22000.0,130,6.1,139.0,412,5,4.3,3.8,3.0,4.0,4.3,0,0,0,0,0,0.22,79.8,2
12.9,6.0,3.0,9.8,68.3,100000,150,24000.0,130,5.2,138.0,520,5,4.3,4.0,2.5,4.2,4.0,0,0,1,0,0,0.24,76.8,2
12.9,6.0,3.0,9.8,68.3,100000,150,35000.0,225,1.4,32.0,520,5,4.5,4.2,3.0,4.5,4.5,0,1,1,0,0,0.35,90.6,2
12.9,6.0,3.0,9.8,68.3,100000,150,30000.0,130,5.5,144.0,780,7,4.2,4.0,2.0,4.0,3.8,0,0,1,0,0,0.3,77.3,2
12.9,6.0,3.0,9.8,68.3,100000,150,12000.0,83,5.8,132.0,300,5,3.5,3.2,1.5,4.5,3.0,0,0,0,0,0,0.12,56.2,1
12.9,6.0,3.0,9.8,68.3,100000,150,18000.0,110,6.2,142.0,410,5,3.5,3.3,1.8,4.2,3.2,0,0,1,0,0,0.18,60.6,1
12.9,6.0,3.0,9.8,68.3,100000,150,22000.0,130,6.0,137.0,380,5,4.0,4.0,2.2,4.0,3.8,0,0,0,0,0,0.22,73.3,1
12.9,6.0,3.0,9.8,68.3,100000,150,26000.0,130,5.5,144.0,580,5,4.2,4.2,2.0,4.0,3.5,0,0,1,0,0,0.26,70.5,1
12.9,6.0,3.0,9.8,68.3,100000,150,14000.0,100,5.8,132.0,309,5,4.0,3.3,2.5,4.3,3.3,0,0,0,0,0,0.14,61.6,1
12.9,6.0,3.0,9.8,68.3,100000,150,27000.0,136,15.2,0.0,267,5,4.0,3.3,2.8,4.5,3.5,1,0,0,0,0,0.27,68.2,1
12.9,6.0,3.0,9.8,68.3,100000,150,23000.0,130,6.1,139.0,422,5,4.2,3.8,3.0,4.0,4.0,0,0,0,0,0,0.23,73.6,1
12.9,6.0,3.0,9.8,68.3,100000,150,22000.0,130,6.5,148.0,350,5,4.0,3.5,2.5,3.8,4.0,0,0,1,0,0,0.22,70.9,1
12.9,6.0,3.0,9.8,68.3,100000,150,10500.0,100,5.9,136.0,292,5,3.8,3.0,3.0,4.3,3.2,0,0,0,0,0,0.105,63.8,1
12.9,6.0,3.0,9.8,68.3,100000,150,15000.0,125,6.0,137.0,375,5,4.2,3.5,3.3,4.0,3.5,0,0,0,0,0,0.15,67.5,1
12.9,6.0,3.0,9.8,68.3,100000,150,20000.0,120,4.7,123.0,575,5,4.2,3.8,2.8,4.5,3.3,0,0,0,0,0,0.2,65.6,1
12.9,6.0,3.0,9.8,68.3,100000,150,22000.0,125,5.4,124.0,456,5,4.3,3.5,2.8,4.3,4.0,0,1,1,0,0,0.22,76.2,2
12.9,6.0,3.0,9.8,68.3,100000,150,25000.0,190,1.4,32.0,475,5,4.3,3.8,2.8,4.5,3.5,0,1,1,0,0,0.25,66.3,1
12.9,6.0,3.0,9.8,68.3,100000,150,48000.0,269,18.1,0.0,402,5,4.5,4.0,4.0,4.0,4.5,1,0,1,0,0,0.48,83.7,2
12.9,6.0,3.0,9.8,68.3,100000,150,13000.0,95,5.7,130.0,351,5,4.2,3.5,2.5,4.3,3.5,0,0,0,0,0,0.13,66.6,1
12.9,6.0,3.0,9.8,68.3,100000,150,18000.0,110,5.6,128.0,351,5,4.3,3.5,2.8,4.3,3.7,0,0,0,0,0,0.18,73.1,1
12.9,6.0,3.0,9.8,68.3,100000,150,18500.0,130,6.0,137.0,381,5,4.5,4.0,3.5,4.0,4.0,0,0,0,0,0,0.185,75.6,2
12.9,6.0,3.0,9.8,68.3,100000,150,28000.0,150,5.8,132.0,381,5,4.5,4.2,3.5,4.0,4.2,0,0,0,0,0,0.28,83.1,2
12.9,6.0,3.0,9.8,68.3,100000,150,38000.0,245,7.4,168.0,381,5,4.5,3.8,4.5,3.2,4.5,0,0,0,0,0,0.38,93.0,2
12.9,6.0,3.0,9.8,68.3,100000,150,48000.0,320,8.0,183.0,381,5,4.5,3.8,4.8,2.8,4.5,0,0,0,0,0,0.48,90.8,2
12.9,6.0,3.0,9.8,68.3,100000,150,28000.0,150,5.5,144.0,615,5,4.5,4.2,2.5,4.0,3.8,0,0,1,0,0,0.28,74.0,1
12.9,6.0,3.0,9.8,68.3,100000,150,38000.0,150,7.0,160.0,615,5,4.5,4.3,2.8,3.8,4.2,0,0,1,0,0,0.38,82.5,2
12.9,6.0,3.0,9.8,68.3,100000,150,20000.0,150,5.0,132.0,650,5,4.5,4.3,3.0,4.3,3.8,0,0,0,0,0,0.2,75.0,2
12.9,6.0,3.0,9.8,68.3,100000,150,40000.0,272,7.2,164.0,690,5,4.8,4.5,3.5,3.5,4.2,0,0,0,0,0,0.4,82.2,2
12.9,6.0,3.0,9.8,68.3,100000,150,35000.0,200,5.5,144.0,563,5,4.5,4.5,3.5,4.0,4.8,0,0,0,0,1,0.35,96.4,2
12.9,6.0,3.0,9.8,68.3,100000,150,32000.0,204,15.8,0.0,385,5,4.3,3.8,3.0,4.5,3.8,1,0,0,0,0,0.32,69.6,1
12.9,6.0,3.0,9.8,68.3,100000,150,38000.0,204,17.0,0.0,543,5,4.5,4.0,2.8,4.3,4.0,1,0,1,0,0,0.38,70.0,1
12.9,6.0,3.0,9.8,68.3,100000,150,14500.0,110,5.5,126.0,380,5,4.0,3.3,2.5,4.5,3.2,0,0,0,0,0,0.145,65.7,1
12.9,6.0,3.0,9.8,68.3,100000,150,18000.0,150,4.8,126.0,640,5,4.5,4.0,3.0,4.5,3.5,0,0,0,0,0,0.18,70.6,1
12.9,6.0,3.0,9.8,68.3,100000,150,25000.0,150,6.2,141.0,640,5,4.5,4.2,3.0,4.2,3.8,0,0,0,0,0,0.25,74.3,1
12.9,6.0,3.0,9.8,68.3,100000,150,35000.0,245,7.1,161.0,640,5,4.5,3.8,4.3,3.2,4.2,0,0,0,0,0,0.35,82.1,2
12.9,6.0,3.0,9.8,68.3,100000,150,30000.0,150,5.0,132.0,660,5,4.5,4.5,2.8,4.3,4.0,0,0,0,0,0,0.3,79.1,2
12.9,6.0,3.0,9.8,68.3,100000,150,32000.0,150,5.8,152.0,720,7,4.5,4.2,2.2,4.0,3.5,0,0,1,0,0,0.32,69.8,1
12.9,6.0,3.0,9.8,68.3,100000,150,20000.0,110,6.0,137.0,400,5,4.2,3.5,2.2,4.2,3.5,0,0,1,0,0,0.2,66.7,1
12.9,6.0,3.0,9.8,68.3,100000,150,13500.0,110,5.6,128.0,355,5,4.0,3.2,2.8,4.3,3.5,0,0,0,0,0,0.135,70.0,1
12.9,6.0,3.0,9.8,68.3,100000,150,20000.0,150,6.0,137.0,380,5,4.3,3.5,3.5,4.0,4.0,0,0,0,0,0,0.2,73.0,1
12.9,6.0,3.0,9.8,68.3,100000,150,35000.0,300,7.5,170.0,380,5,4.3,3.5,4.7,3.0,4.3,0,0,0,0,0,0.35,76.6,2
12.9,6.0,3.0,9.8,68.3,100000,150,25000.0,150,5.6,147.0,510,5,4.3,3.8,2.8,4.2,3.5,0,0,1,0,0,0.25,67.7,1
12.9,6.0,3.0,9.8,68.3,100000,150,15000.0,116,3.8,87.0,286,5,4.5,3.3,2.2,4.8,3.2,0,1,0,0,0,0.15,66.3,1
12.9,6.0,3.0,9.8,68.3,100000,150,22000.0,116,4.4,101.0,320,5,4.5,3.5,2.0,4.7,3.5,0,1,1,0,0,0.22,64.7,1
12.9,6.0,3.0,9.8,68.3,100000,150,22000.0,140,4.5,103.0,361,5,4.5,3.8,3.0,4.7,3.8,0,1,0,0,0,0.22,71.9,1
12.9,6.0,3.0,9.8,68.3,100000,150,30000.0,197,5.0,114.0,433,5,4.8,4.0,2.5,4.5,3.8,0,1,1,0,0,0.3,77.5,2
12.9,6.0,3.0,9.8,68.3,100000,150,32000.0,222,5.6,128.0,580,5,4.8,4.0,2.5,4.3,3.5,0,1,1,0,0,0.32,77.6,2
12.9,6.0,3.0,9.8,68.3,100000,150,35000.0,218,4.9,112.0,493,5,4.8,4.5,2.8,4.5,3.8,0,1,0,0,1,0.35,75.9,2
12.9,6.0,3.0,9.8,68.3,100000,150,28000.0,200,4.8,110.0,310,5,4.5,3.5,3.0,4.5,4.2,0,1,1,0,0,0.28,75.7,2
12.9,6.0,3.0,9.8,68.3,100000,150,55000.0,340,8.5,194.0,290,2,4.0,3.0,4.8,2.5,4.8,0,0,0,1,0,0.55,95.0,2
12.9,6.0,3.0,9.8,68.3,100000,150,28000.0,182,6.5,148.0,404,5,4.5,3.8,3.5,3.8,4.0,0,0,0,0,0,0.28,78.2,2
12.9,6.0,3.0,9.8,68.3,100000,150,27000.0,131,5.4,122.0,319,5,4.3,3.5,2.2,4.5,3.5,0,1,1,0,0,0.27,66.6,1
12.9,6.0,3.0,9.8,68.3,100000,150,38000.0,184,6.0,137.0,587,5,4.5,4.0,2.5,4.2,3.5,0,1,1,0,0,0.38,68.8,1
12.9,6.0,3.0,9.8,68.3,100000,150,35000.0,184,6.2,141.0,380,5,4.5,3.8,3.0,4.0,4.0,0,1,1,0,0,0.35,79.5,2
12.9,6.0,3.0,9.8,68.3,100000,150,13000.0,100,5.8,132.0,351,5,4.0,3.2,2.5,4.3,3.5,0,0,0,0,0,0.13,68.1,1
12.9,6.0,3.0,9.8,68.3,100000,150,19000.0,160,6.5,148.0,395,5,4.3,3.5,3.0,4.0,3.5,0,0,0,0,0,0.19,71.4,1
12.9,6.0,3.0,9.8,68.3,100000,150,35000.0,280,8.0,183.0,395,5,4.0,3.2,4.7,2.8,4.0,0,0,0,0,0,0.35,77.7,2
12.9,6.0,3.0,9.8,68.3,100000,150,28000.0,230,5.5,126.0,546,5,4.5,4.0,2.8,4.3,4.2,0,1,1,0,0,0.28,80.8,2
12.9,6.0,3.0,9.8,68.3,100000,150,24000.0,120,6.2,141.0,466,5,4.3,3.5,2.2,4.0,3.8,0,0,1,0,0,0.24,70.5,1
12.9,6.0,3.0,9.8,68.3,100000,150,35000.0,204,14.7,0.0,466,5,4.3,3.5,3.0,4.5,3.8,1,0,1,0,0,0.35,75.8,2
12.9,6.0,3.0,9.8,68.3,100000,150,42000.0,325,16.8,0.0,527,5,4.8,4.3,3.5,4.3,4.8,1,0,1,0,0,0.42,91.4,2
12.9,6.0,3.0,9.8,68.3,100000,150,45000.0,325,14.3,0.0,401,5,4.8,4.3,3.5,4.5,4.8,1,0,0,0,1,0.45,91.3,2
12.9,6.0,3.0,9.8,68.3,100000,150,10500.0,67,4.8,109.0,255,5,3.2,2.5,1.5,4.8,2.8,0,0,0,0,0,0.105,58.4,1
12.9,6.0,3.0,9.8,68.3,100000,150,19000.0,160,6.5,148.0,395,5,4.2,3.5,3.0,4.0,3.5,0,0,0,0,0,0.19,64.9,1
12.9,6.0,3.0,9.8,68.3,100000,150,30000.0,230,5.5,126.0,543,5,4.5,4.0,2.8,4.3,4.3,0,1,1,0,0,0.3,79.9,2
12.9,6.0,3.0,9.8,68.3,100000,150,45000.0,325,16.5,0.0,490,5,4.8,4.2,4.0,4.3,4.8,1,0,1,0,0,0.45,92.8,2
12.9,6.0,3.0,9.8,68.3,100000,150,40000.0,245,8.5,194.0,406,5,4.2,4.0,4.2,3.0,4.5,0,0,0,0,1,0.4,90.2,2
12.9,6.0,3.0,9.8,68.3,100000,150,22000.0,150,6.5,148.0,358,5,4.3,3.8,3.5,3.8,4.5,0,0,0,0,0,0.22,87.0,2
12.9,6.0,3.0,9.8,68.3,100000,150,28000.0,165,7.1,163.0,506,5,4.3,4.0,3.0,3.5,4.0,0,0,1,0,0,0.28,77.0,2
12.9,6.0,3.0,9.8,68.3,100000,150,24000.0,150,6.5,148.0,430,5,4.3,3.8,3.0,3.8,4.3,0,0,1,0,0,0.24,77.4,2
12.9,6.0,3.0,9.8,68.3,100000,150,30000.0,184,6.8,155.0,130,2,3.5,3.0,4.5,3.5,4.8,0,0,0,1,0,0.3,95.8,2
12.9,6.0,3.0,9.8,68.3,100000,150,10000.0,100,5.4,123.0,300,5,3.8,2.8,2.0,4.5,3.0,0,0,0,0,0,0.1,58.0,1
12.9,6.0,3.0,9.8,68.3,100000,150,27000.0,158,6.5,148.0,504,5,4.3,3.8,2.5,3.8,3.8,0,0,1,0,0,0.27,70.0,1
12.9,6.0,3.0,9.8,68.3,100000,150,28000.0,150,15.5,0.0,435,5,4.0,3.5,2.5,4.5,3.0,1,0,0,0,0,0.28,56.1,1
12.9,6.0,3.0,9.8,68.3,100000,150,42000.0,242,16.5,0.0,468,5,4.5,4.2,3.0,4.2,4.2,1,0,1,0,0,0.42,79.4,2
12.9,6.0,3.0,9.8,68.3,100000,150,22000.0,136,6.5,148.0,380,5,4.3,3.5,3.5,3.5,4.0,0,0,0,0,0,0.22,78.6,2
12.9,6.0,3.0,9.8,68.3,100000,150,32000.0,170,6.8,155.0,380,5,4.5,3.8,3.8,3.3,4.3,0,0,0,0,0,0.32,83.4,2
12.9,6.0,3.0,9.8,68.3,100000,150,28000.0,190,5.2,137.0,480,5,4.5,4.2,4.0,4.0,4.5,0,0,0,0,1,0.28,84.6,2
12.9,6.0,3.0,9.8,68.3,100000,150,42000.0,245,7.0,159.0,480,5,4.8,4.3,4.2,3.5,4.5,0,0,0,0,1,0.42,92.3,2
12.9,6.0,3.0,9.8,68.3,100000,150,40000.0,190,5.5,144.0,530,5,4.8,4.8,3.5,3.8,4.8,0,0,0,0,1,0.4,97.6,2
12.9,6.0,3.0,9.8,68.3,100000,150,55000.0,299,7.5,171.0,520,5,5.0,4.8,4.0,3.3,4.8,0,0,0,0,1,0.55,99.1,2
12.9,6.0,3.0,9.8,68.3,100000,150,32000.0,136,6.8,155.0,540,5,4.5,4.0,3.0,3.5,4.0,0,0,1,0,0,0.32,78.5,2
12.9,6.0,3.0,9.8,68.3,100000,150,40000.0,190,5.8,152.0,550,5,4.8,4.3,3.2,3.8,4.3,0,0,1,0,0,0.4,86.5,2
12.9,6.0,3.0,9.8,68.3,100000,150,58000.0,286,6.8,179.0,650,5,5.0,4.8,3.5,3.2,4.5,0,0,1,0,0,0.58,93.1,2
12.9,6.0,3.0,9.8,68.3,100000,150,52000.0,286,17.5,0.0,510,5,4.8,4.2,3.5,4.0,4.3,1,0,1,0,0,0.52,82.6,2
12.9,6.0,3.0,9.8,68.3,100000,150,48000.0,340,16.1,0.0,470,5,4.8,4.2,4.2,4.0,4.8,1,0,0,0,1,0.48,91.3,2
12.9,6.0,3.0,9.8,68.3,100000,150,72000.0,480,9.0,205.0,480,5,4.5,3.8,5.0,2.2,4.8,0,0,0,0,1,0.72,96.7,2
12.9,6.0,3.0,9.8,68.3,100000,150,78000.0,480,9.2,210.0,440,4,4.5,3.5,5.0,2.0,4.8,0,0,0,1,0,0.78,99.9,2
12.9,6.0,3.0,9.8,68.3,100000,150,90000.0,510,9.5,217.0,440,4,4.5,3.5,5.0,1.8,5.0,0,0,0,1,0,0.9,99.4,2
12.9,6.0,3.0,9.8,68.3,100000,150,24000.0,163,6.5,148.0,370,5,4.3,3.8,3.0,3.5,4.2,0,0,0,0,0,0.24,75.6,2
12.9,6.0,3.0,9.8,68.3,100000,150,30000.0,163,6.3,144.0,370,5,4.5,4.0,3.0,3.5,4.3,0,0,0,0,0,0.3,81.0,2
12.9,6.0,3.0,9.8,68.3,100000,150,38000.0,204,6.8,155.0,455,5,4.8,4.5,3.5,3.5,4.8,0,0,0,0,1,0.38,94.6,2
12.9,6.0,3.0,9.8,68.3,100000,150,45000.0,313,2.0,46.0,455,5,5.0,4.8,3.8,4.2,4.8,0,1,0,0,1,0.45,99.8,2
12.9,6.0,3.0,9.8,68.3,100000,150,45000.0,220,5.5,144.0,540,5,5.0,4.8,3.2,3.8,4.8,0,0,0,0,1,0.45,93.6,2
12.9,6.0,3.0,9.8,68.3,100000,150,58000.0,313,2.0,46.0,540,5,5.0,5.0,3.5,4.0,5.0,0,1,0,0,1,0.58,98.1,2
12.9,6.0,3.0,9.8,68.3,100000,150,32000.0,163,6.8,155.0,435,5,4.5,4.0,2.8,3.5,4.2,0,0,1,0,0,0.32,84.3,2
12.9,6.0,3.0,9.8,68.3,100000,150,45000.0,204,7.2,164.0,600,5,4.8,4.5,3.0,3.3,4.5,0,0,1,0,0,0.45,89.6,2
12.9,6.0,3.0,9.8,68.3,100000,150,60000.0,272,7.0,184.0,630,5,5.0,4.8,3.0,3.0,4.5,0,0,1,0,0,0.6,94.7,2
12.9,6.0,3.0,9.8,68.3,100000,150,42000.0,190,17.0,0.0,340,5,4.5,4.0,2.8,4.2,4.2,1,0,1,0,0,0.42,74.0,1
12.9,6.0,3.0,9.8,68.3,100000,150,55000.0,408,21.3,0.0,500,5,4.8,4.3,3.5,3.5,4.3,1,0,1,0,0,0.55,79.0,2
12.9,6.0,3.0,9.8,68.3,100000,150,62000.0,408,9.0,206.0,455,5,4.8,4.2,4.8,2.5,4.8,0,0,0,0,1,0.62,96.5,2
12.9,6.0,3.0,9.8,68.3,100000,150,85000.0,680,6.9,157.0,350,5,4.8,4.0,5.0,2.5,5.0,0,1,0,0,1,0.85,97.3,2
12.9,6.0,3.0,9.8,68.3,100000,150,18000.0,116,5.8,132.0,335,5,4.0,3.2,2.5,4.0,4.0,0,0,0,0,0,0.18,75.8,2
12.9,6.0,3.0,9.8,68.3,100000,150,28000.0,150,6.2,141.0,380,5,4.5,3.8,3.2,3.8,4.3,0,0,0,0,1,0.28,81.9,2
12.9,6.0,3.0,9.8,68.3,100000,150,30000.0,163,5.2,137.0,460,5,4.5,4.3,3.5,4.0,4.5,0,0,0,0,1,0.3,92.1,2
12.9,6.0,3.0,9.8,68.3,100000,150,42000.0,204,6.8,155.0,460,5,4.8,4.5,3.5,3.5,4.5,0,0,0,0,1,0.42,94.0,2
12.9,6.0,3.0,9.8,68.3,100000,150,42000.0,204,5.5,144.0,530,5,4.8,4.8,3.2,3.8,4.8,0,0,0,0,1,0.42,100.0,2
12.9,6.0,3.0,9.8,68.3,100000,150,30000.0,150,6.8,155.0,530,5,4.5,4.0,2.8,3.5,4.2,0,0,1,0,0,0.3,82.1,2
12.9,6.0,3.0,9.8,68.3,100000,150,42000.0,204,6.0,158.0,520,5,4.8,4.3,3.0,3.5,4.3,0,0,1,0,0,0.42,84.1,2
12.9,6.0,3.0,9.8,68.3,100000,150,55000.0,286,7.2,189.0,705,7,5.0,4.8,3.0,3.0,4.5,0,0,1,0,0,0.55,91.7,2
12.9,6.0,3.0,9.8,68.3,100000,150,85000.0,476,19.6,0.0,405,4,5.0,4.5,4.8,3.5,5.0,1,0,0,0,1,0.85,99.8,2
12.9,6.0,3.0,9.8,68.3,100000,150,82000.0,450,9.8,224.0,465,4,4.5,3.8,4.8,2.0,5.0,0,0,0,1,0,0.82,100.0,2
12.9,6.0,3.0,9.8,68.3,100000,150,85000.0,450,9.8,224.0,465,5,4.5,4.0,4.8,2.0,5.0,0,0,0,0,1,0.85,98.4,2
12.9,6.0,3.0,9.8,68.3,100000,150,55000.0,400,8.5,194.0,321,5,4.5,3.5,4.8,2.5,4.5,0,0,0,0,1,0.55,89.8,2
12.9,6.0,3.0,9.8,68.3,100000,150,32000.0,163,7.0,160.0,452,5,4.8,4.0,2.5,3.5,4.0,0,0,1,0,0,0.32,76.8,2
12.9,6.0,3.0,9.8,68.3,100000,150,42000.0,197,6.2,163.0,483,5,5.0,4.5,2.8,3.5,4.3,0,0,1,0,0,0.42,82.8,2
12.9,6.0,3.0,9.8,68.3,100000,150,58000.0,303,2.4,55.0,640,7,5.0,4.8,2.5,4.0,4.5,0,1,1,0,0,0.58,92.7,2
12.9,6.0,3.0,9.8,68.3,100000,150,48000.0,408,17.8,0.0,413,5,5.0,4.0,3.5,4.0,4.5,1,0,1,0,0,0.48,89.1,2
12.9,6.0,3.0,9.8,68.3,100000,150,35000.0,197,7.0,160.0,442,5,5.0,4.3,3.5,3.5,4.5,0,0,0,0,1,0.35,89.4,2
12.9,6.0,3.0,9.8,68.3,100000,150,40000.0,325,14.0,0.0,561,5,4.8,3.8,4.2,4.5,4.5,1,0,0,0,1,0.4,89.5,2
12.9,6.0,3.0,9.8,68.3,100000,150,45000.0,325,15.0,0.0,854,5,4.8,3.8,3.8,4.3,4.3,1,0,1,0,0,0.45,81.0,2
12.9,6.0,3.0,9.8,68.3,100000,150,85000.0,670,16.8,0.0,793,5,4.8,4.5,4.8,3.8,4.8,1,0,0,0,1,0.85,97.8,2
12.9,6.0,3.0,9.8,68.3,100000,150,95000.0,670,18.5,0.0,935,7,4.8,4.5,4.0,3.5,4.5,1,0,1,0,0,0.95,86.0,2
12.9,6.0,3.0,9.8,68.3,100000,150,12000.0,69,5.2,119.0,185,4,3.5,2.5,1.5,4.5,4.0,0,0,0,0,0,0.12,67.4,1
12.9,6.0,3.0,9.8,68.3,100000,150,14000.0,100,6.2,141.0,520,5,3.5,3.0,2.0,4.2,2.8,0,0,0,0,1,0.14,56.8,1
12.9,6.0,3.0,9.8,68.3,100000,150,25000.0,118,13.0,0.0,185,4,3.8,2.8,2.5,4.5,4.5,1,0,0,0,0,0.25,80.2,2
12.9,6.0,3.0,9.8,68.3,100000,150,25000.0,136,5.8,132.0,211,4,4.0,3.3,3.5,3.5,4.5,0,0,0,0,0,0.25,87.5,2
12.9,6.0,3.0,9.8,68.3,100000,150,32000.0,136,6.8,155.0,450,5,4.2,3.5,3.0,3.2,4.2,0,0,1,0,0,0.32,77.4,2
12.9,6.0,3.0,9.8,68.3,100000,150,35000.0,200,7.2,164.0,480,5,4.3,3.8,4.2,3.0,4.8,0,0,0,0,1,0.35,95.4,2
12.9,6.0,3.0,9.8,68.3,100000,150,38000.0,200,7.5,171.0,525,5,4.3,3.8,3.5,3.0,4.5,0,0,1,0,0,0.38,91.0,2
12.9,6.0,3.0,9.8,68.3,100000,150,75000.0,510,9.5,217.0,480,5,4.0,3.5,5.0,2.0,5.0,0,0,0,0,1,0.75,97.5,2
12.9,6.0,3.0,9.8,68.3,100000,150,24000.0,150,7.0,160.0,345,5,4.5,3.5,3.5,3.5,3.2,0,0,0,0,0,0.24,64.3,1
12.9,6.0,3.0,9.8,68.3,100000,150,32000.0,150,7.5,171.0,520,5,4.8,3.8,2.5,3.3,3.0,0,0,1,0,0,0.32,63.9,1
12.9,6.0,3.0,9.8,68.3,100000,150,28000.0,150,7.2,164.0,385,5,4.5,3.5,3.0,3.3,3.2,0,0,1,0,0,0.28,60.9,1
12.9,6.0,3.0,9.8,68.3,100000,150,12000.0,83,5.2,119.0,265,5,3.5,2.8,2.5,4.8,3.0,0,0,0,0,0,0.12,60.8,1
12.9,6.0,3.0,9.8,68.3,100000,150,20000.0,129,6.5,148.0,375,5,3.8,3.2,2.5,4.0,3.2,0,0,1,0,0,0.2,65.3,1
12.9,6.0,3.0,9.8,68.3,100000,150,20000.0,150,6.5,148.0,393,5,3.8,3.3,2.2,3.8,3.2,0,0,1,0,0,0.2,61.6,1
12.9,6.0,3.0,9.8,68.3,100000,150,40000.0,252,1.8,41.0,469,5,4.5,4.0,2.8,4.5,3.5,0,1,1,0,0,0.4,70.1,1
12.9,6.0,3.0,9.8,68.3,100000,150,22000.0,130,7.0,160.0,351,5,3.5,3.0,2.5,3.5,3.5,0,0,1,0,0,0.22,63.1,1
12.9,6.0,3.0,9.8,68.3,100000,150,28000.0,130,5.8,152.0,438,5,3.8,3.3,2.5,3.8,3.3,0,0,1,0,0,0.28,59.8,1
12.9,6.0,3.0,9.8,68.3,100000,150,55000.0,272,10.0,228.0,548,5,3.5,2.8,3.5,2.5,4.0,0,0,1,0,0,0.55,75.6,2
12.9,6.0,3.0,9.8,68.3,100000,150,38000.0,163,6.2,163.0,602,5,4.3,4.0,2.5,3.2,4.0,0,0,1,0,0,0.38,78.3,2
12.9,6.0,3.0,9.8,68.3,100000,150,42000.0,163,6.5,171.0,591,5,4.3,4.2,2.8,3.0,4.8,0,0,1,0,0,0.42,92.2,2
12.9,6.0,3.0,9.8,68.3,100000,150,80000.0,350,8.0,210.0,780,5,4.8,4.8,3.5,2.5,5.0,0,0,1,0,0,0.8,97.8,2
12.9,6.0,3.0,9.8,68.3,100000,150,58000.0,265,8.8,201.0,488,5,4.8,4.2,4.3,2.5,4.8,0,0,1,0,0,0.58,92.7,2
12.9,6.0,3.0,9.8,68.3,100000,150,72000.0,340,9.5,216.0,745,5,5.0,4.5,4.0,2.2,4.8,0,0,1,0,0,0.72,96.0,2
12.9,6.0,3.0,9.8,68.3,100000,150,110000.0,385,9.0,205.0,132,4,4.5,3.5,5.0,2.0,5.0,0,0,0,1,0,1.1,98.2,2
12.9,6.0,3.0,9.8,68.3,100000,150,90000.0,408,19.5,0.0,366,4,5.0,4.5,4.8,3.5,5.0,1,0,0,0,1,0.9,98.7,2
12.9,6.0,3.0,9.8,68.3,100000,150,95000.0,353,9.5,216.0,495,4,5.0,4.8,4.2,2.5,5.0,0,0,0,0,1,0.95,100.0,2
12.9,6.0,3.0,9.8,68.3,100000,150,70000.0,350,10.0,228.0,500,5,4.2,4.2,4.2,2.0,5.0,0,0,0,0,1,0.7,97.2,2
12.9,6.0,3.0,9.8,68.3,100000,150,78000.0,350,10.5,239.0,580,5,4.2,4.2,3.5,1.8,4.8,0,0,1,0,0,0.78,86.6,2
12.9,6.0,3.0,9.8,68.3,100000,150,48000.0,204,6.8,179.0,619,5,4.5,4.2,3.2,3.2,4.5,0,0,1,0,0,0.48,87.8,2
12.9,6.0,3.0,9.8,68.3,100000,150,65000.0,400,22.0,0.0,505,5,4.8,4.0,4.0,3.2,4.8,1,0,1,0,0,0.65,92.8,2
12.9,6.0,3.0,9.8,68.3,100000,150,75000.0,450,10.0,228.0,310,2,4.0,3.2,4.8,1.8,5.0,0,0,0,1,0,0.75,97.8,2
12.9,6.0,3.0,9.8,68.3,100000,150,32000.0,184,4.8,110.0,320,5,4.8,3.8,2.5,4.5,4.0,0,1,1,0,0,0.32,78.6,2
12.9,6.0,3.0,9.8,68.3,100000,150,42000.0,244,5.8,132.0,520,5,5.0,4.5,2.8,4.2,4.5,0,1,1,0,0,0.42,91.8,2
12.9,6.0,3.0,9.8,68.3,100000,150,55000.0,308,6.0,137.0,612,5,5.0,4.8,3.0,3.8,4.5,0,1,1,0,0,0.55,94.9,2
12.9,6.0,3.0,9.8,68.3,100000,150,42000.0,218,4.8,110.0,454,5,5.0,4.8,2.5,4.5,4.5,0,1,0,0,1,0.42,92.5,2
12.9,6.0,3.0,9.8,68.3,100000,150,95000.0,471,10.0,228.0,197,4,4.5,4.0,4.5,2.0,5.0,0,0,0,1,0,0.95,97.9,2
12.9,6.0,3.0,9.8,68.3,100000,150,35000.0,204,15.5,0.0,385,5,4.3,3.5,3.5,4.2,4.3,1,0,0,0,0,0.35,79.2,2
12.9,6.0,3.0,9.8,68.3,100000,150,35000.0,245,7.5,171.0,420,5,4.3,3.5,4.0,3.0,4.5,0,0,1,0,0,0.35,87.6,2
12.9,6.0,3.0,9.8,68.3,100000,150,38000.0,300,7.5,170.0,380,5,4.3,3.5,4.7,2.8,4.5,0,0,0,0,0,0.38,90.1,2
12.9,6.0,3.0,9.8,68.3,100000,150,62000.0,300,8.0,183.0,150,2,4.0,3.0,4.8,2.5,4.8,0,0,0,1,0,0.62,98.0,2
12.9,6.0,3.0,9.8,68.3,100000,150,48000.0,258,7.5,171.0,281,2,4.0,3.2,4.5,2.8,4.8,0,0,0,1,0,0.48,95.4,2
12.9,6.0,3.0,9.8,68.3,100000,150,110000.0,449,9.0,206.0,550,5,5.0,5.0,3.5,2.5,5.0,0,0,0,0,1,1.1,96.0,2
12.9,6.0,3.0,9.8,68.3,100000,150,100000.0,400,8.5,194.0,540,5,5.0,5.0,3.5,2.5,5.0,0,0,0,0,1,1.0,100.0,2
12.9,6.0,3.0,9.8,68.3,100000,150,90000.0,340,8.0,183.0,505,5,5.0,5.0,3.2,2.8,5.0,0,0,0,0,1,0.9,100.0,2
12.9,6.0,3.0,9.8,68.3,100000,150,38000.0,245,8.0,183.0,330,5,4.5,4.0,4.0,3.0,4.3,0,0,0,0,1,0.38,82.5,2
12.9,6.0,3.0,9.8,68.3,100000,150,42000.0,245,8.5,194.0,542,5,4.8,4.2,3.5,3.0,4.5,0,0,1,0,0,0.42,88.2,2
12.9,6.0,3.0,9.8,68.3,100000,150,42000.0,408,15.5,0.0,405,5,4.8,4.0,4.0,4.2,4.5,1,0,0,0,1,0.42,87.8,2
6.1,11.5,19.1,7.1,56.1,25000,80,6500.0,73,6.4,149.0,510,5,3.0,2.5,1.5,4.8,2.0,0,0,0,0,1,0.26,45.0,0
6.1,11.5,19.1,7.1,56.1,25000,80,9800.0,91,6.0,137.0,528,5,3.4,3.0,1.5,4.7,2.8,0,0,0,0,1,0.392,58.8,1
6.1,11.5,19.1,7.1,56.1,25000,80,7200.0,73,6.2,144.0,328,5,3.2,2.5,1.8,4.6,2.5,0,0,0,0,0,0.288,53.4,0
6.1,11.5,19.1,7.1,56.1,25000,80,13500.0,91,6.1,139.0,328,5,3.4,3.0,2.0,4.5,3.2,0,0,0,0,0,0.54,61.0,1
6.1,11.5,19.1,7.1,56.1,25000,80,14000.0,115,5.7,150.0,445,5,3.0,3.0,2.0,4.2,2.8,0,0,1,0,0,0.56,58.6,1
6.1,11.5,19.1,7.1,56.1,25000,80,19500.0,130,6.8,155.0,445,5,3.5,3.2,2.2,4.0,3.5,0,0,1,0,0,0.78,71.5,1
6.1,11.5,19.1,7.1,56.1,25000,80,15800.0,110,6.4,146.0,708,7,3.2,3.2,1.5,4.3,3.0,0,0,0,0,0,0.632,62.1,1
6.1,11.5,19.1,7.1,56.1,25000,80,12000.0,65,14.5,0.0,290,4,2.8,2.2,1.2,4.9,2.5,1,0,0,0,0,0.48,51.8,0
6.1,11.5,19.1,7.1,56.1,25000,80,11500.0,100,5.8,132.0,391,5,4.2,3.5,2.5,4.3,3.5,0,0,0,0,0,0.46,73.5,1
6.1,11.5,19.1,7.1,56.1,25000,80,16000.0,140,4.3,98.0,391,5,4.2,3.8,2.8,4.7,3.8,0,1,0,0,0,0.64,81.2,2
6.1,11.5,19.1,7.1,56.1,25000,80,13000.0,115,4.8,128.0,384,5,4.0,3.5,2.8,4.2,3.3,0,0,0,0,0,0.52,66.7,1
6.1,11.5,19.1,7.1,56.1,25000,80,17500.0,130,6.4,147.0,422,5,4.0,3.5,2.2,4.0,3.5,0,0,1,0,0,0.7,74.2,1
6.1,11.5,19.1,7.1,56.1,25000,80,14500.0,100,5.9,136.0,309,5,4.2,3.5,2.5,4.2,4.0,0,0,0,0,0,0.58,76.8,2
6.1,11.5,19.1,7.1,56.1,25000,80,16500.0,100,5.8,132.0,309,5,4.2,3.5,2.5,4.2,4.2,0,0,0,0,0,0.66,82.3,2
6.1,11.5,19.1,7.1,56.1,25000,80,22000.0,130,6.1,139.0,412,5,4.3,3.8,3.0,4.0,4.3,0,0,0,0,0,0.88,85.0,2
6.1,11.5,19.1,7.1,56.1,25000,80,24000.0,130,5.2,138.0,520,5,4.3,4.0,2.5,4.2,4.0,0,0,1,0,0,0.96,77.6,2
6.1,11.5,19.1,7.1,56.1,25000,80,12000.0,83,5.8,132.0,300,5,3.5,3.2,1.5,4.5,3.0,0,0,0,0,0,0.48,63.2,1
6.1,11.5,19.1,7.1,56.1,25000,80,18000.0,110,6.2,142.0,410,5,3.5,3.3,1.8,4.2,3.2,0,0,1,0,0,0.72,66.2,1
6.1,11.5,19.1,7.1,56.1,25000,80,22000.0,130,6.0,137.0,380,5,4.0,4.0,2.2,4.0,3.8,0,0,0,0,0,0.88,74.3,1
6.1,11.5,19.1,7.1,56.1,25000,80,26000.0,130,5.5,144.0,580,5,4.2,4.2,2.0,4.0,3.5,0,0,1,0,0,1.04,69.9,1
6.1,11.5,19.1,7.1,56.1,25000,80,14000.0,100,5.8,132.0,309,5,4.0,3.3,2.5,4.3,3.3,0,0,0,0,0,0.56,68.5,1
6.1,11.5,19.1,7.1,56.1,25000,80,27000.0,136,15.2,0.0,267,5,4.0,3.3,2.8,4.5,3.5,1,0,0,0,0,1.08,73.9,1
6.1,11.5,19.1,7.1,56.1,25000,80,23000.0,130,6.1,139.0,422,5,4.2,3.8,3.0,4.0,4.0,0,0,0,0,0,0.92,79.3,2
6.1,11.5,19.1,7.1,56.1,25000,80,22000.0,130,6.5,148.0,350,5,4.0,3.5,2.5,3.8,4.0,0,0,1,0,0,0.88,76.9,2
6.1,11.5,19.1,7.1,56.1,25000,80,10500.0,100,5.9,136.0,292,5,3.8,3.0,3.0,4.3,3.2,0,0,0,0,0,0.42,72.1,1
6.1,11.5,19.1,7.1,56.1,25000,80,15000.0,125,6.0,137.0,375,5,4.2,3.5,3.3,4.0,3.5,0,0,0,0,0,0.6,76.4,2
6.1,11.5,19.1,7.1,56.1,25000,80,20000.0,120,4.7,123.0,575,5,4.2,3.8,2.8,4.5,3.3,0,0,0,0,0,0.8,76.1,2
6.1,11.5,19.1,7.1,56.1,25000,80,22000.0,125,5.4,124.0,456,5,4.3,3.5,2.8,4.3,4.0,0,1,1,0,0,0.88,80.8,2
6.1,11.5,19.1,7.1,56.1,25000,80,25000.0,190,1.4,32.0,475,5,4.3,3.8,2.8,4.5,3.5,0,1,1,0,0,1.0,74.2,1
6.1,11.5,19.1,7.1,56.1,25000,80,13000.0,95,5.7,130.0,351,5,4.2,3.5,2.5,4.3,3.5,0,0,0,0,0,0.52,73.1,1
6.1,11.5,19.1,7.1,56.1,25000,80,18000.0,110,5.6,128.0,351,5,4.3,3.5,2.8,4.3,3.7,0,0,0,0,0,0.72,80.2,2
6.1,11.5,19.1,7.1,56.1,25000,80,18500.0,130,6.0,137.0,381,5,4.5,4.0,3.5,4.0,4.0,0,0,0,0,0,0.74,85.8,2
6.1,11.5,19.1,7.1,56.1,25000,80,20000.0,150,5.0,132.0,650,5,4.5,4.3,3.0,4.3,3.8,0,0,0,0,0,0.8,82.8,2
6.1,11.5,19.1,7.1,56.1,25000,80,14500.0,110,5.5,126.0,380,5,4.0,3.3,2.5,4.5,3.2,0,0,0,0,0,0.58,66.7,1
6.1,11.5,19.1,7.1,56.1,25000,80,18000.0,150,4.8,126.0,640,5,4.5,4.0,3.0,4.5,3.5,0,0,0,0,0,0.72,76.5,2
6.1,11.5,19.1,7.1,56.1,25000,80,25000.0,150,6.2,141.0,640,5,4.5,4.2,3.0,4.2,3.8,0,0,0,0,0,1.0,78.5,2
6.1,11.5,19.1,7.1,56.1,25000,80,20000.0,110,6.0,137.0,400,5,4.2,3.5,2.2,4.2,3.5,0,0,1,0,0,0.8,75.5,2
6.1,11.5,19.1,7.1,56.1,25000,80,13500.0,110,5.6,128.0,355,5,4.0,3.2,2.8,4.3,3.5,0,0,0,0,0,0.54,70.6,1
6.1,11.5,19.1,7.1,56.1,25000,80,20000.0,150,6.0,137.0,380,5,4.3,3.5,3.5,4.0,4.0,0,0,0,0,0,0.8,84.4,2
6.1,11.5,19.1,7.1,56.1,25000,80,25000.0,150,5.6,147.0,510,5,4.3,3.8,2.8,4.2,3.5,0,0,1,0,0,1.0,75.6,2
6.1,11.5,19.1,7.1,56.1,25000,80,15000.0,116,3.8,87.0,286,5,4.5,3.3,2.2,4.8,3.2,0,1,0,0,0,0.6,70.2,1
6.1,11.5,19.1,7.1,56.1,25000,80,22000.0,116,4.4,101.0,320,5,4.5,3.5,2.0,4.7,3.5,0,1,1,0,0,0.88,73.3,1
6.1,11.5,19.1,7.1,56.1,25000,80,22000.0,140,4.5,103.0,361,5,4.5,3.8,3.0,4.7,3.8,0,1,0,0,0,0.88,80.8,2
6.1,11.5,19.1,7.1,56.1,25000,80,27000.0,131,5.4,122.0,319,5,4.3,3.5,2.2,4.5,3.5,0,1,1,0,0,1.08,72.0,1
6.1,11.5,19.1,7.1,56.1,25000,80,13000.0,100,5.8,132.0,351,5,4.0,3.2,2.5,4.3,3.5,0,0,0,0,0,0.52,69.3,1
6.1,11.5,19.1,7.1,56.1,25000,80,19000.0,160,6.5,148.0,395,5,4.3,3.5,3.0,4.0,3.5,0,0,0,0,0,0.76,78.3,2
6.1,11.5,19.1,7.1,56.1,25000,80,24000.0,120,6.2,141.0,466,5,4.3,3.5,2.2,4.0,3.8,0,0,1,0,0,0.96,74.9,1
6.1,11.5,19.1,7.1,56.1,25000,80,10500.0,67,4.8,109.0,255,5,3.2,2.5,1.5,4.8,2.8,0,0,0,0,0,0.42,57.0,1
6.1,11.5,19.1,7.1,56.1,25000,80,19000.0,160,6.5,148.0,395,5,4.2,3.5,3.0,4.0,3.5,0,0,0,0,0,0.76,72.3,1
6.1,11.5,19.1,7.1,56.1,25000,80,22000.0,150,6.5,148.0,358,5,4.3,3.8,3.5,3.8,4.5,0,0,0,0,0,0.88,90.4,2
6.1,11.5,19.1,7.1,56.1,25000,80,24000.0,150,6.5,148.0,430,5,4.3,3.8,3.0,3.8,4.3,0,0,1,0,0,0.96,82.2,2
6.1,11.5,19.1,7.1,56.1,25000,80,10000.0,100,5.4,123.0,300,5,3.8,2.8,2.0,4.5,3.0,0,0,0,0,0,0.4,58.3,1
6.1,11.5,19.1,7.1,56.1,25000,80,27000.0,158,6.5,148.0,504,5,4.3,3.8,2.5,3.8,3.8,0,0,1,0,0,1.08,76.9,2
6.1,11.5,19.1,7.1,56.1,25000,80,22000.0,136,6.5,148.0,380,5,4.3,3.5,3.5,3.5,4.0,0,0,0,0,0,0.88,81.3,2
6.1,11.5,19.1,7.1,56.1,25000,80,24000.0,163,6.5,148.0,370,5,4.3,3.8,3.0,3.5,4.2,0,0,0,0,0,0.96,86.5,2
6.1,11.5,19.1,7.1,56.1,25000,80,18000.0,116,5.8,132.0,335,5,4.0,3.2,2.5,4.0,4.0,0,0,0,0,0,0.72,83.1,2
6.1,11.5,19.1,7.1,56.1,25000,80,12000.0,69,5.2,119.0,185,4,3.5,2.5,1.5,4.5,4.0,0,0,0,0,0,0.48,70.8,1
6.1,11.5,19.1,7.1,56.1,25000,80,14000.0,100,6.2,141.0,520,5,3.5,3.0,2.0,4.2,2.8,0,0,0,0,1,0.56,58.8,1
6.1,11.5,19.1,7.1,56.1,25000,80,25000.0,118,13.0,0.0,185,4,3.8,2.8,2.5,4.5,4.5,1,0,0,0,0,1.0,87.6,2
6.1,11.5,19.1,7.1,56.1,25000,80,25000.0,136,5.8,132.0,211,4,4.0,3.3,3.5,3.5,4.5,0,0,0,0,0,1.0,91.2,2
6.1,11.5,19.1,7.1,56.1,25000,80,24000.0,150,7.0,160.0,345,5,4.5,3.5,3.5,3.5,3.2,0,0,0,0,0,0.96,67.1,1
6.1,11.5,19.1,7.1,56.1,25000,80,12000.0,83,5.2,119.0,265,5,3.5,2.8,2.5,4.8,3.0,0,0,0,0,0,0.48,59.4,1
6.1,11.5,19.1,7.1,56.1,25000,80,20000.0,129,6.5,148.0,375,5,3.8,3.2,2.5,4.0,3.2,0,0,1,0,0,0.8,67.5,1
6.1,11.5,19.1,7.1,56.1,25000,80,20000.0,150,6.5,148.0,393,5,3.8,3.3,2.2,3.8,3.2,0,0,1,0,0,0.8,69.1,1
6.1,11.5,19.1,7.1,56.1,25000,80,22000.0,130,7.0,160.0,351,5,3.5,3.0,2.5,3.5,3.5,0,0,1,0,0,0.88,71.0,1
66.3,5.9,13.9,7.2,6.8,15000,50,6500.0,73,6.4,149.0,510,5,3.0,2.5,1.5,4.8,2.0,0,0,0,0,1,0.433,61.0,1
66.3,5.9,13.9,7.2,6.8,15000,50,9800.0,91,6.0,137.0,528,5,3.4,3.0,1.5,4.7,2.8,0,0,0,0,1,0.653,67.3,1
66.3,5.9,13.9,7.2,6.8,15000,50,7200.0,73,6.2,144.0,328,5,3.2,2.5,1.8,4.6,2.5,0,0,0,0,0,0.48,53.6,0
66.3,5.9,13.9,7.2,6.8,15000,50,13500.0,91,6.1,139.0,328,5,3.4,3.0,2.0,4.5,3.2,0,0,0,0,0,0.9,65.6,1
66.3,5.9,13.9,7.2,6.8,15000,50,14000.0,115,5.7,150.0,445,5,3.0,3.0,2.0,4.2,2.8,0,0,1,0,0,0.933,65.6,1
66.3,5.9,13.9,7.2,6.8,15000,50,15800.0,110,6.4,146.0,708,7,3.2,3.2,1.5,4.3,3.0,0,0,0,0,0,1.053,71.2,1
66.3,5.9,13.9,7.2,6.8,15000,50,12000.0,65,14.5,0.0,290,4,2.8,2.2,1.2,4.9,2.5,1,0,0,0,0,0.8,48.5,0
66.3,5.9,13.9,7.2,6.8,15000,50,11500.0,100,5.8,132.0,391,5,4.2,3.5,2.5,4.3,3.5,0,0,0,0,0,0.767,75.0,2
66.3,5.9,13.9,7.2,6.8,15000,50,16000.0,140,4.3,98.0,391,5,4.2,3.8,2.8,4.7,3.8,0,1,0,0,0,1.067,77.3,2
66.3,5.9,13.9,7.2,6.8,15000,50,13000.0,115,4.8,128.0,384,5,4.0,3.5,2.8,4.2,3.3,0,0,0,0,0,0.867,73.9,1
66.3,5.9,13.9,7.2,6.8,15000,50,14500.0,100,5.9,136.0,309,5,4.2,3.5,2.5,4.2,4.0,0,0,0,0,0,0.967,73.8,1
66.3,5.9,13.9,7.2,6.8,15000,50,16500.0,100,5.8,132.0,309,5,4.2,3.5,2.5,4.2,4.2,0,0,0,0,0,1.1,70.0,1
66.3,5.9,13.9,7.2,6.8,15000,50,12000.0,83,5.8,132.0,300,5,3.5,3.2,1.5,4.5,3.0,0,0,0,0,0,0.8,66.7,1
66.3,5.9,13.9,7.2,6.8,15000,50,14000.0,100,5.8,132.0,309,5,4.0,3.3,2.5,4.3,3.3,0,0,0,0,0,0.933,69.5,1
66.3,5.9,13.9,7.2,6.8,15000,50,10500.0,100,5.9,136.0,292,5,3.8,3.0,3.0,4.3,3.2,0,0,0,0,0,0.7,68.8,1
66.3,5.9,13.9,7.2,6.8,15000,50,15000.0,125,6.0,137.0,375,5,4.2,3.5,3.3,4.0,3.5,0,0,0,0,0,1.0,72.8,1
66.3,5.9,13.9,7.2,6.8,15000,50,13000.0,95,5.7,130.0,351,5,4.2,3.5,2.5,4.3,3.5,0,0,0,0,0,0.867,74.4,1
66.3,5.9,13.9,7.2,6.8,15000,50,14500.0,110,5.5,126.0,380,5,4.0,3.3,2.5,4.5,3.2,0,0,0,0,0,0.967,68.4,1
66.3,5.9,13.9,7.2,6.8,15000,50,13500.0,110,5.6,128.0,355,5,4.0,3.2,2.8,4.3,3.5,0,0,0,0,0,0.9,72.3,1
66.3,5.9,13.9,7.2,6.8,15000,50,15000.0,116,3.8,87.0,286,5,4.5,3.3,2.2,4.8,3.2,0,1,0,0,0,1.0,70.2,1
66.3,5.9,13.9,7.2,6.8,15000,50,13000.0,100,5.8,132.0,351,5,4.0,3.2,2.5,4.3,3.5,0,0,0,0,0,0.867,68.4,1
66.3,5.9,13.9,7.2,6.8,15000,50,10500.0,67,4.8,109.0,255,5,3.2,2.5,1.5,4.8,2.8,0,0,0,0,0,0.7,55.1,1
66.3,5.9,13.9,7.2,6.8,15000,50,10000.0,100,5.4,123.0,300,5,3.8,2.8,2.0,4.5,3.0,0,0,0,0,0,0.667,60.6,1
66.3,5.9,13.9,7.2,6.8,15000,50,12000.0,69,5.2,119.0,185,4,3.5,2.5,1.5,4.5,4.0,0,0,0,0,0,0.8,62.5,1
66.3,5.9,13.9,7.2,6.8,15000,50,14000.0,100,6.2,141.0,520,5,3.5,3.0,2.0,4.2,2.8,0,0,0,0,1,0.933,69.3,1
66.3,5.9,13.9,7.2,6.8,15000,50,12000.0,83,5.2,119.0,265,5,3.5,2.8,2.5,4.8,3.0,0,0,0,0,0,0.8,63.6,1
1.8,45.7,34.0,2.6,15.9,25000,150,6500.0,73,6.4,149.0,510,5,3.0,2.5,1.5,4.8,2.0,0,0,0,0,1,0.26,40.0,0
1.8,45.7,34.0,2.6,15.9,25000,150,9800.0,91,6.0,137.0,528,5,3.4,3.0,1.5,4.7,2.8,0,0,0,0,1,0.392,51.0,0
1.8,45.7,34.0,2.6,15.9,25000,150,7200.0,73,6.2,144.0,328,5,3.2,2.5,1.8,4.6,2.5,0,0,0,0,0,0.288,48.7,0
1.8,45.7,34.0,2.6,15.9,25000,150,13500.0,91,6.1,139.0,328,5,3.4,3.0,2.0,4.5,3.2,0,0,0,0,0,0.54,55.4,1
1.8,45.7,34.0,2.6,15.9,25000,150,14000.0,115,5.7,150.0,445,5,3.0,3.0,2.0,4.2,2.8,0,0,1,0,0,0.56,53.2,0
1.8,45.7,34.0,2.6,15.9,25000,150,19500.0,130,6.8,155.0,445,5,3.5,3.2,2.2,4.0,3.5,0,0,1,0,0,0.78,64.7,1
1.8,45.7,34.0,2.6,15.9,25000,150,15800.0,110,6.4,146.0,708,7,3.2,3.2,1.5,4.3,3.0,0,0,0,0,0,0.632,53.6,0
1.8,45.7,34.0,2.6,15.9,25000,150,12000.0,65,14.5,0.0,290,4,2.8,2.2,1.2,4.9,2.5,1,0,0,0,0,0.48,36.4,0
1.8,45.7,34.0,2.6,15.9,25000,150,11500.0,100,5.8,132.0,391,5,4.2,3.5,2.5,4.3,3.5,0,0,0,0,0,0.46,65.0,1
1.8,45.7,34.0,2.6,15.9,25000,150,16000.0,140,4.3,98.0,391,5,4.2,3.8,2.8,4.7,3.8,0,1,0,0,0,0.64,74.3,1
1.8,45.7,34.0,2.6,15.9,25000,150,13000.0,115,4.8,128.0,384,5,4.0,3.5,2.8,4.2,3.3,0,0,0,0,0,0.52,63.0,1
1.8,45.7,34.0,2.6,15.9,25000,150,17500.0,130,6.4,147.0,422,5,4.0,3.5,2.2,4.0,3.5,0,0,1,0,0,0.7,68.6,1
1.8,45.7,34.0,2.6,15.9,25000,150,14500.0,100,5.9,136.0,309,5,4.2,3.5,2.5,4.2,4.0,0,0,0,0,0,0.58,66.2,1
1.8,45.7,34.0,2.6,15.9,25000,150,16500.0,100,5.8,132.0,309,5,4.2,3.5,2.5,4.2,4.2,0,0,0,0,0,0.66,70.7,1
1.8,45.7,34.0,2.6,15.9,25000,150,22000.0,130,6.1,139.0,412,5,4.3,3.8,3.0,4.0,4.3,0,0,0,0,0,0.88,78.6,2
1.8,45.7,34.0,2.6,15.9,25000,150,24000.0,130,5.2,138.0,520,5,4.3,4.0,2.5,4.2,4.0,0,0,1,0,0,0.96,69.6,1
1.8,45.7,34.0,2.6,15.9,25000,150,12000.0,83,5.8,132.0,300,5,3.5,3.2,1.5,4.5,3.0,0,0,0,0,0,0.48,51.8,0
1.8,45.7,34.0,2.6,15.9,25000,150,18000.0,110,6.2,142.0,410,5,3.5,3.3,1.8,4.2,3.2,0,0,1,0,0,0.72,61.1,1
1.8,45.7,34.0,2.6,15.9,25000,150,22000.0,130,6.0,137.0,380,5,4.0,4.0,2.2,4.0,3.8,0,0,0,0,0,0.88,66.1,1
1.8,45.7,34.0,2.6,15.9,25000,150,26000.0,130,5.5,144.0,580,5,4.2,4.2,2.0,4.0,3.5,0,0,1,0,0,1.04,64.2,1
1.8,45.7,34.0,2.6,15.9,25000,150,14000.0,100,5.8,132.0,309,5,4.0,3.3,2.5,4.3,3.3,0,0,0,0,0,0.56,63.7,1
1.8,45.7,34.0,2.6,15.9,25000,150,27000.0,136,15.2,0.0,267,5,4.0,3.3,2.8,4.5,3.5,1,0,0,0,0,1.08,62.7,1
1.8,45.7,34.0,2.6,15.9,25000,150,23000.0,130,6.1,139.0,422,5,4.2,3.8,3.0,4.0,4.0,0,0,0,0,0,0.92,69.9,1
1.8,45.7,34.0,2.6,15.9,25000,150,22000.0,130,6.5,148.0,350,5,4.0,3.5,2.5,3.8,4.0,0,0,1,0,0,0.88,70.4,1
1.8,45.7,34.0,2.6,15.9,25000,150,10500.0,100,5.9,136.0,292,5,3.8,3.0,3.0,4.3,3.2,0,0,0,0,0,0.42,64.2,1
1.8,45.7,34.0,2.6,15.9,25000,150,15000.0,125,6.0,137.0,375,5,4.2,3.5,3.3,4.0,3.5,0,0,0,0,0,0.6,74.4,1
1.8,45.7,34.0,2.6,15.9,25000,150,20000.0,120,4.7,123.0,575,5,4.2,3.8,2.8,4.5,3.3,0,0,0,0,0,0.8,67.3,1
1.8,45.7,34.0,2.6,15.9,25000,150,22000.0,125,5.4,124.0,456,5,4.3,3.5,2.8,4.3,4.0,0,1,1,0,0,0.88,76.6,2
1.8,45.7,34.0,2.6,15.9,25000,150,25000.0,190,1.4,32.0,475,5,4.3,3.8,2.8,4.5,3.5,0,1,1,0,0,1.0,75.1,2
1.8,45.7,34.0,2.6,15.9,25000,150,13000.0,95,5.7,130.0,351,5,4.2,3.5,2.5,4.3,3.5,0,0,0,0,0,0.52,65.1,1
1.8,45.7,34.0,2.6,15.9,25000,150,18000.0,110,5.6,128.0,351,5,4.3,3.5,2.8,4.3,3.7,0,0,0,0,0,0.72,75.0,2
1.8,45.7,34.0,2.6,15.9,25000,150,18500.0,130,6.0,137.0,381,5,4.5,4.0,3.5,4.0,4.0,0,0,0,0,0,0.74,89.1,2
1.8,45.7,34.0,2.6,15.9,25000,150,20000.0,150,5.0,132.0,650,5,4.5,4.3,3.0,4.3,3.8,0,0,0,0,0,0.8,79.5,2
1.8,45.7,34.0,2.6,15.9,25000,150,14500.0,110,5.5,126.0,380,5,4.0,3.3,2.5,4.5,3.2,0,0,0,0,0,0.58,61.8,1
1.8,45.7,34.0,2.6,15.9,25000,150,18000.0,150,4.8,126.0,640,5,4.5,4.0,3.0,4.5,3.5,0,0,0,0,0,0.72,82.9,2
1.8,45.7,34.0,2.6,15.9,25000,150,25000.0,150,6.2,141.0,640,5,4.5,4.2,3.0,4.2,3.8,0,0,0,0,0,1.0,78.6,2
1.8,45.7,34.0,2.6,15.9,25000,150,20000.0,110,6.0,137.0,400,5,4.2,3.5,2.2,4.2,3.5,0,0,1,0,0,0.8,65.7,1
1.8,45.7,34.0,2.6,15.9,25000,150,13500.0,110,5.6,128.0,355,5,4.0,3.2,2.8,4.3,3.5,0,0,0,0,0,0.54,66.0,1
1.8,45.7,34.0,2.6,15.9,25000,150,20000.0,150,6.0,137.0,380,5,4.3,3.5,3.5,4.0,4.0,0,0,0,0,0,0.8,81.1,2
1.8,45.7,34.0,2.6,15.9,25000,150,25000.0,150,5.6,147.0,510,5,4.3,3.8,2.8,4.2,3.5,0,0,1,0,0,1.0,69.9,1
1.8,45.7,34.0,2.6,15.9,25000,150,15000.0,116,3.8,87.0,286,5,4.5,3.3,2.2,4.8,3.2,0,1,0,0,0,0.6,67.0,1
1.8,45.7,34.0,2.6,15.9,25000,150,22000.0,116,4.4,101.0,320,5,4.5,3.5,2.0,4.7,3.5,0,1,1,0,0,0.88,73.1,1
1.8,45.7,34.0,2.6,15.9,25000,150,22000.0,140,4.5,103.0,361,5,4.5,3.8,3.0,4.7,3.8,0,1,0,0,0,0.88,81.4,2
1.8,45.7,34.0,2.6,15.9,25000,150,27000.0,131,5.4,122.0,319,5,4.3,3.5,2.2,4.5,3.5,0,1,1,0,0,1.08,66.1,1
1.8,45.7,34.0,2.6,15.9,25000,150,13000.0,100,5.8,132.0,351,5,4.0,3.2,2.5,4.3,3.5,0,0,0,0,0,0.52,67.1,1
1.8,45.7,34.0,2.6,15.9,25000,150,19000.0,160,6.5,148.0,395,5,4.3,3.5,3.0,4.0,3.5,0,0,0,0,0,0.76,74.2,1
1.8,45.7,34.0,2.6,15.9,25000,150,24000.0,120,6.2,141.0,466,5,4.3,3.5,2.2,4.0,3.8,0,0,1,0,0,0.96,67.3,1
1.8,45.7,34.0,2.6,15.9,25000,150,10500.0,67,4.8,109.0,255,5,3.2,2.5,1.5,4.8,2.8,0,0,0,0,0,0.42,49.9,0
1.8,45.7,34.0,2.6,15.9,25000,150,19000.0,160,6.5,148.0,395,5,4.2,3.5,3.0,4.0,3.5,0,0,0,0,0,0.76,73.5,1
1.8,45.7,34.0,2.6,15.9,25000,150,22000.0,150,6.5,148.0,358,5,4.3,3.8,3.5,3.8,4.5,0,0,0,0,0,0.88,86.2,2
1.8,45.7,34.0,2.6,15.9,25000,150,24000.0,150,6.5,148.0,430,5,4.3,3.8,3.0,3.8,4.3,0,0,1,0,0,0.96,73.2,1
1.8,45.7,34.0,2.6,15.9,25000,150,10000.0,100,5.4,123.0,300,5,3.8,2.8,2.0,4.5,3.0,0,0,0,0,0,0.4,55.1,1
1.8,45.7,34.0,2.6,15.9,25000,150,27000.0,158,6.5,148.0,504,5,4.3,3.8,2.5,3.8,3.8,0,0,1,0,0,1.08,70.7,1
1.8,45.7,34.0,2.6,15.9,25000,150,22000.0,136,6.5,148.0,380,5,4.3,3.5,3.5,3.5,4.0,0,0,0,0,0,0.88,82.5,2
1.8,45.7,34.0,2.6,15.9,25000,150,24000.0,163,6.5,148.0,370,5,4.3,3.8,3.0,3.5,4.2,0,0,0,0,0,0.96,72.8,1
1.8,45.7,34.0,2.6,15.9,25000,150,18000.0,116,5.8,132.0,335,5,4.0,3.2,2.5,4.0,4.0,0,0,0,0,0,0.72,67.0,1
1.8,45.7,34.0,2.6,15.9,25000,150,12000.0,69,5.2,119.0,185,4,3.5,2.5,1.5,4.5,4.0,0,0,0,0,0,0.48,57.0,1
1.8,45.7,34.0,2.6,15.9,25000,150,14000.0,100,6.2,141.0,520,5,3.5,3.0,2.0,4.2,2.8,0,0,0,0,1,0.56,52.7,0
1.8,45.7,34.0,2.6,15.9,25000,150,25000.0,118,13.0,0.0,185,4,3.8,2.8,2.5,4.5,4.5,1,0,0,0,0,1.0,62.0,1
1.8,45.7,34.0,2.6,15.9,25000,150,25000.0,136,5.8,132.0,211,4,4.0,3.3,3.5,3.5,4.5,0,0,0,0,0,1.0,79.1,2
1.8,45.7,34.0,2.6,15.9,25000,150,24000.0,150,7.0,160.0,345,5,4.5,3.5,3.5,3.5,3.2,0,0,0,0,0,0.96,80.0,2
1.8,45.7,34.0,2.6,15.9,25000,150,12000.0,83,5.2,119.0,265,5,3.5,2.8,2.5,4.8,3.0,0,0,0,0,0,0.48,58.4,1
1.8,45.7,34.0,2.6,15.9,25000,150,20000.0,129,6.5,148.0,375,5,3.8,3.2,2.5,4.0,3.2,0,0,1,0,0,0.8,66.0,1
1.8,45.7,34.0,2.6,15.9,25000,150,20000.0,150,6.5,148.0,393,5,3.8,3.3,2.2,3.8,3.2,0,0,1,0,0,0.8,66.1,1
1.8,45.7,34.0,2.6,15.9,25000,150,22000.0,130,7.0,160.0,351,5,3.5,3.0,2.5,3.5,3.5,0,0,1,0,0,0.88,67.8,1
